product_name,ingredients_text,nova_group,health_score,allergens,additives,calories,protein_g,carbs_g,fat_g,sugar_g,sodium_mg,fiber_g,nutrition_density,food_group,source_dataset
Cream Cheese,"cream cheese, pasteurized milk, cheese cultures, salt, enzymes",3,57.0,Milk/Dairy,,51.0,0.9,0.8,5.0,0.5,16.0,0.0,7.1,Group 1,FOOD-DATA-GROUP1.csv
Neufchatel Cheese,"neufchatel cheese, pasteurized milk, cheese cultures, salt, enzymes",3,67.1,Milk/Dairy,,215.0,7.8,3.1,19.4,2.7,300.0,0.0,130.1,Group 1,FOOD-DATA-GROUP1.csv
Requeijao Cremoso Light Catupiry,requeijao cremoso light catupiry,1,75.2,,,49.0,0.8,0.9,3.6,3.4,0.0,0.1,5.4,Group 1,FOOD-DATA-GROUP1.csv
Ricotta Cheese,"ricotta cheese, pasteurized milk, cheese cultures, salt, enzymes",3,57.0,Milk/Dairy,,30.0,1.5,1.5,2.0,0.1,17.0,0.0,5.2,Group 1,FOOD-DATA-GROUP1.csv
Cream Cheese Low Fat,"cream cheese low fat, pasteurized milk, cheese cultures, salt, enzymes",3,62.0,Milk/Dairy,,30.0,1.2,1.2,2.3,0.9,46.0,0.0,27.0,Group 1,FOOD-DATA-GROUP1.csv
Cream Cheese Fat Free,"cream cheese fat free, pasteurized milk, cheese cultures, salt, enzymes",3,62.9,Milk/Dairy,,19.0,2.8,1.4,0.2,1.0,100.0,0.0,67.7,Group 1,FOOD-DATA-GROUP1.csv
Gruyere Cheese,"gruyere cheese, pasteurized milk, cheese cultures, salt, enzymes",3,75.3,Milk/Dairy,,116.0,8.3,0.1,9.1,0.1,200.0,0.0,300.7,Group 1,FOOD-DATA-GROUP1.csv
Cheddar Cheese,"cheddar cheese, pasteurized milk, cheese cultures, salt, enzymes",3,70.8,Milk/Dairy,,113.0,6.4,0.9,9.3,0.1,200.0,0.0,215.5,Group 1,FOOD-DATA-GROUP1.csv
Parmesan Cheese,"parmesan cheese, pasteurized milk, cheese cultures, salt, enzymes",3,71.3,Milk/Dairy,,71.0,6.4,0.6,4.5,0.0,200.0,0.0,224.8,Group 1,FOOD-DATA-GROUP1.csv
Romano Cheese,"romano cheese, pasteurized milk, cheese cultures, salt, enzymes",3,62.3,Milk/Dairy,,19.0,1.6,0.2,1.3,0.1,8.0,0.0,56.4,Group 1,FOOD-DATA-GROUP1.csv
Parmesan Cheese Grated,"parmesan cheese grated, pasteurized milk, cheese cultures, salt, enzymes",3,57.0,Milk/Dairy,,21.0,1.4,0.7,1.4,0.1,43.0,0.0,3.7,Group 1,FOOD-DATA-GROUP1.csv
Port Salut Cheese,"port salut cheese, pasteurized milk, cheese cultures, salt, enzymes, high protein",3,79.5,Milk/Dairy,,465.0,31.4,0.8,37.2,0.8,700.0,0.0,928.4,Group 1,FOOD-DATA-GROUP1.csv
Swiss Cheese,"swiss cheese, pasteurized milk, cheese cultures, salt, enzymes",3,72.0,Milk/Dairy,,98.0,6.7,0.4,7.7,0.0,57.0,0.0,237.4,Group 1,FOOD-DATA-GROUP1.csv
Goat Cheese Hard,"goat cheese hard, pasteurized milk, cheese cultures, salt, enzymes",3,74.6,Milk/Dairy,,128.0,8.6,0.6,10.1,0.6,76.0,0.0,273.2,Group 1,FOOD-DATA-GROUP1.csv
Gouda Cheese,"gouda cheese, pasteurized milk, cheese cultures, salt, enzymes",3,70.9,Milk/Dairy,,100.0,7.0,0.6,7.7,0.6,200.0,0.0,211.4,Group 1,FOOD-DATA-GROUP1.csv
Pepper Jack Cheese Lucerne,"pepper jack cheese lucerne, pasteurized milk, cheese cultures, salt, enzymes",3,68.2,Milk/Dairy,,75.0,5.0,0.0,6.0,0.0,0.0,2.5,13.5,Group 1,FOOD-DATA-GROUP1.csv
Caraway Cheese,"caraway cheese, pasteurized milk, cheese cultures, salt, enzymes",3,70.7,Milk/Dairy,,106.0,7.1,0.9,8.3,0.0,200.0,0.0,207.1,Group 1,FOOD-DATA-GROUP1.csv
Gjetost Cheese,"gjetost cheese, pasteurized milk, cheese cultures, salt, enzymes, high protein",3,54.6,Milk/Dairy,,1058.0,21.9,96.8,67.0,0.0,1400.0,0.0,1095.7,Group 1,FOOD-DATA-GROUP1.csv
Tilsit Cheese,"tilsit cheese, pasteurized milk, cheese cultures, salt, enzymes",3,75.9,Milk/Dairy,,136.0,9.8,0.8,10.4,0.0,300.0,0.0,301.1,Group 1,FOOD-DATA-GROUP1.csv
Goat Cheese,"goat cheese, pasteurized milk, cheese cultures, salt, enzymes",3,64.9,Milk/Dairy,,103.0,6.1,0.0,8.4,0.0,100.0,0.0,99.5,Group 1,FOOD-DATA-GROUP1.csv
Brick Cheese,"brick cheese, pasteurized milk, cheese cultures, salt, enzymes",3,71.3,Milk/Dairy,,111.0,7.0,0.8,8.9,0.2,200.0,0.0,219.0,Group 1,FOOD-DATA-GROUP1.csv
Asadero Cheese,"asadero cheese, pasteurized milk, cheese cultures, salt, enzymes, high protein",3,77.7,Milk/Dairy,,402.0,25.5,3.2,31.9,3.2,700.0,0.0,808.2,Group 1,FOOD-DATA-GROUP1.csv
Camembert Cheese,"camembert cheese, pasteurized milk, cheese cultures, salt, enzymes",3,66.4,Milk/Dairy,,90.0,5.9,0.1,7.3,0.1,300.0,0.0,129.8,Group 1,FOOD-DATA-GROUP1.csv
Provolone Cheese Reduced Fat,"provolone cheese reduced fat, pasteurized milk, cheese cultures, salt, enzymes, high protein",3,74.2,Milk/Dairy,,310.0,27.9,4.0,19.9,0.6,1000.0,0.0,906.9,Group 1,FOOD-DATA-GROUP1.csv
Roquefort Cheese,"roquefort cheese, pasteurized milk, cheese cultures, salt, enzymes, high protein",3,62.8,Milk/Dairy,,314.0,18.3,1.7,26.0,0.0,1500.0,0.0,609.4,Group 1,FOOD-DATA-GROUP1.csv
Queso Blanco Cheese,"queso blanco cheese, pasteurized milk, cheese cultures, salt, enzymes, high protein",3,75.6,Milk/Dairy,,366.0,24.0,3.0,28.7,2.1,800.0,0.0,870.3,Group 1,FOOD-DATA-GROUP1.csv
Queso Seco Cheese,"queso seco cheese, pasteurized milk, cheese cultures, salt, enzymes, high protein",3,61.5,Milk/Dairy,,315.0,23.8,2.0,23.6,0.5,1800.0,0.0,691.0,Group 1,FOOD-DATA-GROUP1.csv
Goat Cheese Soft,"goat cheese soft, pasteurized milk, cheese cultures, salt, enzymes",3,62.1,Milk/Dairy,,75.0,5.2,0.0,6.0,0.3,100.0,0.0,51.3,Group 1,FOOD-DATA-GROUP1.csv
Mozzarella Cheese,"mozzarella cheese, pasteurized milk, cheese cultures, salt, enzymes",3,68.5,Milk/Dairy,,90.0,6.7,0.7,6.6,0.0,100.0,0.0,165.6,Group 1,FOOD-DATA-GROUP1.csv
Chihuahua Cheese,"chihuahua cheese, pasteurized milk, cheese cultures, salt, enzymes, high protein",3,77.4,Milk/Dairy,,494.0,28.5,7.3,39.2,7.3,800.0,0.0,935.0,Group 1,FOOD-DATA-GROUP1.csv
Limburger Cheese,"limburger cheese, pasteurized milk, cheese cultures, salt, enzymes",3,68.1,Milk/Dairy,,98.0,6.0,0.1,8.2,0.1,200.0,0.0,163.6,Group 1,FOOD-DATA-GROUP1.csv
Muenster Cheese,"muenster cheese, pasteurized milk, cheese cultures, salt, enzymes, high protein",3,78.0,Milk/Dairy,,486.0,30.9,1.5,39.7,1.5,800.0,0.0,1019.4,Group 1,FOOD-DATA-GROUP1.csv
Queso Fresco Cheese,"queso fresco cheese, pasteurized milk, cheese cultures, salt, enzymes, high protein",3,73.3,Milk/Dairy,,365.0,22.1,3.6,29.1,2.8,900.0,0.0,745.8,Group 1,FOOD-DATA-GROUP1.csv
Brie Cheese,"brie cheese, pasteurized milk, cheese cultures, salt, enzymes",3,63.5,Milk/Dairy,,100.0,6.2,0.1,8.3,0.1,200.0,0.0,70.1,Group 1,FOOD-DATA-GROUP1.csv
Pimento Cheese,"pimento cheese, pasteurized milk, cheese cultures, salt, enzymes, high protein",3,63.8,Milk/Dairy,,525.0,31.0,2.4,43.7,0.9,2000.0,0.1,940.9,Group 1,FOOD-DATA-GROUP1.csv
Mexican Cheese,"mexican cheese, pasteurized milk, cheese cultures, salt, enzymes, high protein",3,75.6,Milk/Dairy,,316.0,27.7,3.8,21.7,0.6,900.0,0.0,1337.0,Group 1,FOOD-DATA-GROUP1.csv
Feta Cheese,"feta cheese, pasteurized milk, cheese cultures, salt, enzymes",3,67.5,Milk/Dairy,,80.0,4.3,1.2,6.4,0.0,300.0,0.0,160.1,Group 1,FOOD-DATA-GROUP1.csv
Mozzarella Cheese Fat Free,"mozzarella cheese fat free, pasteurized milk, cheese cultures, salt, enzymes, high protein",3,83.0,Milk/Dairy,,159.0,35.8,4.0,0.0,1.7,800.0,2.0,1128.2,Group 1,FOOD-DATA-GROUP1.csv
Provolone Cheese,"provolone cheese, pasteurized milk, cheese cultures, salt, enzymes, high protein",3,72.0,Milk/Dairy,,463.0,33.8,2.8,35.1,0.7,1200.0,0.0,1070.6,Group 1,FOOD-DATA-GROUP1.csv
Anejo Cheese,"anejo cheese, pasteurized milk, cheese cultures, salt, enzymes, high protein",3,66.8,Milk/Dairy,,492.0,28.3,6.1,39.6,6.1,1500.0,0.0,972.2,Group 1,FOOD-DATA-GROUP1.csv
Honey,honey,1,73.6,,,64.0,0.1,17.3,0.0,17.2,11.0,0.0,18.9,Group 1,FOOD-DATA-GROUP1.csv
Apple Butter,"apple butter, pasteurized cream, natural milk fat",2,70.8,Milk/Dairy,,35.0,0.0,8.5,0.1,7.1,3.0,0.3,11.8,Group 1,FOOD-DATA-GROUP1.csv
Fruit Jam,"fruit jam, fresh raw fruit, natural fruit sugars, plant dietary fiber, vitamin c",1,80.5,,,56.0,0.0,13.8,0.1,9.7,52.0,0.2,19.9,Group 1,FOOD-DATA-GROUP1.csv
Chocolate Hazelnut Spread,chocolate hazelnut spread,4,47.5,Tree Nuts,,100.0,1.0,11.5,5.5,10.0,99.0,1.0,39.8,Group 1,FOOD-DATA-GROUP1.csv
Peanut Butter,"peanut butter, pasteurized cream, natural milk fat",2,72.2,"Milk/Dairy, Peanuts",,88.0,3.3,3.6,7.4,1.0,85.0,0.9,15.3,Group 1,FOOD-DATA-GROUP1.csv
Peanut Spread,peanut spread,1,83.0,Peanuts,,101.0,3.8,2.2,8.5,0.5,28.0,1.2,27.3,Group 1,FOOD-DATA-GROUP1.csv
Chicken Spread,"chicken spread, fresh poultry meat, protein amino acids",1,82.5,,,88.0,10.1,2.3,9.8,0.3,400.0,0.2,32.0,Group 1,FOOD-DATA-GROUP1.csv
Cheese Spread,"cheese spread, pasteurized milk, cheese cultures, salt, enzymes, high protein",3,61.5,Milk/Dairy,,708.0,17.0,8.4,68.6,8.4,1200.0,0.0,267.8,Group 1,FOOD-DATA-GROUP1.csv
Tahini,tahini,1,84.9,Sesame,,86.0,2.7,3.9,7.2,0.0,98.0,1.4,78.6,Group 1,FOOD-DATA-GROUP1.csv
Orange Marmalade,"orange marmalade, fresh raw fruit, natural fruit sugars, plant dietary fiber, vitamin c",1,78.5,,,49.0,0.0,13.3,0.0,12.0,16.0,0.1,22.1,Group 1,FOOD-DATA-GROUP1.csv
American Cheese Spread,"american cheese spread, pasteurized milk, cheese cultures, salt, enzymes",3,64.4,Milk/Dairy,,46.0,2.6,1.4,3.4,1.2,300.0,0.0,97.4,Group 1,FOOD-DATA-GROUP1.csv
Apricot Jam,apricot jam,1,80.1,,,48.0,0.1,12.9,0.0,8.7,4.0,0.0,18.9,Group 1,FOOD-DATA-GROUP1.csv
Chunky Peanut Butter,"chunky peanut butter, pasteurized cream, natural milk fat",2,73.2,"Milk/Dairy, Peanuts",,94.0,3.8,3.5,8.0,1.3,30.0,1.3,24.1,Group 1,FOOD-DATA-GROUP1.csv
Ham And Cheese Spread,"ham and cheese spread, pasteurized milk, cheese cultures, salt, enzymes",3,62.0,Milk/Dairy,,37.0,2.4,0.3,2.8,0.0,200.0,0.0,38.2,Group 1,FOOD-DATA-GROUP1.csv
Chicken And Rice Casserole Homade,"chicken and rice casserole homade, fresh poultry meat, protein amino acids",1,75.8,,,27.0,2.0,2.4,1.0,0.0,0.0,0.3,5.7,Group 1,FOOD-DATA-GROUP1.csv
Picnic Loaf,picnic loaf,1,80.0,,,65.0,4.2,1.3,4.7,0.0,300.0,0.0,23.7,Group 1,FOOD-DATA-GROUP1.csv
Corn Tamale,"corn tamale, dietary fiber",1,92.9,,,309.0,5.8,44.3,12.0,12.3,500.0,5.3,108.1,Group 1,FOOD-DATA-GROUP1.csv
Baked Potato With Cheese Sauce Bacon,"baked potato with cheese sauce bacon, pasteurized milk, cheese cultures, salt, enzymes, high protein",3,70.4,Milk/Dairy,,451.0,18.4,44.4,25.9,0.0,1000.0,0.0,428.7,Group 1,FOOD-DATA-GROUP1.csv
Chinese Egg Roll,"chinese egg roll, grain flour, water, yeast, salt",3,70.3,Eggs,,223.0,7.4,24.3,10.6,0.0,400.0,2.3,81.5,Group 1,FOOD-DATA-GROUP1.csv
Butter Croissant,"butter croissant, pasteurized cream, natural milk fat",2,74.6,Milk/Dairy,,231.0,4.7,26.1,12.0,6.4,200.0,1.5,66.8,Group 1,FOOD-DATA-GROUP1.csv
Enchilada With Cheese Beef,"enchilada with cheese beef, pasteurized milk, cheese cultures, salt, enzymes",3,63.3,Milk/Dairy,,323.0,11.9,30.5,17.6,0.0,1300.0,0.0,292.9,Group 1,FOOD-DATA-GROUP1.csv
Corned Beef Hash With Potatoes,"corned beef hash with potatoes, fresh meat, essential amino acids, heme iron, high protein",1,87.2,,,387.0,20.6,21.9,24.2,0.8,1000.0,2.6,118.6,Group 1,FOOD-DATA-GROUP1.csv
Biscuit With Egg Cheese Bacon,"biscuit with egg cheese bacon, pasteurized milk, cheese cultures, salt, enzymes, high protein",3,64.7,"Milk/Dairy, Eggs",,436.0,17.4,35.4,25.3,2.5,1200.0,0.3,230.2,Group 1,FOOD-DATA-GROUP1.csv
Bagel With Ham Egg Cheese,"bagel with ham egg cheese, pasteurized milk, cheese cultures, salt, enzymes, high protein",3,70.1,"Milk/Dairy, Eggs",,483.0,26.7,52.4,18.5,7.0,1300.0,0.4,287.6,Group 1,FOOD-DATA-GROUP1.csv
Quesadilla With Chicken,"quesadilla with chicken, fresh poultry meat, protein amino acids, dietary fiber, high protein",1,95.1,,,529.0,27.1,43.3,27.5,3.4,1300.0,3.1,588.7,Group 1,FOOD-DATA-GROUP1.csv
Corn Rice,corn rice,1,81.1,,,110.0,1.8,25.2,0.3,3.0,200.0,0.4,51.9,Group 1,FOOD-DATA-GROUP1.csv
Kung Pao Chicken,"kung pao chicken, fresh poultry meat, protein amino acids, dietary fiber, high protein",4,49.0,,,779.0,59.0,41.5,42.2,18.3,2400.0,9.1,320.1,Group 1,FOOD-DATA-GROUP1.csv
Beef Empanada,"beef empanada, fresh meat, essential amino acids, heme iron",1,87.9,,,298.0,10.1,27.8,16.3,1.6,400.0,1.8,76.2,Group 1,FOOD-DATA-GROUP1.csv
Frijoles With Cheese,"frijoles with cheese, pasteurized milk, cheese cultures, salt, enzymes",3,66.6,Milk/Dairy,,225.0,11.4,28.7,7.8,0.0,900.0,0.0,240.3,Group 1,FOOD-DATA-GROUP1.csv
Burrito With Beef,"burrito with beef, fresh meat, essential amino acids, heme iron, dietary fiber",1,91.9,,,285.0,9.1,43.9,8.1,4.1,500.0,4.4,65.9,Group 1,FOOD-DATA-GROUP1.csv
Crispy Chicken Sandwich,"crispy chicken sandwich, fresh poultry meat, protein amino acids",1,82.6,,,350.0,14.8,33.2,17.6,3.9,700.0,0.0,114.1,Group 1,FOOD-DATA-GROUP1.csv
Enchilada With Cheese,"enchilada with cheese, pasteurized milk, cheese cultures, salt, enzymes, high protein",3,68.9,Milk/Dairy,,374.0,15.4,21.2,25.3,3.6,700.0,2.6,65.6,Group 1,FOOD-DATA-GROUP1.csv
Pork Egg Roll,"pork egg roll, grain flour, water, yeast, salt",3,70.2,Eggs,,189.0,8.4,25.1,6.1,4.5,300.0,1.8,96.5,Group 1,FOOD-DATA-GROUP1.csv
Corn On The Cob With Butter,"corn on the cob with butter, pasteurized cream, natural milk fat",2,70.1,Milk/Dairy,,155.0,4.5,31.9,3.4,0.0,56.0,0.0,52.1,Group 1,FOOD-DATA-GROUP1.csv
Pancakes With Butter Syrup,"pancakes with butter syrup, pasteurized cream, natural milk fat",2,70.7,Milk/Dairy,,260.0,4.1,45.4,7.0,0.0,600.0,0.0,123.3,Group 1,FOOD-DATA-GROUP1.csv
Burrito With Beans,burrito with beans,1,82.3,,,224.0,7.0,35.7,6.7,0.0,500.0,0.0,109.1,Group 1,FOOD-DATA-GROUP1.csv
Scrambled Eggs,scrambled eggs,1,80.6,,,100.0,6.5,1.0,7.6,0.8,100.0,0.0,44.7,Group 1,FOOD-DATA-GROUP1.csv
Baked Potato With Sour Cream,baked potato with sour cream,1,89.3,Milk/Dairy,,393.0,6.7,50.0,22.3,0.0,200.0,0.0,221.8,Group 1,FOOD-DATA-GROUP1.csv
Turkey And Gravy,"turkey and gravy, fresh poultry meat, protein amino acids",1,71.0,,,161.0,14.1,11.1,6.3,0.0,1300.0,0.0,67.4,Group 1,FOOD-DATA-GROUP1.csv
Chicken Egg Roll,"chicken egg roll, grain flour, water, yeast, salt",3,69.8,Eggs,,158.0,8.4,22.8,3.6,4.5,400.0,1.9,84.8,Group 1,FOOD-DATA-GROUP1.csv
Vegetable Egg Roll,"vegetable egg roll, grain flour, water, yeast, salt",3,69.3,Eggs,,153.0,5.2,25.0,3.6,5.3,400.0,2.2,84.1,Group 1,FOOD-DATA-GROUP1.csv
Ham Cheese Roll,"ham cheese roll, pasteurized milk, cheese cultures, salt, enzymes",3,62.0,Milk/Dairy,,67.0,3.8,1.1,5.2,0.0,300.0,0.0,26.6,Group 1,FOOD-DATA-GROUP1.csv
Biscuit With Ham,biscuit with ham,3,66.3,,,386.0,13.4,43.8,18.4,2.2,1100.0,0.8,239.7,Group 1,FOOD-DATA-GROUP1.csv
Lemon Chicken,"lemon chicken, fresh poultry meat, protein amino acids, dietary fiber, high protein",4,22.5,,,1440.0,68.6,122.0,74.9,55.2,1500.0,7.0,545.2,Group 1,FOOD-DATA-GROUP1.csv
Hummus,"hummus, dietary fiber",1,98.0,,,435.0,12.0,49.5,21.1,0.7,600.0,9.8,236.1,Group 1,FOOD-DATA-GROUP1.csv
Croissant With Egg Cheese,"croissant with egg cheese, pasteurized milk, cheese cultures, salt, enzymes",3,74.1,"Milk/Dairy, Eggs",,368.0,12.8,24.3,24.7,0.0,600.0,0.0,307.9,Group 1,FOOD-DATA-GROUP1.csv
Enchirito With Cheese Beef Beans,"enchirito with cheese beef beans, pasteurized milk, cheese cultures, salt, enzymes, high protein",3,65.7,Milk/Dairy,,344.0,17.9,33.8,16.1,0.0,1300.0,0.0,293.0,Group 1,FOOD-DATA-GROUP1.csv
Sweet Sour Pork,"sweet sour pork, fresh meat, essential amino acids, heme iron",1,80.2,,,38.0,1.2,3.3,2.2,1.4,3.0,0.1,14.0,Group 1,FOOD-DATA-GROUP1.csv
Crab Cake,crab cake,1,90.5,"Gluten/Wheat, Shellfish",,160.0,11.3,5.1,10.4,0.0,500.0,0.2,230.6,Group 1,FOOD-DATA-GROUP1.csv
Egg Dinner Roll,"egg dinner roll, grain flour, water, yeast, salt",3,65.2,Eggs,,107.0,3.3,18.2,2.2,1.5,200.0,1.3,46.9,Group 1,FOOD-DATA-GROUP1.csv
English Muffin With Egg Cheese Sausage,"english muffin with egg cheese sausage, pasteurized milk, cheese cultures, salt, enzymes, high protein",3,75.6,"Milk/Dairy, Eggs",,472.0,22.1,28.8,29.9,2.5,800.0,0.3,362.7,Group 1,FOOD-DATA-GROUP1.csv
Buttermilk Pancakes,"buttermilk pancakes, pasteurized cream, natural milk fat",2,71.4,,,86.0,2.6,10.9,3.5,0.0,200.0,0.0,77.6,Group 1,FOOD-DATA-GROUP1.csv
Omelet,omelet,1,80.6,,,94.0,6.4,0.4,7.1,0.2,13.0,0.0,14.4,Group 1,FOOD-DATA-GROUP1.csv
Taco With Chicken Cheese Lettuce,"taco with chicken cheese lettuce, pasteurized milk, cheese cultures, salt, enzymes",3,70.8,Milk/Dairy,,185.0,13.0,19.3,6.2,1.3,600.0,1.2,161.2,Group 1,FOOD-DATA-GROUP1.csv
Spinach Souffle,"spinach souffle, fresh raw vegetable, dietary fiber, folate, antioxidants",1,90.0,,,230.0,10.7,8.0,17.6,2.5,800.0,1.0,273.4,Group 1,FOOD-DATA-GROUP1.csv
English Muffin With Cheese Sausage,"english muffin with cheese sausage, pasteurized milk, cheese cultures, salt, enzymes",3,74.5,Milk/Dairy,,365.0,14.3,27.3,22.3,2.1,700.0,0.5,294.7,Group 1,FOOD-DATA-GROUP1.csv
Potato Gratin,"potato gratin, dietary fiber",1,95.5,,,328.0,12.4,27.6,18.6,0.0,1100.0,4.4,380.7,Group 1,FOOD-DATA-GROUP1.csv
Biscuit With Egg,"biscuit with egg, high protein",1,82.7,Eggs,,436.0,17.4,35.4,25.3,2.5,1200.0,0.3,230.3,Group 1,FOOD-DATA-GROUP1.csv
French Fries Deep Fried,french fries deep fried,4,51.8,,,222.0,2.4,29.4,10.5,0.2,100.0,2.7,45.4,Group 1,FOOD-DATA-GROUP1.csv
Sweet Sour Chicken,"sweet sour chicken, fresh poultry meat, protein amino acids",1,80.5,,,46.0,1.8,4.4,2.3,2.1,43.0,0.2,17.8,Group 1,FOOD-DATA-GROUP1.csv
Burrito With Beans Beef,"burrito with beans beef, fresh meat, essential amino acids, heme iron, dietary fiber, high protein",1,98.0,,,460.0,27.8,47.0,18.0,5.3,1400.0,7.2,326.2,Group 1,FOOD-DATA-GROUP1.csv
Nachos With Cinnamon Sugar,nachos with cinnamon sugar,2,78.5,,,592.0,7.2,63.4,36.0,0.0,400.0,0.0,202.5,Group 1,FOOD-DATA-GROUP1.csv
Arroz Con Grandules,arroz con grandules,1,79.8,,,209.0,4.0,35.4,5.7,0.0,700.0,1.6,56.2,Group 1,FOOD-DATA-GROUP1.csv
Chili Con Carne,"chili con carne, dietary fiber",1,89.2,,,271.0,14.7,33.1,8.8,4.7,1100.0,8.3,66.2,Group 1,FOOD-DATA-GROUP1.csv
Arroz Con Abichuelas,"arroz con abichuelas, dietary fiber",1,89.2,,,223.0,6.2,37.3,5.4,0.2,600.0,4.1,78.5,Group 1,FOOD-DATA-GROUP1.csv
Biscuit With Sausage,biscuit with sausage,3,61.6,,,412.0,10.7,33.3,27.1,1.8,900.0,0.4,125.8,Group 1,FOOD-DATA-GROUP1.csv
Vegetarian Stew,"vegetarian stew, high protein",1,92.7,,,304.0,42.0,17.3,7.4,3.1,1000.0,2.7,149.2,Group 1,FOOD-DATA-GROUP1.csv
Chicken Sandwich With Cheese,"chicken sandwich with cheese, pasteurized milk, cheese cultures, salt, enzymes, high protein",3,69.1,Milk/Dairy,,632.0,29.4,41.6,38.8,0.0,1200.0,0.0,374.2,Group 1,FOOD-DATA-GROUP1.csv
Biscuit With Egg Steak,"biscuit with egg steak, high protein",1,85.7,Eggs,,410.0,17.9,21.3,28.4,0.0,900.0,0.0,210.8,Group 1,FOOD-DATA-GROUP1.csv
Taco Salad,"taco salad, fresh raw vegetable, dietary fiber, folate, antioxidants",1,86.0,,,212.0,10.0,17.9,11.2,0.0,600.0,0.0,189.0,Group 1,FOOD-DATA-GROUP1.csv
Succotash,succotash,1,83.3,,,213.0,9.7,46.8,1.5,0.0,500.0,0.0,109.2,Group 1,FOOD-DATA-GROUP1.csv
Nachos With Cheese Jalapeno Peppers,"nachos with cheese jalapeno peppers, pasteurized milk, cheese cultures, salt, enzymes, high protein",3,57.1,Milk/Dairy,,608.0,16.8,60.1,34.1,0.0,1700.0,0.0,735.0,Group 1,FOOD-DATA-GROUP1.csv
Biscuit With Egg Ham,"biscuit with egg ham, high protein",3,67.2,Eggs,,442.0,20.4,31.4,27.0,4.2,1400.0,0.8,305.1,Group 1,FOOD-DATA-GROUP1.csv
Ladyfingers,ladyfingers,1,80.8,,,103.0,3.0,16.9,2.6,7.2,16.0,0.3,38.1,Group 1,FOOD-DATA-GROUP1.csv
Mozzarella Steak Fried,mozzarella steak fried,1,85.3,Milk/Dairy,,102.0,4.6,7.7,5.9,0.7,200.0,0.6,127.0,Group 1,FOOD-DATA-GROUP1.csv
Tamale Navajo,"tamale navajo, dietary fiber",1,94.8,,,285.0,11.7,33.7,11.4,1.8,800.0,5.8,122.0,Group 1,FOOD-DATA-GROUP1.csv
Blueberry Pancakes,"blueberry pancakes, fresh raw fruit, natural fruit sugars, plant dietary fiber, vitamin c",1,82.3,,,84.0,2.3,11.0,3.5,0.0,200.0,0.0,96.6,Group 1,FOOD-DATA-GROUP1.csv
Chimichanga With Beef Cheese,"chimichanga with beef cheese, pasteurized milk, cheese cultures, salt, enzymes, high protein",3,71.0,Milk/Dairy,,443.0,20.1,39.3,23.4,0.0,1000.0,0.0,327.3,Group 1,FOOD-DATA-GROUP1.csv
Egg Cheese Sandwich,"egg cheese sandwich, pasteurized milk, cheese cultures, salt, enzymes, high protein",3,72.2,"Milk/Dairy, Eggs",,340.0,15.6,25.9,19.4,0.0,800.0,0.0,290.4,Group 1,FOOD-DATA-GROUP1.csv
Biscuit With Egg Bacon,"biscuit with egg bacon, high protein",3,66.4,Eggs,,458.0,17.0,28.6,31.1,3.3,1300.0,0.8,273.0,Group 1,FOOD-DATA-GROUP1.csv
Pupusas Con Queso,"pupusas con queso, dietary fiber",1,98.0,,,300.0,13.7,26.2,15.5,1.4,500.0,3.4,439.9,Group 1,FOOD-DATA-GROUP1.csv
Apple Croissant,"apple croissant, fresh raw fruit, natural fruit sugars, plant dietary fiber, vitamin c",1,83.5,,,145.0,4.2,21.1,5.0,0.0,200.0,1.4,49.7,Group 1,FOOD-DATA-GROUP1.csv
Refried Red Beans,"refried red beans, dietary fiber",1,95.5,,,336.0,11.7,36.0,16.1,0.0,900.0,11.0,156.2,Group 1,FOOD-DATA-GROUP1.csv
Tostada With Guacamole,tostada with guacamole,1,90.4,,,180.0,6.2,16.0,11.6,0.0,400.0,0.0,247.9,Group 1,FOOD-DATA-GROUP1.csv
Chicken Sandwich,"chicken sandwich, fresh poultry meat, protein amino acids, high protein",1,83.7,,,468.0,30.4,39.1,20.9,6.8,1400.0,2.6,94.1,Group 1,FOOD-DATA-GROUP1.csv
Fried Rice,fried rice,1,82.6,,,228.0,6.5,43.4,3.2,0.6,600.0,1.5,75.2,Group 1,FOOD-DATA-GROUP1.csv
Pupusas Del Cerdo,"pupusas del cerdo, dietary fiber",1,93.6,,,283.0,14.0,28.1,12.7,1.8,500.0,3.2,119.1,Group 1,FOOD-DATA-GROUP1.csv
Turkey Pot Pie,"turkey pot pie, fresh poultry meat, protein amino acids, dietary fiber, high protein",1,88.8,Gluten/Wheat,,699.0,25.8,70.3,34.9,0.0,1400.0,4.4,139.4,Group 1,FOOD-DATA-GROUP1.csv
Cheese Croissant,"cheese croissant, pasteurized milk, cheese cultures, salt, enzymes",3,71.1,Milk/Dairy,,331.0,7.4,37.6,16.7,9.1,300.0,2.1,108.3,Group 1,FOOD-DATA-GROUP1.csv
Chimichanga With Beef,"chimichanga with beef, fresh meat, essential amino acids, heme iron, high protein",1,83.5,,,425.0,19.6,42.8,19.7,0.0,900.0,0.0,153.9,Group 1,FOOD-DATA-GROUP1.csv
French Toast With Butter,"french toast with butter, pasteurized cream, natural milk fat",2,71.1,Milk/Dairy,,178.0,5.2,18.0,9.4,0.0,300.0,0.0,70.1,Group 1,FOOD-DATA-GROUP1.csv
Ham Egg Cheese Sandwich,"ham egg cheese sandwich, pasteurized milk, cheese cultures, salt, enzymes, high protein",3,70.4,"Milk/Dairy, Eggs",,347.0,19.2,30.9,16.3,0.0,1000.0,0.0,284.0,Group 1,FOOD-DATA-GROUP1.csv
English Muffin With Butter,"english muffin with butter, pasteurized cream, natural milk fat",2,74.8,Milk/Dairy,,189.0,4.9,30.4,5.8,0.0,400.0,0.0,146.2,Group 1,FOOD-DATA-GROUP1.csv
Savoury Noodle One Pan Dinner Tandaco,savoury noodle one pan dinner tandaco,1,75.0,Gluten/Wheat,,172.0,0.0,5.5,1.2,0.0,0.0,0.0,6.7,Group 1,FOOD-DATA-GROUP1.csv
Ham Cheese Sandwich,"ham cheese sandwich, pasteurized milk, cheese cultures, salt, enzymes, high protein",3,70.1,Milk/Dairy,,352.0,20.7,33.3,15.5,0.0,800.0,0.0,205.4,Group 1,FOOD-DATA-GROUP1.csv
Sweet Gefilte Fish,"sweet gefilte fish, fresh fish fillet, omega 3 fatty acids",1,80.0,Fish,,35.0,3.8,3.1,0.7,0.0,200.0,0.0,18.7,Group 1,FOOD-DATA-GROUP1.csv
Poached Egg,poached egg,1,80.5,Eggs,,72.0,6.3,0.4,4.7,0.2,100.0,0.0,40.4,Group 1,FOOD-DATA-GROUP1.csv
Tostada With Beef Cheese,"tostada with beef cheese, pasteurized milk, cheese cultures, salt, enzymes, high protein",3,71.6,Milk/Dairy,,315.0,19.0,22.8,16.3,0.0,900.0,0.0,280.5,Group 1,FOOD-DATA-GROUP1.csv
Tostada With Beans Cheese,"tostada with beans cheese, pasteurized milk, cheese cultures, salt, enzymes",3,72.8,Milk/Dairy,,223.0,9.6,26.5,9.9,0.0,500.0,0.0,259.5,Group 1,FOOD-DATA-GROUP1.csv
Pork Tamale,"pork tamale, fresh meat, essential amino acids, heme iron, dietary fiber",1,91.5,,,247.0,10.4,22.4,12.8,0.7,700.0,3.4,156.8,Group 1,FOOD-DATA-GROUP1.csv
Nachos With Cheese,"nachos with cheese, pasteurized milk, cheese cultures, salt, enzymes",3,68.6,Milk/Dairy,,274.0,3.5,27.9,17.2,1.7,300.0,2.6,51.6,Group 1,FOOD-DATA-GROUP1.csv
Pulled Pork In Barbecue Sauce,"pulled pork in barbecue sauce, fresh meat, essential amino acids, heme iron, high protein",4,17.8,,,418.0,32.8,46.7,11.0,37.8,1700.0,3.0,206.7,Group 1,FOOD-DATA-GROUP1.csv
Baked Potato With Cheese Sauce,"baked potato with cheese sauce, pasteurized milk, cheese cultures, salt, enzymes",3,77.8,Milk/Dairy,,474.0,14.6,46.5,28.7,0.0,400.0,0.0,429.9,Group 1,FOOD-DATA-GROUP1.csv
Baked Beans,"baked beans, dietary fiber",1,92.8,,,310.0,11.1,43.3,10.3,0.0,800.0,11.0,76.2,Group 1,FOOD-DATA-GROUP1.csv
Arroz Con Frijoles,"arroz con frijoles, dietary fiber",1,93.2,,,220.0,6.8,35.6,5.6,1.3,600.0,5.0,109.3,Group 1,FOOD-DATA-GROUP1.csv
Taco With Beef Cheese Lettuce,"taco with beef cheese lettuce, pasteurized milk, cheese cultures, salt, enzymes",3,71.4,Milk/Dairy,,156.0,6.1,13.7,8.8,0.6,300.0,2.7,93.8,Group 1,FOOD-DATA-GROUP1.csv
Burrito With Beans Cheese Beef,"burrito with beans cheese beef, pasteurized milk, cheese cultures, salt, enzymes",3,64.1,Milk/Dairy,,165.0,7.3,19.8,6.6,0.0,500.0,0.0,103.1,Group 1,FOOD-DATA-GROUP1.csv
Egg Mix,egg mix,1,75.0,Eggs,,30.0,2.4,0.1,2.2,0.1,12.0,0.0,4.9,Group 1,FOOD-DATA-GROUP1.csv
Falafel,falafel,1,80.0,,,57.0,2.3,5.4,3.0,0.0,81.0,0.0,10.8,Group 1,FOOD-DATA-GROUP1.csv
Taco Salad With Chili Con Carne,"taco salad with chili con carne, fresh raw vegetable, dietary fiber, folate, antioxidants",1,87.4,,,193.0,11.6,17.7,8.8,0.0,600.0,0.0,205.9,Group 1,FOOD-DATA-GROUP1.csv
Wonton Wrappers,wonton wrappers,1,81.5,,,93.0,3.1,18.5,0.5,0.0,200.0,0.6,38.8,Group 1,FOOD-DATA-GROUP1.csv
Hushpuppies,"hushpuppies, dietary fiber",1,96.4,,,512.0,11.7,69.9,20.5,3.1,1000.0,4.3,534.0,Group 1,FOOD-DATA-GROUP1.csv
Chicken Pot Pie,"chicken pot pie, fresh poultry meat, protein amino acids",1,85.7,Gluten/Wheat,,598.0,14.6,57.3,34.6,7.2,1200.0,3.0,177.7,Group 1,FOOD-DATA-GROUP1.csv
General Tsos Chicken,"general tsos chicken, fresh poultry meat, protein amino acids, dietary fiber, high protein",4,16.0,,,1578.0,69.0,128.3,87.5,62.1,2300.0,4.8,368.7,Group 1,FOOD-DATA-GROUP1.csv
Burrito With Beans Cheese,"burrito with beans cheese, pasteurized milk, cheese cultures, salt, enzymes, dietary fiber",3,83.4,Milk/Dairy,,379.0,13.6,57.8,11.2,3.2,1000.0,7.8,324.9,Group 1,FOOD-DATA-GROUP1.csv
Vegetarian Fillets,"vegetarian fillets, dietary fiber, high protein",1,98.0,,,247.0,19.6,7.7,15.3,0.7,400.0,5.2,130.3,Group 1,FOOD-DATA-GROUP1.csv
Biscuit With Egg Sausage,"biscuit with egg sausage, high protein",3,63.4,Eggs,,505.0,18.0,34.1,33.6,1.5,1100.0,0.3,171.8,Group 1,FOOD-DATA-GROUP1.csv
Chicken Chow Mein,"chicken chow mein, fresh poultry meat, protein amino acids, dietary fiber, high protein",4,59.6,,,513.0,40.8,50.1,16.9,10.5,1900.0,6.0,256.8,Group 1,FOOD-DATA-GROUP1.csv
Fruit Burrito,"fruit burrito, fresh raw fruit, natural fruit sugars, plant dietary fiber, vitamin c",1,80.7,,,231.0,2.5,35.0,9.5,0.0,200.0,0.0,64.3,Group 1,FOOD-DATA-GROUP1.csv
Arroz Con Leche,arroz con leche,4,27.8,,,369.0,8.1,63.0,9.3,38.6,300.0,1.3,310.0,Group 1,FOOD-DATA-GROUP1.csv
Caramel Custard Flan,caramel custard flan,4,24.6,"Milk/Dairy, Eggs",,444.0,13.9,69.7,12.3,70.8,200.0,0.0,351.2,Group 1,FOOD-DATA-GROUP1.csv
Gelatin Dessert,gelatin dessert,4,21.2,,,167.0,3.3,38.3,0.0,36.4,200.0,0.0,49.8,Group 1,FOOD-DATA-GROUP1.csv
Chocolate Milk Dessert,chocolate milk dessert,4,28.4,Milk/Dairy,,229.0,5.9,51.6,1.4,51.6,100.0,0.0,271.0,Group 1,FOOD-DATA-GROUP1.csv
Chocolate Mousse,chocolate mousse,4,36.3,,,338.0,6.2,24.1,24.0,22.2,81.0,0.9,200.4,Group 1,FOOD-DATA-GROUP1.csv
Dulce De Leche,dulce de leche,1,80.6,,,60.0,1.3,10.5,1.4,9.5,36.0,0.0,61.4,Group 1,FOOD-DATA-GROUP1.csv
Apple Crisp,"apple crisp, fresh raw fruit, natural fruit sugars, plant dietary fiber, vitamin c, dietary fiber",4,17.9,,,454.0,4.9,87.0,9.7,55.5,1000.0,3.9,212.7,Group 1,FOOD-DATA-GROUP1.csv
Spinach Spaghetti Cooked,"spinach spaghetti cooked, fresh raw vegetable, dietary fiber, folate, antioxidants",1,82.4,Gluten/Wheat,,182.0,6.4,36.6,0.9,0.0,61.0,0.0,87.4,Group 1,FOOD-DATA-GROUP1.csv
Corn Pasta Cooked,"corn pasta cooked, dietary fiber",3,77.1,Gluten/Wheat,,176.0,3.7,39.1,1.0,0.0,0.0,6.7,52.3,Group 1,FOOD-DATA-GROUP1.csv
Spaghetti With Meat Sauce,"spaghetti with meat sauce, dietary fiber",1,96.2,Gluten/Wheat,,255.0,14.3,43.1,2.9,7.4,700.0,5.1,135.1,Group 1,FOOD-DATA-GROUP1.csv
Pasta With Meatballs In Tomato Sauce,"pasta with meatballs in tomato sauce, fresh raw vegetable, dietary fiber, folate, antioxidants, dietary fiber",3,77.3,Gluten/Wheat,,273.0,10.6,28.3,13.0,7.2,700.0,6.9,100.5,Group 1,FOOD-DATA-GROUP1.csv
Cheese Tortellini,"cheese tortellini, pasteurized milk, cheese cultures, salt, enzymes",3,80.6,Milk/Dairy,,332.0,14.6,50.8,7.8,1.0,400.0,2.1,241.2,Group 1,FOOD-DATA-GROUP1.csv
Pasta With Sliced Franks In Tomato Sauce,"pasta with sliced franks in tomato sauce, fresh raw vegetable, dietary fiber, folate, antioxidants, dietary fiber",3,78.2,Gluten/Wheat,,227.0,11.0,32.0,6.0,8.0,700.0,4.0,216.2,Group 1,FOOD-DATA-GROUP1.csv
Lasagna,lasagna,1,85.3,,,166.0,9.0,18.9,6.1,3.8,500.0,2.1,36.7,Group 1,FOOD-DATA-GROUP1.csv
Macaroni Cheese,"macaroni cheese, pasteurized milk, cheese cultures, salt, enzymes",3,64.2,"Milk/Dairy, Gluten/Wheat",,310.0,12.6,43.7,9.4,3.0,900.0,2.3,68.3,Group 1,FOOD-DATA-GROUP1.csv
Vegetable Lasagna,"vegetable lasagna, dietary fiber, high protein",1,98.0,,,316.0,15.6,32.2,13.7,5.8,1000.0,4.3,410.1,Group 1,FOOD-DATA-GROUP1.csv
Spinach Egg Noodles Cooked,"spinach egg noodles cooked, fresh raw vegetable, dietary fiber, folate, antioxidants, dietary fiber",1,92.3,Eggs,,211.0,8.1,38.8,2.5,1.1,68.0,3.7,85.3,Group 1,FOOD-DATA-GROUP1.csv
Cheese Lasagna,"cheese lasagna, pasteurized milk, cheese cultures, salt, enzymes, dietary fiber, high protein",3,83.8,Milk/Dairy,,316.0,15.9,33.6,13.0,10.3,700.0,4.1,381.1,Group 1,FOOD-DATA-GROUP1.csv
Pasta With Tomato Sauce,"pasta with tomato sauce, fresh raw vegetable, dietary fiber, folate, antioxidants",3,58.9,Gluten/Wheat,,176.0,5.6,35.1,1.8,10.1,1000.0,2.3,45.1,Group 1,FOOD-DATA-GROUP1.csv
Spinach Pasta Cooked,"spinach pasta cooked, fresh raw vegetable, dietary fiber, folate, antioxidants",3,62.0,Gluten/Wheat,,37.0,1.4,7.1,0.3,0.0,4.0,0.0,14.2,Group 1,FOOD-DATA-GROUP1.csv
Vegetable Chicken Soup,"vegetable chicken soup, fresh poultry meat, protein amino acids",1,86.6,,,166.0,12.3,21.1,4.8,3.4,75.0,1.0,72.7,Group 1,FOOD-DATA-GROUP1.csv
Bean Ham Soup,"bean ham soup, dietary fiber",3,82.8,,,198.0,10.3,33.5,2.5,7.8,500.0,9.8,154.4,Group 1,FOOD-DATA-GROUP1.csv
Cream Of Chicken Soup,"cream of chicken soup, fresh poultry meat, protein amino acids",1,61.7,Milk/Dairy,,227.0,6.0,18.0,14.5,1.4,1800.0,0.0,76.9,Group 1,FOOD-DATA-GROUP1.csv
Tomato Soup Canned,"tomato soup canned, fresh raw vegetable, dietary fiber, folate, antioxidants",3,67.7,,,139.0,6.3,22.6,3.3,16.5,500.0,1.5,224.9,Group 1,FOOD-DATA-GROUP1.csv
Egg Drop Soup,egg drop soup,1,75.0,Eggs,,65.0,2.8,10.3,1.5,0.2,900.0,1.0,48.8,Group 1,FOOD-DATA-GROUP1.csv
Scotch Broth,scotch broth,4,37.1,,,197.0,12.1,23.0,6.4,0.0,2100.0,3.0,84.4,Group 1,FOOD-DATA-GROUP1.csv
Cream Of Onion Soup,cream of onion soup,4,32.2,Milk/Dairy,,268.0,6.7,31.7,12.8,11.1,1900.0,1.2,139.5,Group 1,FOOD-DATA-GROUP1.csv
Chicken Broth Dry,"chicken broth dry, fresh poultry meat, protein amino acids",1,68.0,,,10.0,0.7,1.1,0.2,0.0,1200.0,0.0,11.2,Group 1,FOOD-DATA-GROUP1.csv
Vegetable Soup With Beef Broth,"vegetable soup with beef broth, fresh meat, essential amino acids, heme iron, dietary fiber",1,76.4,,,162.0,6.0,26.3,3.8,4.0,1300.0,3.2,80.5,Group 1,FOOD-DATA-GROUP1.csv
Chili With Beans Canned,"chili with beans canned, dietary fiber",3,75.0,,,287.0,14.6,30.5,14.1,3.0,1300.0,11.3,204.0,Group 1,FOOD-DATA-GROUP1.csv
Beef Noodle Soup,"beef noodle soup, fresh meat, essential amino acids, heme iron",1,68.5,Gluten/Wheat,,168.0,9.6,17.9,6.2,5.2,1600.0,1.5,68.2,Group 1,FOOD-DATA-GROUP1.csv
Consomme Dry,consomme dry,1,74.0,,,17.0,2.2,1.9,0.2,1.1,800.0,0.0,17.2,Group 1,FOOD-DATA-GROUP1.csv
Chicken Mushroom Soup,"chicken mushroom soup, fresh poultry meat, protein amino acids, dietary fiber",1,84.4,,,126.0,2.0,15.1,6.1,1.0,800.0,4.0,57.2,Group 1,FOOD-DATA-GROUP1.csv
Beef Vegetable Soup,"beef vegetable soup, fresh meat, essential amino acids, heme iron",1,84.4,,,120.0,8.0,15.4,2.9,3.1,800.0,3.0,84.9,Group 1,FOOD-DATA-GROUP1.csv
Black Bean Soup,"black bean soup, dietary fiber",4,48.8,,,234.0,12.4,39.6,3.4,6.4,2500.0,17.5,167.3,Group 1,FOOD-DATA-GROUP1.csv
Split Pea Soup With Ham Bacon,"split pea soup with ham bacon, dietary fiber",3,65.9,,,189.0,11.6,28.6,3.1,0.0,1000.0,4.1,49.5,Group 1,FOOD-DATA-GROUP1.csv
Cream Of Mushroom Soup,cream of mushroom soup,1,65.8,Milk/Dairy,,199.0,3.4,17.1,13.4,1.0,1700.0,1.8,66.4,Group 1,FOOD-DATA-GROUP1.csv
Green Pea Soup,"green pea soup, dietary fiber, high protein",1,78.9,,,320.0,16.7,51.7,5.7,16.7,1700.0,10.0,145.0,Group 1,FOOD-DATA-GROUP1.csv
Chicken Broth Soup,"chicken broth soup, fresh poultry meat, protein amino acids",1,64.4,,,78.0,11.1,1.9,2.6,0.9,1600.0,0.0,31.7,Group 1,FOOD-DATA-GROUP1.csv
Chicken Mushroom Chowder Soup,"chicken mushroom chowder soup, fresh poultry meat, protein amino acids, dietary fiber, high protein",1,81.9,,,431.0,16.2,38.3,23.7,0.0,1800.0,7.5,99.1,Group 1,FOOD-DATA-GROUP1.csv
Chicken Dumplings Soup,"chicken dumplings soup, fresh poultry meat, protein amino acids",1,68.0,,,235.0,13.6,14.7,13.4,1.4,1800.0,1.2,80.3,Group 1,FOOD-DATA-GROUP1.csv
Chicken Vegetable Soup,"chicken vegetable soup, fresh poultry meat, protein amino acids",1,66.5,,,148.0,7.1,17.0,5.6,3.0,1700.0,1.7,69.0,Group 1,FOOD-DATA-GROUP1.csv
Turkey Vegetable Soup,"turkey vegetable soup, fresh poultry meat, protein amino acids",1,73.8,,,72.0,3.1,8.6,3.0,2.6,900.0,0.5,33.0,Group 1,FOOD-DATA-GROUP1.csv
Wonton Soup,wonton soup,1,73.5,,,71.0,4.6,11.7,0.6,0.8,900.0,0.4,30.7,Group 1,FOOD-DATA-GROUP1.csv
Beef Stock,"beef stock, fresh meat, essential amino acids, heme iron",1,78.5,,,31.0,4.7,2.9,0.2,1.3,500.0,0.0,27.6,Group 1,FOOD-DATA-GROUP1.csv
Mushroom Barley Soup,mushroom barley soup,1,61.6,Gluten/Wheat,,186.0,4.6,29.3,5.5,0.0,1700.0,0.0,71.1,Group 1,FOOD-DATA-GROUP1.csv
Gazpacho Soup,gazpacho soup,1,74.4,,,70.0,10.7,6.6,0.4,2.2,1100.0,0.7,67.5,Group 1,FOOD-DATA-GROUP1.csv
Beef Mushroom Soup,"beef mushroom soup, fresh meat, essential amino acids, heme iron",4,30.2,,,186.0,14.0,15.9,7.3,0.0,2200.0,0.6,52.1,Group 1,FOOD-DATA-GROUP1.csv
Chicken Rice Soup,"chicken rice soup, fresh poultry meat, protein amino acids",1,78.9,,,127.0,12.3,13.0,3.2,1.4,900.0,1.0,68.8,Group 1,FOOD-DATA-GROUP1.csv
Pepperpot Soup,pepperpot soup,1,74.2,,,100.0,6.2,9.1,4.5,0.0,900.0,0.5,49.1,Group 1,FOOD-DATA-GROUP1.csv
Vegetable Soup,vegetable soup,1,71.4,,,149.0,4.3,24.6,4.0,7.9,1300.0,1.3,82.2,Group 1,FOOD-DATA-GROUP1.csv
Chili Beef Soup,"chili beef soup, fresh meat, essential amino acids, heme iron, dietary fiber",4,41.7,,,308.0,13.4,49.6,6.7,13.4,2100.0,6.6,77.6,Group 1,FOOD-DATA-GROUP1.csv
Chicken Soup,"chicken soup, fresh poultry meat, protein amino acids",1,79.9,,,174.0,12.4,16.9,6.5,2.1,900.0,1.5,64.7,Group 1,FOOD-DATA-GROUP1.csv
Bean With Frankfurters Soup,bean with frankfurters soup,4,40.5,,"E250 (Sodium nitrite), E451 (Triphosphates)",188.0,10.0,22.0,7.0,0.0,1100.0,0.0,129.9,Group 1,FOOD-DATA-GROUP1.csv
Pea Soup,"pea soup, dietary fiber",1,94.9,,,161.0,8.3,25.6,2.8,8.3,15.0,4.9,76.3,Group 1,FOOD-DATA-GROUP1.csv
Turkey Soup,"turkey soup, fresh poultry meat, protein amino acids",1,76.4,,,135.0,10.2,14.1,4.4,0.0,900.0,0.0,86.6,Group 1,FOOD-DATA-GROUP1.csv
Stockpot Soup,stockpot soup,4,28.9,,,201.0,9.8,23.1,7.8,0.0,2100.0,0.0,90.5,Group 1,FOOD-DATA-GROUP1.csv
Hot Sour Soup,hot sour soup,1,76.7,,,91.0,6.0,10.1,2.8,1.0,900.0,1.2,66.0,Group 1,FOOD-DATA-GROUP1.csv
Cheese Soup,"cheese soup, pasteurized milk, cheese cultures, salt, enzymes, dietary fiber",3,60.5,Milk/Dairy,,203.0,2.0,28.0,9.7,9.3,1700.0,5.5,135.1,Group 1,FOOD-DATA-GROUP1.csv
Cream Of Potato Soup,"cream of potato soup, dietary fiber",1,73.7,Milk/Dairy,,186.0,3.8,32.2,4.7,3.6,1500.0,3.3,88.2,Group 1,FOOD-DATA-GROUP1.csv
Bean With Bacon Soup,"bean with bacon soup, dietary fiber",3,71.8,,,106.0,5.5,16.4,2.1,0.6,900.0,9.0,91.1,Group 1,FOOD-DATA-GROUP1.csv
Fish Stock,"fish stock, fresh fish fillet, omega 3 fatty acids",1,80.1,Fish,,40.0,5.3,0.0,1.9,0.0,400.0,0.0,14.5,Group 1,FOOD-DATA-GROUP1.csv
Split Pea Soup With Ham,"split pea soup with ham, dietary fiber, high protein",3,64.8,,,381.0,20.7,56.2,8.9,0.0,1700.0,4.6,141.2,Group 1,FOOD-DATA-GROUP1.csv
Beef Broth Soup,"beef broth soup, fresh meat, essential amino acids, heme iron",1,72.5,,,17.0,2.7,0.0,0.5,0.0,900.0,0.0,18.0,Group 1,FOOD-DATA-GROUP1.csv
Lentil Soup With Ham,lentil soup with ham,3,51.8,,,139.0,9.3,20.2,2.8,0.0,1300.0,0.0,81.4,Group 1,FOOD-DATA-GROUP1.csv
Tomato Soup,"tomato soup, fresh raw vegetable, dietary fiber, folate, antioxidants",1,79.8,,,98.0,2.2,22.5,0.7,12.2,600.0,1.6,66.2,Group 1,FOOD-DATA-GROUP1.csv
Fish Broth,"fish broth, fresh fish fillet, omega 3 fatty acids",1,80.1,Fish,,39.0,4.9,1.0,1.5,0.2,500.0,0.0,81.2,Group 1,FOOD-DATA-GROUP1.csv
Chili Without Beans Canned,"chili without beans canned, high protein",3,63.8,,,283.0,18.1,14.6,17.0,0.0,900.0,0.0,130.8,Group 1,FOOD-DATA-GROUP1.csv
Minestrone Soup,minestrone soup,1,76.0,,,167.0,8.6,22.6,5.0,3.7,1300.0,2.0,111.1,Group 1,FOOD-DATA-GROUP1.csv
Clam Chowder Soup,clam chowder soup,1,69.8,Shellfish,,154.0,4.4,24.5,4.4,6.8,1800.0,3.0,95.7,Group 1,FOOD-DATA-GROUP1.csv
Tomato Vegetable Soup,"tomato vegetable soup, fresh raw vegetable, dietary fiber, folate, antioxidants",1,81.8,,,54.0,1.9,9.9,0.8,2.4,300.0,0.7,36.4,Group 1,FOOD-DATA-GROUP1.csv
Cream Of Rice Coup,cream of rice coup,1,80.5,Milk/Dairy,,127.0,2.2,28.1,0.2,0.0,400.0,0.2,38.5,Group 1,FOOD-DATA-GROUP1.csv
Cream Of Celery Soup,cream of celery soup,1,73.6,Milk/Dairy,,181.0,3.3,17.7,11.2,3.4,1300.0,1.5,116.2,Group 1,FOOD-DATA-GROUP1.csv
Chicken Gravy,"chicken gravy, fresh poultry meat, protein amino acids",1,75.0,,,188.0,4.6,12.9,13.6,1.9,1000.0,1.0,80.9,Group 1,FOOD-DATA-GROUP1.csv
Tomato Rice Soup,"tomato rice soup, fresh raw vegetable, dietary fiber, folate, antioxidants, dietary fiber",1,70.1,,,240.0,4.2,44.1,5.5,15.2,1600.0,3.4,134.9,Group 1,FOOD-DATA-GROUP1.csv
Vegetable Beef Soup,"vegetable beef soup, fresh meat, essential amino acids, heme iron, dietary fiber, high protein",1,85.7,,,128.0,18.1,9.6,2.0,0.0,1100.0,4.4,34.1,Group 1,FOOD-DATA-GROUP1.csv
Tomato Beef Noodle Soup,"tomato beef noodle soup, fresh meat, essential amino acids, heme iron",1,71.6,Gluten/Wheat,,281.0,8.9,42.3,8.6,0.0,1800.0,3.0,100.1,Group 1,FOOD-DATA-GROUP1.csv
Oyster Stew Soup,oyster stew soup,1,61.1,Shellfish,,118.0,4.2,8.2,7.7,0.0,1800.0,0.0,72.8,Group 1,FOOD-DATA-GROUP1.csv
Ramen Noodle Soup Dry,ramen noodle soup dry,1,69.9,Gluten/Wheat,,371.0,8.9,53.9,13.3,1.3,1700.0,2.0,106.5,Group 1,FOOD-DATA-GROUP1.csv
Chicken Noodle Soup,"chicken noodle soup, fresh poultry meat, protein amino acids",4,32.6,Gluten/Wheat,,145.0,7.2,18.4,4.7,0.0,2100.0,2.7,33.5,Group 1,FOOD-DATA-GROUP1.csv
Chicken Bouillon Dry,"chicken bouillon dry, fresh poultry meat, protein amino acids",1,66.0,,,11.0,0.7,0.7,0.6,0.7,1000.0,0.0,9.5,Group 1,FOOD-DATA-GROUP1.csv
Cream Of Asparagus Soup,cream of asparagus soup,1,65.5,Milk/Dairy,,174.0,4.6,21.5,8.2,1.8,1700.0,1.0,100.4,Group 1,FOOD-DATA-GROUP1.csv
Turkey Noodle Soup,"turkey noodle soup, fresh poultry meat, protein amino acids",1,67.1,Gluten/Wheat,,139.0,7.8,17.3,4.0,1.0,1600.0,1.5,55.6,Group 1,FOOD-DATA-GROUP1.csv
Cream Of Shrimp Soup,cream of shrimp soup,1,63.0,"Milk/Dairy, Shellfish",,181.0,5.6,16.5,10.4,0.0,1700.0,0.5,69.4,Group 1,FOOD-DATA-GROUP1.csv
Bean With Pork Soup,"bean with pork soup, fresh meat, essential amino acids, heme iron, dietary fiber, high protein",1,89.6,,,335.0,15.3,44.1,11.5,7.8,1700.0,15.3,249.3,Group 1,FOOD-DATA-GROUP1.csv
Chicken Broth,"chicken broth, fresh poultry meat, protein amino acids",1,72.5,,,12.0,1.0,1.0,0.5,0.0,900.0,0.0,33.6,Group 1,FOOD-DATA-GROUP1.csv
Beef Broth Powder,"beef broth powder, fresh meat, essential amino acids, heme iron",4,32.5,,,8.0,0.6,0.6,0.3,0.6,900.0,0.0,3.7,Group 1,FOOD-DATA-GROUP1.csv
Split Pea Soup,"split pea soup, dietary fiber",1,93.4,,,180.0,9.7,29.9,2.3,12.8,400.0,4.8,91.6,Group 1,FOOD-DATA-GROUP1.csv
Escarole Soup,escarole soup,4,27.2,,,61.0,3.4,4.0,4.0,0.0,2300.0,0.0,95.0,Group 1,FOOD-DATA-GROUP1.csv
Chicken Stock,"chicken stock, fresh poultry meat, protein amino acids",1,80.4,,,86.0,6.0,8.5,2.9,3.8,300.0,0.0,25.7,Group 1,FOOD-DATA-GROUP1.csv
Tomato Bisque Soup,"tomato bisque soup, fresh raw vegetable, dietary fiber, folate, antioxidants",1,70.4,,,248.0,4.5,47.7,5.0,0.0,1800.0,2.1,152.9,Group 1,FOOD-DATA-GROUP1.csv
Shark Fin Soup,shark fin soup,1,70.3,,,99.0,6.9,8.2,4.3,0.0,1100.0,0.0,43.2,Group 1,FOOD-DATA-GROUP1.csv
Onion Soup,onion soup,1,73.6,,,113.0,7.5,16.4,3.5,6.7,1300.0,1.7,87.2,Group 1,FOOD-DATA-GROUP1.csv
Chicken Gumbo Soup,"chicken gumbo soup, fresh poultry meat, protein amino acids, dietary fiber",1,72.6,,,113.0,5.3,16.8,2.9,4.9,1700.0,4.0,88.8,Group 1,FOOD-DATA-GROUP1.csv
Crab Soup,crab soup,1,88.7,Shellfish,,95.0,10.4,12.5,0.8,0.0,600.0,2.4,120.3,Group 1,FOOD-DATA-GROUP1.csv
Tripe Soup,"tripe soup, high protein",1,80.2,,,148.0,17.2,8.1,5.2,0.0,800.0,0.0,75.9,Group 1,FOOD-DATA-GROUP1.csv
Little India Little Lunch,little india little lunch,1,80.0,,,164.0,0.0,2.0,10.6,0.0,0.0,0.0,12.6,Group 1,FOOD-DATA-GROUP1.csv
Original Chicken Sandwich Chick Fil A,"original chicken sandwich chick fil a, fresh poultry meat, protein amino acids",1,75.0,,,125.0,0.0,0.0,5.1,0.0,0.0,0.0,5.1,Group 1,FOOD-DATA-GROUP1.csv
Sausage Mcmuffin Mcdonalds,sausage mcmuffin mcdonalds,3,75.8,,,383.0,14.6,28.2,24.2,2.2,800.0,1.6,328.5,Group 1,FOOD-DATA-GROUP1.csv
Sausage Mcgriddles Mcdonalds,sausage mcgriddles mcdonalds,3,60.2,,,421.0,11.4,42.2,24.0,15.2,1000.0,1.4,166.0,Group 1,FOOD-DATA-GROUP1.csv
Crispy Chicken Drumstick Kentucky Fried Chicken,"crispy chicken drumstick kentucky fried chicken, fresh poultry meat, protein amino acids",3,64.2,,,70.0,10.6,0.0,3.0,0.0,200.0,0.0,20.6,Group 1,FOOD-DATA-GROUP1.csv
Chicken Crispy Drumsticks Kentucky Fried Chicken,"chicken crispy drumsticks kentucky fried chicken, fresh poultry meat, protein amino acids",3,64.7,,,156.0,11.8,4.5,10.1,0.0,400.0,0.0,41.2,Group 1,FOOD-DATA-GROUP1.csv
Biscuit Kentucky Fried Chicken,"biscuit kentucky fried chicken, fresh poultry meat, protein amino acids",1,81.4,,,185.0,3.8,22.1,9.1,1.7,500.0,0.8,68.5,Group 1,FOOD-DATA-GROUP1.csv
English Muffin Mcdonalds,english muffin mcdonalds,1,80.8,,,97.0,5.7,2.9,2.3,1.5,31.0,0.2,24.5,Group 1,FOOD-DATA-GROUP1.csv
French Fries Mcdonalds,"french fries mcdonalds, dietary fiber",4,57.9,,,378.0,4.0,49.8,18.1,0.2,200.0,4.6,77.1,Group 1,FOOD-DATA-GROUP1.csv
Hotdog,"hotdog, high protein",1,77.0,,,383.0,16.4,28.5,23.0,0.0,1100.0,0.0,109.0,Group 1,FOOD-DATA-GROUP1.csv
French Fries Burger King,french fries burger king,4,50.2,,,207.0,2.4,28.6,9.2,0.4,200.0,2.1,42.6,Group 1,FOOD-DATA-GROUP1.csv
Original Taco With Beef Cheese Lettuce Taco Bell,"original taco with beef cheese lettuce taco bell, pasteurized milk, cheese cultures, salt, enzymes",3,71.4,Milk/Dairy,,158.0,6.1,13.7,8.8,0.6,300.0,2.7,93.8,Group 1,FOOD-DATA-GROUP1.csv
Hotdog With Chili,hotdog with chili,1,83.6,,,296.0,13.5,31.3,13.4,0.0,500.0,0.0,83.6,Group 1,FOOD-DATA-GROUP1.csv
Chicken Crispy Wings Kentucky Fried Chicken,"chicken crispy wings kentucky fried chicken, fresh poultry meat, protein amino acids",1,81.7,,,148.0,9.2,5.1,10.1,0.0,300.0,0.0,40.2,Group 1,FOOD-DATA-GROUP1.csv
Egg White Delight Mcdonalds,egg white delight mcdonalds,1,80.0,Eggs,,250.0,0.0,0.0,16.0,0.0,0.0,0.0,16.0,Group 1,FOOD-DATA-GROUP1.csv
French Toast Sticks Burger King,french toast sticks burger king,1,80.8,,,73.0,1.3,8.7,3.7,2.1,14.0,0.3,25.5,Group 1,FOOD-DATA-GROUP1.csv
Mcchicken Mcdonalds,"mcchicken mcdonalds, fresh poultry meat, protein amino acids",1,82.7,,,358.0,13.7,36.6,17.3,4.7,800.0,1.7,69.5,Group 1,FOOD-DATA-GROUP1.csv
Nachos Supreme Taco Bell,"nachos supreme taco bell, dietary fiber",1,98.0,,,480.0,14.8,45.0,26.6,0.0,800.0,8.0,241.0,Group 1,FOOD-DATA-GROUP1.csv
Crispy Chicken Wing Kentucky Fried Chicken,"crispy chicken wing kentucky fried chicken, fresh poultry meat, protein amino acids",1,83.0,,,104.0,12.6,1.3,5.3,0.0,300.0,0.0,32.9,Group 1,FOOD-DATA-GROUP1.csv
Chicken Strips Burger King,"chicken strips burger king, fresh poultry meat, protein amino acids",1,81.9,,,105.0,6.6,7.4,5.5,0.0,300.0,0.5,20.2,Group 1,FOOD-DATA-GROUP1.csv
Crispy Chicken Breast Kentucky Fried Chicken,"crispy chicken breast kentucky fried chicken, fresh poultry meat, protein amino acids, high protein",1,86.7,,,214.0,38.2,0.4,6.7,0.0,700.0,0.0,74.1,Group 1,FOOD-DATA-GROUP1.csv
Sausage Biscuit Mcdonalds,sausage biscuit mcdonalds,3,63.6,,,440.0,11.3,31.8,29.7,2.3,1000.0,1.4,141.1,Group 1,FOOD-DATA-GROUP1.csv
Sausage Burrito Mcdonalds,sausage burrito mcdonalds,3,72.8,,,339.0,13.0,24.2,17.1,1.4,800.0,1.2,261.6,Group 1,FOOD-DATA-GROUP1.csv
Onion Rings Fried,onion rings fried,1,80.5,,,27.0,0.3,2.8,1.6,0.4,15.0,0.2,12.6,Group 1,FOOD-DATA-GROUP1.csv
Onion Rings Burger King,onion rings burger king,1,88.0,,,379.0,3.5,39.7,23.0,4.9,700.0,2.5,175.4,Group 1,FOOD-DATA-GROUP1.csv
Turkey Patty Fried,"turkey patty fried, fresh poultry meat, protein amino acids",1,80.2,,,79.0,3.9,4.4,5.0,0.1,200.0,0.1,17.9,Group 1,FOOD-DATA-GROUP1.csv
Hotcakes With Syrup Mcdonalds,hotcakes with syrup mcdonalds,2,48.1,,,601.0,9.0,101.8,17.8,45.5,600.0,2.0,259.4,Group 1,FOOD-DATA-GROUP1.csv
Crispy Chicken Thigh Kentucky Fried Chicken,"crispy chicken thigh kentucky fried chicken, fresh poultry meat, protein amino acids, high protein",1,84.7,,,163.0,20.4,0.0,9.1,0.0,500.0,0.0,49.6,Group 1,FOOD-DATA-GROUP1.csv
Corn Dog,corn dog,1,81.2,,,195.0,6.7,21.0,9.4,5.9,500.0,0.8,38.3,Group 1,FOOD-DATA-GROUP1.csv
Chicken Box Mcdonalds,"chicken box mcdonalds, fresh poultry meat, protein amino acids",1,75.0,,,70.0,0.2,5.5,4.0,0.5,0.0,0.0,9.7,Group 1,FOOD-DATA-GROUP1.csv
Potato Wedges Kentucky Fried Chicken,"potato wedges kentucky fried chicken, fresh poultry meat, protein amino acids, dietary fiber",1,84.7,,,379.0,5.4,45.0,19.8,0.0,1000.0,4.2,110.6,Group 1,FOOD-DATA-GROUP1.csv
Scrambled Eggs Mcdonalds,scrambled eggs mcdonalds,1,81.1,,,98.0,7.7,0.9,7.5,0.1,40.0,0.0,50.9,Group 1,FOOD-DATA-GROUP1.csv
Egg Mcmuffin Mcdonalds,"egg mcmuffin mcdonalds, high protein",1,82.8,Eggs,,287.0,17.2,27.3,12.2,2.7,800.0,1.4,58.5,Group 1,FOOD-DATA-GROUP1.csv
Nachos Taco Bell,"nachos taco bell, dietary fiber",1,93.3,,,362.0,5.1,36.0,21.9,0.0,500.0,3.8,156.0,Group 1,FOOD-DATA-GROUP1.csv
Biscuit Large Mcdonalds,biscuit large mcdonalds,1,81.3,,,310.0,5.5,39.4,14.4,2.7,900.0,1.8,132.0,Group 1,FOOD-DATA-GROUP1.csv
Crispy Chicken Strips Kentucky Fried Chicken,"crispy chicken strips kentucky fried chicken, fresh poultry meat, protein amino acids",1,83.5,,,129.0,9.5,6.4,7.2,0.0,400.0,0.7,35.9,Group 1,FOOD-DATA-GROUP1.csv
Hotcakes Mcdonalds,hotcakes mcdonalds,1,82.7,,,113.0,3.0,19.0,2.9,4.4,200.0,0.7,68.2,Group 1,FOOD-DATA-GROUP1.csv
Chicken Crispy Breast Kentucky Fried Chicken,"chicken crispy breast kentucky fried chicken, fresh poultry meat, protein amino acids, high protein",1,86.6,,,375.0,29.7,11.9,23.2,0.0,800.0,0.0,103.4,Group 1,FOOD-DATA-GROUP1.csv
Hotcakes Sausage Mcdonalds,"hotcakes sausage mcdonalds, high protein",3,42.4,,,776.0,15.5,102.4,34.9,45.7,900.0,2.1,292.7,Group 1,FOOD-DATA-GROUP1.csv
Chicken Mcnuggets Mcdonalds,"chicken mcnuggets mcdonalds, fresh poultry meat, protein amino acids",4,40.0,,,48.0,2.5,2.4,3.2,0.0,9.0,0.0,8.2,Group 1,FOOD-DATA-GROUP1.csv
Chips Chipotle,chips chipotle,1,75.0,,,151.0,0.2,2.1,7.1,2.1,0.0,0.0,9.4,Group 1,FOOD-DATA-GROUP1.csv
Biscuit Mcdonalds,biscuit mcdonalds,1,82.3,,,261.0,4.7,33.3,12.2,2.2,700.0,1.5,111.7,Group 1,FOOD-DATA-GROUP1.csv
Rice Bowl With Chicken,"rice bowl with chicken, fresh poultry meat, protein amino acids",1,80.5,,,36.0,1.6,6.4,0.4,1.2,64.0,0.2,13.2,Group 1,FOOD-DATA-GROUP1.csv
Spaghetti With Meatballs,"spaghetti with meatballs, dietary fiber",1,92.0,Gluten/Wheat,,200.0,8.7,22.9,8.2,5.8,600.0,5.4,45.7,Group 1,FOOD-DATA-GROUP1.csv
Meat Ravioli Canned,"meat ravioli canned, dietary fiber",3,68.8,,,259.0,8.9,36.0,8.9,6.3,900.0,4.2,95.0,Group 1,FOOD-DATA-GROUP1.csv
Cheese Ravioli Canned,"cheese ravioli canned, pasteurized milk, cheese cultures, salt, enzymes, dietary fiber",3,69.5,Milk/Dairy,,186.0,6.0,33.0,3.5,9.0,700.0,3.1,127.3,Group 1,FOOD-DATA-GROUP1.csv
Premium Crispy Chicken Ranch Blt Sandwich Mcdonalds,"premium crispy chicken ranch blt sandwich mcdonalds, fresh poultry meat, protein amino acids, dietary fiber, high protein",1,92.0,,,586.0,35.3,59.8,22.9,13.3,1200.0,3.4,219.1,Group 1,FOOD-DATA-GROUP1.csv
Steak Sandwich,"steak sandwich, high protein",1,91.4,,,459.0,30.3,52.0,14.1,0.0,800.0,0.0,198.9,Group 1,FOOD-DATA-GROUP1.csv
Cheeseburger Burger King,"cheeseburger burger king, pasteurized milk, cheese cultures, salt, enzymes, dietary fiber, high protein",3,78.6,,,380.0,19.4,31.5,19.7,6.0,800.0,3.7,201.6,Group 1,FOOD-DATA-GROUP1.csv
Cheeseburger Mcdonalds,"cheeseburger mcdonalds, pasteurized milk, cheese cultures, salt, enzymes, high protein",3,75.7,,,313.0,15.4,33.1,14.0,7.4,700.0,1.3,266.0,Group 1,FOOD-DATA-GROUP1.csv
Double Cheeseburger,"double cheeseburger, pasteurized milk, cheese cultures, salt, enzymes, high protein",3,70.4,,,643.0,37.0,41.0,36.9,9.5,900.0,2.1,119.3,Group 1,FOOD-DATA-GROUP1.csv
Double Hamburger,"double hamburger, dietary fiber, high protein",3,68.8,,,942.0,52.1,51.4,58.6,13.2,1100.0,5.2,169.6,Group 1,FOOD-DATA-GROUP1.csv
Premium Grilled Chicken Classic Sandwich Mcdonalds,"premium grilled chicken classic sandwich mcdonalds, fresh poultry meat, protein amino acids, high protein",1,96.2,,,366.0,28.3,44.6,8.6,10.0,800.0,2.8,167.7,Group 1,FOOD-DATA-GROUP1.csv
Big N Tasty With Cheese Mcdonalds,"big n tasty with cheese mcdonalds, pasteurized milk, cheese cultures, salt, enzymes, dietary fiber, high protein",3,80.4,Milk/Dairy,,573.0,27.2,39.7,36.0,9.5,1000.0,3.2,339.7,Group 1,FOOD-DATA-GROUP1.csv
Premium Grilled Chicken Club Sandwich Mcdonalds,"premium grilled chicken club sandwich mcdonalds, fresh poultry meat, protein amino acids, high protein",1,98.0,,,493.0,38.3,44.3,18.0,6.4,1000.0,2.7,328.1,Group 1,FOOD-DATA-GROUP1.csv
Quarter Pounder Mcdonalds,"quarter pounder mcdonalds, high protein",1,98.0,,,417.0,24.1,37.9,19.8,8.8,700.0,2.7,233.7,Group 1,FOOD-DATA-GROUP1.csv
Premium Crispy Chicken Classic Sandwich Mcdonalds,"premium crispy chicken classic sandwich mcdonalds, fresh poultry meat, protein amino acids, dietary fiber, high protein",1,93.3,,,524.0,27.8,58.6,20.0,12.4,1000.0,3.2,196.9,Group 1,FOOD-DATA-GROUP1.csv
Veggie Burger,"veggie burger, dietary fiber",1,94.8,,,124.0,11.0,10.0,4.4,0.7,400.0,3.4,128.9,Group 1,FOOD-DATA-GROUP1.csv
Quarter Pounder With Cheese Mcdonalds,"quarter pounder with cheese mcdonalds, pasteurized milk, cheese cultures, salt, enzymes, high protein",3,78.3,Milk/Dairy,,513.0,29.0,39.7,28.3,9.8,1200.0,2.8,392.2,Group 1,FOOD-DATA-GROUP1.csv
Beef Sandwich Steak Raw,"beef sandwich steak raw, fresh meat, essential amino acids, heme iron",1,81.7,,,173.0,9.2,0.0,15.1,0.0,43.0,0.0,32.0,Group 1,FOOD-DATA-GROUP1.csv
Cheeseburger,"cheeseburger, pasteurized milk, cheese cultures, salt, enzymes",3,67.5,,,292.0,15.0,28.7,13.2,5.9,600.0,1.6,60.3,Group 1,FOOD-DATA-GROUP1.csv
Premium Grilled Chicken Ranch Blt Sandwich Mcdonalds,"premium grilled chicken ranch blt sandwich mcdonalds, fresh poultry meat, protein amino acids, high protein",1,94.1,,,412.0,33.7,44.3,10.9,10.5,1000.0,2.8,181.4,Group 1,FOOD-DATA-GROUP1.csv
Double Whopper With Cheese Burger King,"double whopper with cheese burger king, pasteurized milk, cheese cultures, salt, enzymes, dietary fiber, high protein",3,67.3,Milk/Dairy,,1061.0,57.7,53.9,68.1,14.4,1500.0,6.4,519.2,Group 1,FOOD-DATA-GROUP1.csv
Big Mac Mcdonalds,"big mac mcdonalds, dietary fiber, high protein",1,98.0,,,563.0,25.9,44.0,32.8,8.7,1000.0,3.5,365.5,Group 1,FOOD-DATA-GROUP1.csv
Sandwich With Cold Cuts,"sandwich with cold cuts, dietary fiber, high protein",4,43.8,,,833.0,41.1,79.9,39.3,12.4,2200.0,4.7,166.9,Group 1,FOOD-DATA-GROUP1.csv
Filet O Fish Mcdonalds,"filet o fish mcdonalds, fresh fish fillet, omega 3 fatty acids, high protein",1,95.1,Fish,,378.0,15.1,35.4,19.6,4.9,600.0,1.9,235.3,Group 1,FOOD-DATA-GROUP1.csv
Hand Breaded Chicken Tenders Carls Jr,"hand breaded chicken tenders carls jr, grain flour, water, yeast, salt",3,57.0,,,57.0,0.0,0.2,2.9,0.0,0.0,0.0,3.1,Group 1,FOOD-DATA-GROUP1.csv
Grilled Chicken Sandwich Wendys,"grilled chicken sandwich wendys, fresh poultry meat, protein amino acids",1,75.0,,,370.0,0.0,0.0,8.0,0.0,0.0,0.0,8.0,Group 1,FOOD-DATA-GROUP1.csv
Sandwich With Roast Beef,"sandwich with roast beef, fresh meat, essential amino acids, heme iron, high protein",1,87.7,,,410.0,28.6,44.3,13.0,0.0,800.0,0.0,135.4,Group 1,FOOD-DATA-GROUP1.csv
Hamburger Burger King,hamburger burger king,3,69.6,,,258.0,14.7,26.5,10.4,5.5,500.0,2.0,54.3,Group 1,FOOD-DATA-GROUP1.csv
Big N Tasty Mcdonalds,"big n tasty mcdonalds, dietary fiber, high protein",1,98.0,,,524.0,24.7,38.5,31.7,8.8,700.0,3.2,257.7,Group 1,FOOD-DATA-GROUP1.csv
Roast Beef Sandwich,"roast beef sandwich, fresh meat, essential amino acids, heme iron, high protein",1,84.0,,,364.0,22.6,33.1,15.3,5.7,1000.0,1.9,74.0,Group 1,FOOD-DATA-GROUP1.csv
Roast Beef Sandwich With Cheese,"roast beef sandwich with cheese, pasteurized milk, cheese cultures, salt, enzymes, high protein",3,65.7,Milk/Dairy,,473.0,32.2,45.4,18.0,0.0,1600.0,0.0,283.7,Group 1,FOOD-DATA-GROUP1.csv
Hamburger,hamburger,3,68.1,,,255.0,12.9,28.7,9.9,5.8,500.0,1.7,53.9,Group 1,FOOD-DATA-GROUP1.csv
Premium Fish Sandwich Burger King,"premium fish sandwich burger king, fresh fish fillet, omega 3 fatty acids, high protein",1,85.8,Fish,,572.0,22.6,58.7,27.4,7.8,1300.0,2.0,195.8,Group 1,FOOD-DATA-GROUP1.csv
Whopper Burger King,"whopper burger king, dietary fiber, high protein",1,92.3,,,790.0,35.4,52.8,48.4,13.0,1400.0,3.2,405.8,Group 1,FOOD-DATA-GROUP1.csv
Sandwich With Tuna Salad,"sandwich with tuna salad, fresh fish fillet, omega 3 fatty acids, high protein",1,83.6,Fish,,584.0,29.7,55.4,28.0,0.0,1300.0,0.0,193.6,Group 1,FOOD-DATA-GROUP1.csv
Original Chicken Sandwich Burger King,"original chicken sandwich burger king, fresh poultry meat, protein amino acids, dietary fiber, high protein",1,94.0,,,569.0,24.2,52.2,29.2,6.0,1300.0,4.8,205.9,Group 1,FOOD-DATA-GROUP1.csv
Double Whopper Burger King,"double whopper burger king, dietary fiber, high protein",1,98.0,,,942.0,52.1,51.4,58.6,13.2,1100.0,5.2,309.4,Group 1,FOOD-DATA-GROUP1.csv
Premium Crispy Chicken Club Sandwich Mcdonalds,"premium crispy chicken club sandwich mcdonalds, fresh poultry meat, protein amino acids, high protein",1,95.1,,,635.0,39.1,57.4,29.9,12.7,1200.0,3.0,376.2,Group 1,FOOD-DATA-GROUP1.csv
Hamburger Mcdonalds,hamburger mcdonalds,3,66.5,,,251.0,12.3,28.8,9.6,5.7,500.0,1.2,52.4,Group 1,FOOD-DATA-GROUP1.csv
Pepperoni Pizza Dominos,pepperoni pizza dominos,1,93.4,,,308.0,12.7,36.0,12.6,4.2,700.0,2.4,226.5,Group 1,FOOD-DATA-GROUP1.csv
Sausage Pizza,sausage pizza,3,68.4,,,325.0,13.3,35.5,14.3,3.9,700.0,2.7,66.3,Group 1,FOOD-DATA-GROUP1.csv
Pepperoni Pizza,pepperoni pizza,1,84.4,,,313.0,13.0,35.5,13.2,3.6,800.0,2.6,64.8,Group 1,FOOD-DATA-GROUP1.csv
Pepperoni Pizza Pizza Hut,pepperoni pizza pizza hut,1,88.7,,,269.0,12.3,30.3,10.9,3.5,800.0,1.6,206.1,Group 1,FOOD-DATA-GROUP1.csv
Cheese Pizza Pizza Hut,"cheese pizza pizza hut, pasteurized milk, cheese cultures, salt, enzymes",3,74.7,Milk/Dairy,,260.0,11.5,30.0,10.5,3.2,700.0,1.7,256.3,Group 1,FOOD-DATA-GROUP1.csv
Cheese Pizza,"cheese pizza, pasteurized milk, cheese cultures, salt, enzymes",3,68.7,Milk/Dairy,,285.0,12.2,35.7,10.4,3.8,600.0,2.5,61.3,Group 1,FOOD-DATA-GROUP1.csv
Cheese Pizza Dominos,"cheese pizza dominos, pasteurized milk, cheese cultures, salt, enzymes",3,77.4,Milk/Dairy,,278.0,11.7,35.9,9.7,4.3,600.0,2.4,243.7,Group 1,FOOD-DATA-GROUP1.csv
Meat Vegetable Pizza,meat vegetable pizza,1,94.7,,,332.0,15.0,34.5,14.8,5.1,800.0,3.0,233.1,Group 1,FOOD-DATA-GROUP1.csv
Sucker Raw,"sucker raw, high protein",1,93.3,,,146.0,26.6,0.0,3.7,0.0,0.0,0.0,143.8,Group 1,FOOD-DATA-GROUP1.csv
Northern Pike Raw,"northern pike raw, high protein",1,98.0,,,348.0,76.3,0.0,2.7,0.0,200.0,0.0,321.9,Group 1,FOOD-DATA-GROUP1.csv
Haddock Cooked,"haddock cooked, high protein",1,90.1,,,135.0,30.0,0.0,0.8,0.0,400.0,0.0,52.2,Group 1,FOOD-DATA-GROUP1.csv
Burbot Cooked,"burbot cooked, high protein",1,88.5,,,104.0,22.3,0.0,0.9,0.0,100.0,0.0,81.9,Group 1,FOOD-DATA-GROUP1.csv
Pollock Cooked,"pollock cooked, high protein",1,98.0,,,356.0,75.3,0.0,3.8,0.0,300.0,0.0,313.4,Group 1,FOOD-DATA-GROUP1.csv
Rainbow Smelt Raw,rainbow smelt raw,1,80.0,,,27.0,5.0,0.0,0.7,0.0,19.0,0.0,23.0,Group 1,FOOD-DATA-GROUP1.csv
Whitefish Cooked,"whitefish cooked, fresh fish fillet, omega 3 fatty acids, high protein",1,92.5,,,265.0,37.7,0.0,11.6,0.0,100.0,0.0,100.9,Group 1,FOOD-DATA-GROUP1.csv
Walleye Pike Raw,"walleye pike raw, high protein",1,98.0,,,148.0,30.4,0.0,1.9,0.0,11.0,0.0,209.3,Group 1,FOOD-DATA-GROUP1.csv
Carp Cooked,"carp cooked, high protein",1,94.7,,,275.0,38.9,0.0,12.2,0.0,100.0,0.0,145.0,Group 1,FOOD-DATA-GROUP1.csv
Wolffish Cooked,"wolffish cooked, fresh fish fillet, omega 3 fatty acids, high protein",1,91.5,,,293.0,53.4,0.0,7.3,0.0,300.0,0.0,80.3,Group 1,FOOD-DATA-GROUP1.csv
Snapper Cooked,"snapper cooked, high protein",1,93.4,Fish,,218.0,44.7,0.0,2.9,0.0,66.0,0.0,118.7,Group 1,FOOD-DATA-GROUP1.csv
Roe Cooked,roe cooked,1,81.2,,,58.0,8.1,0.5,2.3,0.0,55.0,0.0,23.6,Group 1,FOOD-DATA-GROUP1.csv
Anchovy Raw,anchovy raw,1,80.3,Fish,,37.0,5.8,0.0,1.4,0.0,12.0,0.0,49.7,Group 1,FOOD-DATA-GROUP1.csv
Herring Raw,"herring raw, high protein",1,95.4,,,291.0,33.0,0.0,16.6,0.0,200.0,0.0,157.9,Group 1,FOOD-DATA-GROUP1.csv
Cod Raw,"cod raw, fresh fish fillet, omega 3 fatty acids, high protein",1,91.6,Fish,,189.0,41.1,0.0,1.5,0.0,100.0,0.0,82.9,Group 1,FOOD-DATA-GROUP1.csv
Tilapia Raw,"tilapia raw, high protein",1,87.3,,,111.0,23.3,0.0,2.0,0.0,9.0,0.0,37.5,Group 1,FOOD-DATA-GROUP1.csv
Whiting Cooked,"whiting cooked, high protein",1,85.4,,,84.0,16.9,0.0,1.2,0.0,18.0,0.0,63.0,Group 1,FOOD-DATA-GROUP1.csv
Skipjack Tuna Cooked,"skipjack tuna cooked, fresh fish fillet, omega 3 fatty acids, high protein",1,98.0,Fish,,407.0,86.9,0.0,4.0,0.0,100.0,0.0,212.9,Group 1,FOOD-DATA-GROUP1.csv
Salmon Cooked,"salmon cooked, fresh fish fillet, omega 3 fatty acids, high protein",1,97.0,Fish,,733.0,78.7,0.0,44.0,0.0,200.0,0.0,190.7,Group 1,FOOD-DATA-GROUP1.csv
Chum Salmon Cooked,"chum salmon cooked, fresh fish fillet, omega 3 fatty acids, high protein",1,94.5,Fish,,474.0,79.5,0.0,14.9,0.0,200.0,0.0,139.8,Group 1,FOOD-DATA-GROUP1.csv
American Shad Cooked,"american shad cooked, high protein",1,94.7,,,363.0,31.3,0.0,25.4,0.0,43.0,0.0,145.0,Group 1,FOOD-DATA-GROUP1.csv
Shark Cooked,shark cooked,1,80.1,,,65.0,5.3,1.8,3.9,0.0,68.0,0.0,25.5,Group 1,FOOD-DATA-GROUP1.csv
Trout Cooked,"trout cooked, high protein",1,85.0,Fish,,118.0,16.5,0.0,5.3,0.0,27.0,0.0,57.5,Group 1,FOOD-DATA-GROUP1.csv
Swordfish Raw,"swordfish raw, fresh fish fillet, omega 3 fatty acids, high protein",1,88.7,,,196.0,26.7,0.0,9.0,0.0,100.0,0.0,43.1,Group 1,FOOD-DATA-GROUP1.csv
Rainbow Trout Cooked,"rainbow trout cooked, high protein",1,84.8,Fish,,119.0,16.9,0.0,5.2,0.0,41.0,0.0,22.6,Group 1,FOOD-DATA-GROUP1.csv
Fish Sandwich With Cheese,"fish sandwich with cheese, pasteurized milk, cheese cultures, salt, enzymes, high protein",3,72.3,"Milk/Dairy, Fish",,374.0,15.1,35.4,19.6,4.9,600.0,0.0,235.0,Group 1,FOOD-DATA-GROUP1.csv
Jellyfish Dried,"jellyfish dried, fresh fish fillet, omega 3 fatty acids",4,20.0,Shellfish,,21.0,3.2,0.0,0.8,0.0,5600.0,0.0,6.5,Group 1,FOOD-DATA-GROUP1.csv
Mullet Raw,"mullet raw, high protein",1,88.6,,,139.0,23.0,0.0,4.5,0.0,98.0,0.0,78.9,Group 1,FOOD-DATA-GROUP1.csv
Halibut Cooked,"halibut cooked, high protein",1,91.4,Fish,,353.0,71.7,0.0,5.1,0.0,300.0,0.0,78.9,Group 1,FOOD-DATA-GROUP1.csv
Lingcod Raw,"lingcod raw, fresh fish fillet, omega 3 fatty acids, high protein",1,91.6,,,213.0,44.2,0.0,2.7,0.0,100.0,0.0,82.8,Group 1,FOOD-DATA-GROUP1.csv
Orange Roughy Cooked,"orange roughy cooked, fresh raw fruit, natural fruit sugars, plant dietary fiber, vitamin c",1,80.6,,,30.0,6.4,0.0,0.3,0.0,79.0,0.0,10.1,Group 1,FOOD-DATA-GROUP1.csv
Cisco Raw,cisco raw,1,84.0,,,77.0,15.0,0.0,1.5,0.0,42.0,0.0,26.4,Group 1,FOOD-DATA-GROUP1.csv
Florida Pompano Cooked,"florida pompano cooked, high protein",1,87.3,,,186.0,20.8,0.0,10.7,0.0,50.0,0.0,69.9,Group 1,FOOD-DATA-GROUP1.csv
Snapper Raw,"snapper raw, high protein",1,93.6,Fish,,218.0,44.7,0.0,2.9,0.0,100.0,0.0,121.3,Group 1,FOOD-DATA-GROUP1.csv
Fish Sandwich,"fish sandwich, fresh fish fillet, omega 3 fatty acids, high protein",1,76.5,Fish,,565.0,22.6,58.7,27.4,7.8,1300.0,0.0,109.3,Group 1,FOOD-DATA-GROUP1.csv
Haddock Raw,"haddock raw, high protein",1,90.2,,,143.0,31.5,0.0,0.9,0.0,400.0,0.0,54.0,Group 1,FOOD-DATA-GROUP1.csv
Ocean Perch Raw,ocean perch raw,1,81.9,,,51.0,9.8,0.0,1.0,0.0,200.0,0.0,28.8,Group 1,FOOD-DATA-GROUP1.csv
Cuttlefish Cooked,"cuttlefish cooked, fresh fish fillet, omega 3 fatty acids",1,82.5,,,45.0,9.2,0.5,0.4,0.0,200.0,0.0,66.5,Group 1,FOOD-DATA-GROUP1.csv
Cod Cooked,"cod cooked, fresh fish fillet, omega 3 fatty acids, high protein",1,91.0,Fish,,189.0,41.1,0.0,1.5,0.0,100.0,0.0,70.5,Group 1,FOOD-DATA-GROUP1.csv
Seatrout Raw,"seatrout raw, high protein",1,92.0,,,248.0,39.8,0.0,8.6,0.0,100.0,0.0,89.5,Group 1,FOOD-DATA-GROUP1.csv
Flounder Raw,"flounder raw, high protein",1,85.0,,,114.0,20.2,0.0,3.1,0.0,500.0,0.0,57.8,Group 1,FOOD-DATA-GROUP1.csv
Spot Cooked,spot cooked,1,82.8,,,79.0,11.9,0.0,3.1,0.0,22.0,0.0,24.2,Group 1,FOOD-DATA-GROUP1.csv
Walleye Pike Cooked,"walleye pike cooked, high protein",1,98.0,,,148.0,30.4,0.0,1.9,0.0,69.0,0.0,209.2,Group 1,FOOD-DATA-GROUP1.csv
Perch Raw,perch raw,1,83.2,,,55.0,11.6,0.0,0.6,0.0,37.0,0.0,61.7,Group 1,FOOD-DATA-GROUP1.csv
Pumpkin Seed Sunfish Raw,"pumpkin seed sunfish raw, fresh fish fillet, omega 3 fatty acids",1,81.7,,,43.0,9.3,0.0,0.3,0.0,60.0,0.0,49.2,Group 1,FOOD-DATA-GROUP1.csv
Salt Mackerel,"salt mackerel, high protein",2,63.1,Fish,,415.0,25.2,0.0,34.1,0.0,6100.0,0.0,151.0,Group 1,FOOD-DATA-GROUP1.csv
Mackerel Cooked,"mackerel cooked, high protein",1,86.5,Fish,,231.0,21.0,0.0,15.7,0.0,64.0,0.0,51.7,Group 1,FOOD-DATA-GROUP1.csv
Tilapia Cooked,"tilapia cooked, high protein",1,87.1,,,111.0,22.8,0.0,2.3,0.0,11.0,0.0,37.9,Group 1,FOOD-DATA-GROUP1.csv
Drum Raw,"drum raw, high protein",3,77.9,,,236.0,34.7,0.0,9.8,0.0,100.0,0.0,167.2,Group 1,FOOD-DATA-GROUP1.csv
Atlantic Croaker Fried,"atlantic croaker fried, high protein",1,85.7,,,192.0,15.8,6.6,11.0,0.0,300.0,0.3,62.2,Group 1,FOOD-DATA-GROUP1.csv
Pumpkin Seed Sunfish Cooked,"pumpkin seed sunfish cooked, fresh fish fillet, omega 3 fatty acids",1,81.7,,,42.0,9.2,0.0,0.3,0.0,46.0,0.0,48.7,Group 1,FOOD-DATA-GROUP1.csv
Wolffish Raw,"wolffish raw, fresh fish fillet, omega 3 fatty acids, high protein",1,91.5,,,294.0,53.6,0.0,7.3,0.0,300.0,0.0,79.9,Group 1,FOOD-DATA-GROUP1.csv
Bluefin Tuna Cooked,"bluefin tuna cooked, fresh fish fillet, omega 3 fatty acids, high protein",1,91.1,Fish,,276.0,44.9,0.0,9.4,0.0,20.0,0.0,72.4,Group 1,FOOD-DATA-GROUP1.csv
Scup Cooked,scup cooked,1,82.8,,,68.0,12.1,0.0,1.8,0.0,61.0,0.0,39.7,Group 1,FOOD-DATA-GROUP1.csv
Herring Cooked,"herring cooked, high protein",1,95.4,,,290.0,32.9,0.0,16.6,0.0,200.0,0.0,158.3,Group 1,FOOD-DATA-GROUP1.csv
Bluefish Raw,"bluefish raw, fresh fish fillet, omega 3 fatty acids, high protein",1,90.0,,,186.0,30.1,0.0,6.4,0.0,28.0,0.0,47.9,Group 1,FOOD-DATA-GROUP1.csv
Sheepshead Cooked,"sheepshead cooked, high protein",1,93.6,,,234.0,48.4,0.0,3.0,0.0,100.0,0.0,121.5,Group 1,FOOD-DATA-GROUP1.csv
Bass Cooked,bass cooked,1,85.7,Fish,,91.0,15.0,0.0,2.9,0.0,78.0,0.0,84.4,Group 1,FOOD-DATA-GROUP1.csv
Pout Cooked,"pout cooked, high protein",1,92.4,,,279.0,58.4,0.0,3.2,0.0,200.0,0.0,98.2,Group 1,FOOD-DATA-GROUP1.csv
Chinook Salmon Raw,"chinook salmon raw, fresh fish fillet, omega 3 fatty acids, high protein",1,98.0,Fish,,709.0,78.9,0.0,41.3,0.0,200.0,0.0,240.5,Group 1,FOOD-DATA-GROUP1.csv
Rockfish Raw,"rockfish raw, fresh fish fillet, omega 3 fatty acids, high protein",1,90.8,,,172.0,35.1,0.0,2.6,0.0,100.0,0.0,65.0,Group 1,FOOD-DATA-GROUP1.csv
Tilefish Raw,"tilefish raw, fresh fish fillet, omega 3 fatty acids, high protein",1,96.4,,,371.0,67.6,0.0,8.9,0.0,200.0,0.0,177.9,Group 1,FOOD-DATA-GROUP1.csv
Scup Raw,"scup raw, high protein",1,92.7,,,174.0,31.3,0.0,4.5,0.0,82.0,0.0,103.1,Group 1,FOOD-DATA-GROUP1.csv
Sablefish Cooked,"sablefish cooked, fresh fish fillet, omega 3 fatty acids, high protein",1,98.0,,,755.0,51.9,0.0,59.3,0.0,200.0,0.0,252.4,Group 1,FOOD-DATA-GROUP1.csv
Tuna Salad,"tuna salad, fresh fish fillet, omega 3 fatty acids, high protein",1,87.1,Fish,,383.0,32.9,19.3,19.0,0.0,800.0,0.0,112.7,Group 1,FOOD-DATA-GROUP1.csv
Coho Salmon Cooked,"coho salmon cooked, fresh fish fillet, omega 3 fatty acids, high protein",1,90.8,Fish,,255.0,34.7,0.0,11.8,0.0,60.0,0.0,66.5,Group 1,FOOD-DATA-GROUP1.csv
Roe Raw,roe raw,1,75.0,,,20.0,3.1,0.2,0.9,0.0,52.0,0.0,9.6,Group 1,FOOD-DATA-GROUP1.csv
Sea Bass Raw,"sea bass raw, high protein",1,87.5,Fish,,125.0,23.8,0.0,2.6,0.0,84.0,0.0,39.7,Group 1,FOOD-DATA-GROUP1.csv
Pink Salmon Cooked,"pink salmon cooked, fresh fish fillet, omega 3 fatty acids, high protein",1,91.0,Fish,,349.0,56.0,0.0,12.0,0.0,200.0,0.0,69.9,Group 1,FOOD-DATA-GROUP1.csv
Sockeye Salmon Cooked,"sockeye salmon cooked, fresh fish fillet, omega 3 fatty acids, high protein",1,92.6,Fish,,493.0,82.1,0.0,17.3,0.0,300.0,0.0,102.3,Group 1,FOOD-DATA-GROUP1.csv
Whitefish Raw,"whitefish raw, fresh fish fillet, omega 3 fatty acids, high protein",1,92.6,,,265.0,37.8,0.0,11.6,0.0,100.0,0.0,101.6,Group 1,FOOD-DATA-GROUP1.csv
Greenland Halibut Cooked,"greenland halibut cooked, high protein",1,94.0,Fish,,760.0,58.6,0.0,56.4,0.0,300.0,0.0,130.4,Group 1,FOOD-DATA-GROUP1.csv
Northern Pike Cooked,"northern pike cooked, high protein",1,98.0,,,350.0,76.5,0.0,2.7,0.0,200.0,0.0,319.5,Group 1,FOOD-DATA-GROUP1.csv
Salmon Raw,"salmon raw, fresh fish fillet, omega 3 fatty acids, high protein",1,96.8,Fish,,824.0,80.9,0.0,53.1,0.0,200.0,0.0,186.3,Group 1,FOOD-DATA-GROUP1.csv
Turbot Cooked,"turbot cooked, high protein",1,92.4,,,388.0,65.4,0.0,12.0,0.0,600.0,0.0,157.5,Group 1,FOOD-DATA-GROUP1.csv
Surimi,surimi,1,75.0,,,28.0,4.3,1.9,0.3,0.0,42.0,0.0,9.1,Group 1,FOOD-DATA-GROUP1.csv
Chinook Salmon Cooked,"chinook salmon cooked, fresh fish fillet, omega 3 fatty acids, high protein",1,98.0,Fish,,711.0,79.2,0.0,41.2,0.0,200.0,0.0,222.5,Group 1,FOOD-DATA-GROUP1.csv
Mullet Cooked,"mullet cooked, high protein",1,87.7,,,140.0,23.1,0.0,4.5,0.0,1.0,0.0,58.9,Group 1,FOOD-DATA-GROUP1.csv
Chum Salmon Raw,"chum salmon raw, fresh fish fillet, omega 3 fatty acids",1,75.0,Fish,,3.0,0.6,0.0,0.1,0.0,29.0,0.0,1.0,Group 1,FOOD-DATA-GROUP1.csv
Butterfish Raw,"butterfish raw, pasteurized cream, natural milk fat",2,70.2,,,47.0,5.5,0.0,2.6,0.0,72.0,0.0,15.3,Group 1,FOOD-DATA-GROUP1.csv
Sea Bass Cooked,"sea bass cooked, high protein",1,87.6,Fish,,125.0,23.9,0.0,2.6,0.0,58.0,0.0,40.1,Group 1,FOOD-DATA-GROUP1.csv
Greenland Halibut Raw,"greenland halibut raw, high protein",1,94.0,Fish,,759.0,58.6,0.0,56.5,0.0,300.0,0.0,130.1,Group 1,FOOD-DATA-GROUP1.csv
Halibut Raw,"halibut raw, high protein",1,93.0,Fish,,371.0,75.7,0.0,5.4,0.0,300.0,0.0,110.5,Group 1,FOOD-DATA-GROUP1.csv
Sturgeon Cooked,"sturgeon cooked, high protein",1,89.8,,,184.0,28.2,0.0,7.0,0.0,19.0,0.0,59.9,Group 1,FOOD-DATA-GROUP1.csv
Fish Fillet Fried,"fish fillet fried, fresh fish fillet, omega 3 fatty acids",1,83.5,Fish,,211.0,13.3,15.4,11.2,0.0,500.0,0.5,58.7,Group 1,FOOD-DATA-GROUP1.csv
Rainbow Trout Raw,"rainbow trout raw, high protein",1,84.3,Fish,,111.0,15.8,0.0,4.9,0.0,22.0,0.0,43.0,Group 1,FOOD-DATA-GROUP1.csv
Pout Raw,"pout raw, high protein",1,92.4,,,278.0,58.6,0.0,3.2,0.0,200.0,0.0,98.1,Group 1,FOOD-DATA-GROUP1.csv
Rainbow Smelt Cooked,rainbow smelt cooked,1,80.6,,,35.0,6.4,0.0,0.9,0.0,47.0,0.0,29.4,Group 1,FOOD-DATA-GROUP1.csv
Monkfish Raw,"monkfish raw, fresh fish fillet, omega 3 fatty acids",1,75.0,,,22.0,4.1,0.0,0.4,0.0,59.0,0.0,7.2,Group 1,FOOD-DATA-GROUP1.csv
Trout Raw,"trout raw, high protein",1,84.9,Fish,,117.0,16.4,0.0,5.2,0.0,51.0,0.0,57.3,Group 1,FOOD-DATA-GROUP1.csv
Shark Raw,shark raw,1,80.4,,,37.0,5.9,0.0,1.3,0.0,3.0,0.0,17.1,Group 1,FOOD-DATA-GROUP1.csv
Burbot Raw,"burbot raw, high protein",1,88.6,,,104.0,22.4,0.0,0.9,0.0,100.0,0.0,82.3,Group 1,FOOD-DATA-GROUP1.csv
Dolphinfish Cooked,"dolphinfish cooked, fresh fish fillet, omega 3 fatty acids, high protein",1,91.1,,,173.0,37.7,0.0,1.4,0.0,200.0,0.0,71.6,Group 1,FOOD-DATA-GROUP1.csv
Crayfish Cooked,"crayfish cooked, fresh fish fillet, omega 3 fatty acids",1,80.0,,,25.0,5.0,0.0,0.4,0.0,58.0,0.0,20.2,Group 1,FOOD-DATA-GROUP1.csv
Dolphinfish Raw,"dolphinfish raw, fresh fish fillet, omega 3 fatty acids, high protein",1,91.1,,,173.0,37.7,0.0,1.4,0.0,200.0,0.0,72.1,Group 1,FOOD-DATA-GROUP1.csv
Perch Cooked,perch cooked,1,83.1,,,54.0,11.4,0.0,0.5,0.0,43.0,0.0,60.1,Group 1,FOOD-DATA-GROUP1.csv
Cusk Raw,"cusk raw, high protein",1,87.3,,,106.0,23.2,0.0,0.8,0.0,86.0,0.0,37.2,Group 1,FOOD-DATA-GROUP1.csv
Bluefin Tuna Raw,"bluefin tuna raw, fresh fish fillet, omega 3 fatty acids",1,80.6,Fish,,41.0,6.6,0.0,1.4,0.0,13.0,0.0,10.8,Group 1,FOOD-DATA-GROUP1.csv
Milkfish Cooked,"milkfish cooked, fresh fish fillet, omega 3 fatty acids",1,81.0,,,54.0,7.4,0.0,2.4,0.0,76.0,0.0,28.3,Group 1,FOOD-DATA-GROUP1.csv
Carp Raw,"carp raw, high protein",1,94.8,,,277.0,38.9,0.0,12.2,0.0,100.0,0.0,146.8,Group 1,FOOD-DATA-GROUP1.csv
Sturgeon Raw,sturgeon raw,1,75.0,,,30.0,4.6,0.0,1.1,0.0,7.0,0.0,9.6,Group 1,FOOD-DATA-GROUP1.csv
Orange Roughy Raw,"orange roughy raw, fresh raw fruit, natural fruit sugars, plant dietary fiber, vitamin c",1,75.0,,,22.0,4.6,0.0,0.2,0.0,63.0,0.0,7.7,Group 1,FOOD-DATA-GROUP1.csv
Catfish Fried,"catfish fried, fresh fish fillet, omega 3 fatty acids, high protein",1,87.0,,,199.0,15.7,7.0,11.6,0.0,200.0,0.6,74.4,Group 1,FOOD-DATA-GROUP1.csv
Cuttlefish Raw,"cuttlefish raw, fresh fish fillet, omega 3 fatty acids",1,80.0,,,22.0,4.6,0.2,0.2,0.0,100.0,0.0,33.7,Group 1,FOOD-DATA-GROUP1.csv
Bass Raw,bass raw,1,85.7,Fish,,90.0,14.9,0.0,2.9,0.0,55.0,0.0,83.8,Group 1,FOOD-DATA-GROUP1.csv
Flounder Cooked,"flounder cooked, high protein",1,84.3,,,109.0,19.4,0.0,3.0,0.0,500.0,0.0,22.6,Group 1,FOOD-DATA-GROUP1.csv
Milkfish Raw,"milkfish raw, fresh fish fillet, omega 3 fatty acids",1,80.3,,,42.0,5.8,0.0,1.9,0.0,98.0,0.0,22.2,Group 1,FOOD-DATA-GROUP1.csv
Eel Raw,"eel raw, high protein",1,93.0,,,375.0,37.6,0.0,23.8,0.0,100.0,0.0,109.0,Group 1,FOOD-DATA-GROUP1.csv
Catfish Raw,"catfish raw, fresh fish fillet, omega 3 fatty acids, high protein",1,87.7,,,189.0,24.2,0.0,9.4,0.0,200.0,0.0,46.7,Group 1,FOOD-DATA-GROUP1.csv
Fish Sticks,"fish sticks, fresh fish fillet, omega 3 fatty acids",1,81.0,Fish,,78.0,3.1,6.1,4.5,0.5,100.0,0.4,14.6,Group 1,FOOD-DATA-GROUP1.csv
Coho Salmon Raw,"coho salmon raw, fresh fish fillet, omega 3 fatty acids, high protein",1,90.9,Fish,,254.0,33.8,0.0,12.2,0.0,54.0,0.0,67.3,Group 1,FOOD-DATA-GROUP1.csv
Monkfish Cooked,"monkfish cooked, fresh fish fillet, omega 3 fatty acids",1,75.1,,,27.0,5.3,0.0,0.6,0.0,4.0,0.0,9.2,Group 1,FOOD-DATA-GROUP1.csv
Yellowtail Cooked,"yellowtail cooked, high protein",1,97.6,,,546.0,86.6,0.0,19.6,0.0,100.0,0.0,201.3,Group 1,FOOD-DATA-GROUP1.csv
Yellowfin Tuna Cooked,"yellowfin tuna cooked, fresh fish fillet, omega 3 fatty acids",1,76.3,Fish,,37.0,8.2,0.0,0.2,0.0,11.0,0.0,9.9,Group 1,FOOD-DATA-GROUP1.csv
Ling Cooked,"ling cooked, high protein",1,92.8,,,168.0,36.8,0.0,1.2,0.0,300.0,0.0,105.7,Group 1,FOOD-DATA-GROUP1.csv
Eel Cooked,eel cooked,1,80.7,,,67.0,6.7,0.0,4.2,0.0,69.0,0.0,19.3,Group 1,FOOD-DATA-GROUP1.csv
Sablefish Raw,"sablefish raw, fresh fish fillet, omega 3 fatty acids, high protein",1,98.0,,,753.0,51.8,0.0,59.1,0.0,200.0,0.0,251.3,Group 1,FOOD-DATA-GROUP1.csv
Salmon Nuggets,"salmon nuggets, fresh fish fillet, omega 3 fatty acids",4,45.0,Fish,,60.0,3.6,4.0,3.3,0.0,5.0,0.0,13.6,Group 1,FOOD-DATA-GROUP1.csv
Yellowtail Raw,"yellowtail raw, high protein",1,97.7,,,546.0,86.5,0.0,19.6,0.0,100.0,0.0,204.5,Group 1,FOOD-DATA-GROUP1.csv
Butterfish Cooked,"butterfish cooked, pasteurized cream, natural milk fat",2,70.2,,,47.0,5.5,0.0,2.6,0.0,42.0,0.0,15.3,Group 1,FOOD-DATA-GROUP1.csv
Caviar,caviar,1,80.2,,,42.0,3.9,0.6,2.9,0.0,200.0,0.0,53.3,Group 1,FOOD-DATA-GROUP1.csv
Pollock Raw,"pollock raw, high protein",1,98.0,,,355.0,75.0,0.0,3.8,0.0,300.0,0.0,312.3,Group 1,FOOD-DATA-GROUP1.csv
Catfish Cooked,"catfish cooked, fresh fish fillet, omega 3 fatty acids, high protein",1,88.6,,,206.0,26.4,0.0,10.3,0.0,200.0,0.0,37.1,Group 1,FOOD-DATA-GROUP1.csv
Whiting Raw,"whiting raw, high protein",1,85.3,,,83.0,16.8,0.0,1.2,0.0,16.0,0.0,62.6,Group 1,FOOD-DATA-GROUP1.csv
Pink Salmon Raw,"pink salmon raw, fresh fish fillet, omega 3 fatty acids, high protein",1,92.6,Fish,,404.0,65.2,0.0,14.0,0.0,200.0,0.0,102.8,Group 1,FOOD-DATA-GROUP1.csv
Yellowfin Tuna Raw,"yellowfin tuna raw, fresh fish fillet, omega 3 fatty acids",1,75.8,Fish,,31.0,6.9,0.0,0.1,0.0,49.0,0.0,8.3,Group 1,FOOD-DATA-GROUP1.csv
Mackerel Raw,"mackerel raw, high protein",1,86.4,Fish,,230.0,20.8,0.0,15.6,0.0,100.0,0.0,52.1,Group 1,FOOD-DATA-GROUP1.csv
Turbot Raw,"turbot raw, high protein",1,92.5,,,388.0,65.5,0.0,12.0,0.0,600.0,0.0,159.3,Group 1,FOOD-DATA-GROUP1.csv
Cusk Cooked,"cusk cooked, high protein",1,87.2,,,106.0,23.1,0.0,0.8,0.0,47.0,0.0,37.3,Group 1,FOOD-DATA-GROUP1.csv
Atlantic Croaker Raw,atlantic croaker raw,1,83.6,,,82.0,14.0,0.0,2.5,0.0,14.0,0.0,28.7,Group 1,FOOD-DATA-GROUP1.csv
Sucker Cooked,"sucker cooked, high protein",1,93.3,,,148.0,26.6,0.0,3.7,0.0,19.0,0.0,144.0,Group 1,FOOD-DATA-GROUP1.csv
Spot Raw,spot raw,1,82.7,,,79.0,11.8,0.0,3.1,0.0,22.0,0.0,24.1,Group 1,FOOD-DATA-GROUP1.csv
Drum Cooked,"drum cooked, high protein",3,77.8,,,236.0,34.6,0.0,9.7,0.0,100.0,0.0,166.3,Group 1,FOOD-DATA-GROUP1.csv
Crayfish Raw,"crayfish raw, fresh fish fillet, omega 3 fatty acids",1,75.0,,,3.0,0.6,0.0,0.0,0.0,24.0,0.0,1.8,Group 1,FOOD-DATA-GROUP1.csv
Tilefish Cooked,"tilefish cooked, fresh fish fillet, omega 3 fatty acids, high protein",1,95.8,,,441.0,73.5,0.0,14.1,0.0,200.0,0.0,166.5,Group 1,FOOD-DATA-GROUP1.csv
Bluefish Cooked,"bluefish cooked, fresh fish fillet, omega 3 fatty acids, high protein",1,90.0,,,186.0,30.1,0.0,6.4,0.0,45.0,0.0,47.9,Group 1,FOOD-DATA-GROUP1.csv
Grouper Cooked,"grouper cooked, high protein",1,92.4,,,238.0,50.2,0.0,2.6,0.0,100.0,0.0,97.6,Group 1,FOOD-DATA-GROUP1.csv
Sheepshead Raw,"sheepshead raw, high protein",1,92.7,,,257.0,48.1,0.0,5.7,0.0,200.0,0.0,104.9,Group 1,FOOD-DATA-GROUP1.csv
Herring Kippered,herring kippered,1,81.9,,,87.0,9.8,0.0,4.9,0.0,400.0,0.0,49.3,Group 1,FOOD-DATA-GROUP1.csv
Grouper Raw,"grouper raw, high protein",1,93.8,,,238.0,50.2,0.0,2.6,0.0,100.0,0.0,125.1,Group 1,FOOD-DATA-GROUP1.csv
Ocean Perch Cooked,ocean perch cooked,1,81.7,,,48.0,9.3,0.0,0.9,0.0,200.0,0.0,10.4,Group 1,FOOD-DATA-GROUP1.csv
Ling Raw,"ling raw, high protein",1,92.7,,,168.0,36.7,0.0,1.2,0.0,300.0,0.0,104.9,Group 1,FOOD-DATA-GROUP1.csv
Lingcod Cooked,"lingcod cooked, fresh fish fillet, omega 3 fatty acids, high protein",1,93.9,,,329.0,68.4,0.0,4.1,0.0,200.0,0.0,128.1,Group 1,FOOD-DATA-GROUP1.csv
Florida Pompano Raw,"florida pompano raw, high protein",1,86.6,,,184.0,20.7,0.0,10.6,0.0,81.0,0.0,56.7,Group 1,FOOD-DATA-GROUP1.csv
Rockfish Cooked,"rockfish cooked, fresh fish fillet, omega 3 fatty acids, high protein",1,90.0,,,162.0,33.1,0.0,2.4,0.0,100.0,0.0,36.0,Group 1,FOOD-DATA-GROUP1.csv
Seatrout Cooked,"seatrout cooked, high protein",1,92.0,,,247.0,39.9,0.0,8.6,0.0,100.0,0.0,90.1,Group 1,FOOD-DATA-GROUP1.csv
Sockeye Salmon Raw,"sockeye salmon raw, fresh fish fillet, omega 3 fatty acids, high protein",1,94.9,Fish,,562.0,84.4,0.0,22.2,0.0,400.0,0.0,148.1,Group 1,FOOD-DATA-GROUP1.csv
Swordfish Cooked,"swordfish cooked, fresh fish fillet, omega 3 fatty acids, high protein",1,88.0,,,182.0,24.9,0.0,8.4,0.0,100.0,0.0,34.2,Group 1,FOOD-DATA-GROUP1.csv
American Shad Raw,"american shad raw, high protein",1,94.7,,,362.0,31.2,0.0,25.3,0.0,1.0,0.0,144.9,Group 1,FOOD-DATA-GROUP1.csv
Sardine Canned In Oil,"sardine canned in oil, sardine canned in oil, pure extracted plant lipids, high protein",2,90.5,Fish,,310.0,36.7,0.0,17.1,0.0,500.0,0.0,627.5,Group 1,FOOD-DATA-GROUP1.csv
Anchovy Canned In Oil,"anchovy canned in oil, anchovy canned in oil, pure extracted plant lipids",2,70.0,Fish,,8.0,1.2,0.0,0.4,0.0,100.0,0.0,11.1,Group 1,FOOD-DATA-GROUP1.csv
Salmon Canned,"salmon canned, fresh fish fillet, omega 3 fatty acids, high protein",3,63.6,Fish,,520.0,79.1,0.0,20.3,0.0,1800.0,0.0,1020.9,Group 1,FOOD-DATA-GROUP1.csv
Sardines In Tomato Sauce Canned,"sardines in tomato sauce canned, fresh fish fillet, omega 3 fatty acids, high protein",3,77.2,,,165.0,18.6,0.5,9.3,0.4,400.0,0.0,245.0,Group 1,FOOD-DATA-GROUP1.csv
Sockeye Salmon Canned,"sockeye salmon canned, fresh fish fillet, omega 3 fatty acids, high protein",3,67.7,Fish,,563.0,79.5,0.0,24.9,0.0,1400.0,0.0,888.6,Group 1,FOOD-DATA-GROUP1.csv
Tuna Canned,"tuna canned, fresh fish fillet, omega 3 fatty acids, high protein",3,67.6,Fish,,102.0,18.9,0.0,2.4,0.0,300.0,0.0,33.3,Group 1,FOOD-DATA-GROUP1.csv
Pink Salmon Canned,"pink salmon canned, fresh fish fillet, omega 3 fatty acids, high protein",3,63.9,Fish,,530.0,80.9,0.0,20.4,0.0,1700.0,0.0,987.7,Group 1,FOOD-DATA-GROUP1.csv
Cod Canned,"cod canned, fresh fish fillet, omega 3 fatty acids, high protein",3,72.2,Fish,,328.0,71.0,0.0,2.7,0.0,700.0,0.0,143.8,Group 1,FOOD-DATA-GROUP1.csv
Eastern Oyster Canned,eastern oyster canned,3,67.7,Shellfish,,110.0,11.4,6.3,4.0,0.0,200.0,0.0,113.7,Group 1,FOOD-DATA-GROUP1.csv
Chum Salmon Canned,"chum salmon canned, fresh fish fillet, omega 3 fatty acids, high protein",3,83.6,Fish,,520.0,79.1,0.0,20.3,0.0,300.0,0.0,1020.8,Group 1,FOOD-DATA-GROUP1.csv
Tuna Canned In Oil,"tuna canned in oil, tuna canned in oil, pure extracted plant lipids, high protein",2,76.5,Fish,,331.0,47.2,0.0,14.4,0.0,700.0,0.0,70.0,Group 1,FOOD-DATA-GROUP1.csv
Wild Pink Salmon Oceans,"wild pink salmon oceans, fresh fish fillet, omega 3 fatty acids",1,80.0,Fish,,320.0,0.0,0.0,16.0,0.0,0.0,0.0,16.0,Group 1,FOOD-DATA-GROUP1.csv
Shrimp Canned,"shrimp canned, high protein",3,68.5,Shellfish,,128.0,26.1,0.0,1.7,0.0,1100.0,0.0,221.3,Group 1,FOOD-DATA-GROUP1.csv
Alaska King Crab Raw,"alaska king crab raw, high protein",1,78.7,Shellfish,,144.0,31.5,0.0,1.0,0.0,1400.0,0.0,124.6,Group 1,FOOD-DATA-GROUP1.csv
Scallops Fried,scallops fried,1,80.0,,,64.0,2.6,6.4,3.2,0.0,200.0,0.0,15.7,Group 1,FOOD-DATA-GROUP1.csv
Shrimp Cooked,shrimp cooked,1,75.0,Shellfish,,7.0,1.3,0.0,0.1,0.0,12.0,0.0,6.4,Group 1,FOOD-DATA-GROUP1.csv
Clams Fried,clams fried,1,80.0,,,19.0,1.3,1.0,1.0,0.0,68.0,0.0,11.5,Group 1,FOOD-DATA-GROUP1.csv
Alaska King Crab Cooked,"alaska king crab cooked, high protein",1,76.8,Shellfish,,130.0,25.9,0.0,2.1,0.0,1400.0,0.0,118.3,Group 1,FOOD-DATA-GROUP1.csv
Scallops Cooked,scallops cooked,1,75.0,,,11.0,2.1,0.5,0.1,0.0,60.0,0.0,2.7,Group 1,FOOD-DATA-GROUP1.csv
Squid Fried,squid fried,1,84.4,Shellfish,,140.0,14.4,6.2,6.0,0.0,200.0,0.0,62.0,Group 1,FOOD-DATA-GROUP1.csv
Oyster Raw,oyster raw,1,80.0,Shellfish,,41.0,4.7,2.5,1.2,0.0,59.0,0.0,19.1,Group 1,FOOD-DATA-GROUP1.csv
Abalone,abalone,1,83.9,,,89.0,14.5,5.1,0.6,0.0,300.0,0.0,51.1,Group 1,FOOD-DATA-GROUP1.csv
Queen Crab Raw,queen crab raw,1,80.1,Shellfish,,25.0,5.2,0.0,0.3,0.0,200.0,0.0,15.6,Group 1,FOOD-DATA-GROUP1.csv
Whelk Cooked,whelk cooked,1,83.6,,,78.0,13.5,4.4,0.2,0.0,100.0,0.0,54.8,Group 1,FOOD-DATA-GROUP1.csv
Oyster Cooked,oyster cooked,1,80.0,Shellfish,,41.0,4.7,2.5,1.2,0.0,66.0,0.0,18.0,Group 1,FOOD-DATA-GROUP1.csv
Eastern Oyster Cooked,eastern oyster cooked,1,75.0,Shellfish,,8.0,0.7,0.7,0.2,0.0,38.0,0.0,8.6,Group 1,FOOD-DATA-GROUP1.csv
Blue Mussels Cooked,"blue mussels cooked, high protein",1,91.9,,,344.0,47.6,14.8,9.0,0.0,700.0,0.0,178.2,Group 1,FOOD-DATA-GROUP1.csv
Octopus Raw,octopus raw,1,80.0,Shellfish,,23.0,4.2,0.6,0.3,0.0,64.0,0.0,23.0,Group 1,FOOD-DATA-GROUP1.csv
Spiny Lobster Cooked,"spiny lobster cooked, high protein",1,95.5,Shellfish,,233.0,43.0,5.1,3.2,0.0,400.0,0.0,159.7,Group 1,FOOD-DATA-GROUP1.csv
Blue Mussels Raw,"blue mussels raw, high protein",1,86.8,,,129.0,17.9,5.5,3.4,0.0,400.0,0.0,83.7,Group 1,FOOD-DATA-GROUP1.csv
Queen Crab Cooked,"queen crab cooked, high protein",1,83.5,Shellfish,,98.0,20.2,0.0,1.3,0.0,600.0,0.0,58.2,Group 1,FOOD-DATA-GROUP1.csv
Dungeness Crab Cooked,"dungeness crab cooked, high protein",1,90.9,Shellfish,,140.0,28.3,1.2,1.6,0.0,500.0,0.0,111.2,Group 1,FOOD-DATA-GROUP1.csv
Dungeness Crab Raw,"dungeness crab raw, high protein",1,91.0,Shellfish,,140.0,28.4,1.2,1.6,0.0,500.0,0.0,112.6,Group 1,FOOD-DATA-GROUP1.csv
Shrimp Fried,shrimp fried,1,80.2,Shellfish,,52.0,1.3,4.8,3.2,0.1,200.0,0.1,14.4,Group 1,FOOD-DATA-GROUP1.csv
Shrimp Raw,shrimp raw,1,75.0,Shellfish,,4.0,0.7,0.0,0.0,0.0,83.0,0.0,3.7,Group 1,FOOD-DATA-GROUP1.csv
Blue Crab Cooked,"blue crab cooked, high protein",1,84.1,Shellfish,,71.0,15.2,0.0,0.6,0.0,300.0,0.0,16.7,Group 1,FOOD-DATA-GROUP1.csv
Shrimp Imitation,shrimp imitation,4,45.0,Shellfish,,29.0,3.5,2.6,0.4,0.0,200.0,0.0,12.1,Group 1,FOOD-DATA-GROUP1.csv
Conch Baked,"conch baked, high protein",1,95.7,,,165.0,33.4,2.2,1.5,0.0,200.0,0.0,163.4,Group 1,FOOD-DATA-GROUP1.csv
Squid Raw,squid raw,1,80.0,Shellfish,,26.0,4.4,0.9,0.4,0.0,90.0,0.0,16.4,Group 1,FOOD-DATA-GROUP1.csv
Scallop Raw,scallop raw,1,75.0,Shellfish,,10.0,1.8,0.5,0.1,0.0,57.0,0.0,3.4,Group 1,FOOD-DATA-GROUP1.csv
Lobster Raw,"lobster raw, high protein",1,90.0,Shellfish,,116.0,24.8,0.0,1.1,0.0,600.0,0.0,152.4,Group 1,FOOD-DATA-GROUP1.csv
Scallop Imitation,scallop imitation,4,40.0,Shellfish,,28.0,3.6,3.0,0.1,0.0,200.0,0.0,9.1,Group 1,FOOD-DATA-GROUP1.csv
Blue Crab Raw,blue crab raw,1,80.0,Shellfish,,18.0,3.8,0.0,0.2,0.0,79.0,0.0,23.6,Group 1,FOOD-DATA-GROUP1.csv
Whelk Raw,whelk raw,1,80.7,,,39.0,6.7,2.2,0.1,0.0,73.0,0.0,27.7,Group 1,FOOD-DATA-GROUP1.csv
Spiny Lobster Raw,"spiny lobster raw, high protein",1,95.5,Shellfish,,234.0,43.1,5.1,3.2,0.0,400.0,0.0,160.5,Group 1,FOOD-DATA-GROUP1.csv
Clams Canned,"clams canned, high protein",3,77.5,,,227.0,38.8,9.4,2.5,0.0,200.0,0.0,159.2,Group 1,FOOD-DATA-GROUP1.csv
Lobster Cooked,"lobster cooked, high protein",1,84.9,Shellfish,,134.0,28.5,0.0,1.3,0.0,700.0,0.0,32.3,Group 1,FOOD-DATA-GROUP1.csv
Eastern Oyster Fried,eastern oyster fried,1,80.0,Shellfish,,29.0,1.3,1.7,1.8,0.0,15.0,0.0,15.5,Group 1,FOOD-DATA-GROUP1.csv
Clams Raw,"clams raw, high protein",1,79.3,,,195.0,33.3,8.1,2.2,0.0,1400.0,0.0,136.0,Group 1,FOOD-DATA-GROUP1.csv
Octopus Cooked,"octopus cooked, high protein",1,92.4,Shellfish,,139.0,25.3,3.7,1.8,0.0,400.0,0.0,135.9,Group 1,FOOD-DATA-GROUP1.csv
Eastern Oyster Raw,eastern oyster raw,1,75.0,Shellfish,,8.0,0.7,0.8,0.2,0.0,21.0,0.0,9.4,Group 1,FOOD-DATA-GROUP1.csv
Oyster Fried,oyster fried,1,80.0,Shellfish,,61.0,2.1,6.7,3.0,0.0,100.0,0.0,17.9,Group 1,FOOD-DATA-GROUP1.csv
Sturgeon Smoked,sturgeon smoked,3,63.5,,,49.0,8.8,0.0,1.2,0.0,200.0,0.0,15.2,Group 1,FOOD-DATA-GROUP1.csv
Chinook Salmon Smoked,"chinook salmon smoked, fresh fish fillet, omega 3 fatty acids, high protein",3,59.5,Fish,,159.0,24.9,0.0,5.9,0.0,1100.0,0.0,47.0,Group 1,FOOD-DATA-GROUP1.csv
Cisco Smoked,cisco smoked,3,62.0,,,50.0,4.6,0.0,3.4,0.0,100.0,0.0,15.6,Group 1,FOOD-DATA-GROUP1.csv
Haddock Smoked,haddock smoked,3,62.8,,,33.0,7.1,0.0,0.3,0.0,200.0,0.0,21.7,Group 1,FOOD-DATA-GROUP1.csv
Whitefish Smoked,"whitefish smoked, fresh fish fillet, omega 3 fatty acids, high protein",3,57.4,,,147.0,31.8,0.0,1.3,0.0,1400.0,0.0,58.4,Group 1,FOOD-DATA-GROUP1.csv
Red Salmon Sockeye Filets Smoked,"red salmon sockeye filets smoked, fresh fish fillet, omega 3 fatty acids, high protein",3,76.6,Fish,,373.0,65.5,0.0,12.3,0.0,65.0,0.0,141.6,Group 1,FOOD-DATA-GROUP1.csv
Eggnog,eggnog,1,85.3,"Milk/Dairy, Eggs",,224.0,11.6,20.4,10.6,20.4,100.0,0.0,377.2,Group 2,FOOD-DATA-GROUP2.csv
Beer Light,"beer light, water, malted barley, hops, brewer yeast",3,62.0,Gluten/Wheat,,96.0,0.8,5.4,0.0,0.3,95.0,0.0,19.5,Group 2,FOOD-DATA-GROUP2.csv
Beer Budweiser,"beer budweiser, water, malted barley, hops, brewer yeast",3,57.0,Gluten/Wheat,,12.0,0.1,0.9,0.0,0.0,95.0,0.0,2.2,Group 2,FOOD-DATA-GROUP2.csv
Weizenbier Erdinger,weizenbier erdinger,1,80.0,,,220.0,0.0,0.0,18.0,0.0,0.0,0.0,18.0,Group 2,FOOD-DATA-GROUP2.csv
Beer Light Budweiser,"beer light budweiser, water, malted barley, hops, brewer yeast",3,57.0,Gluten/Wheat,,9.0,0.1,0.4,0.0,0.0,16.0,0.0,1.3,Group 2,FOOD-DATA-GROUP2.csv
Beer,"beer, water, malted barley, hops, brewer yeast",3,62.0,Gluten/Wheat,,142.0,1.5,11.7,0.0,0.0,67.0,0.0,26.4,Group 2,FOOD-DATA-GROUP2.csv
Root Beer,"root beer, water, malted barley, hops, brewer yeast",4,17.1,Gluten/Wheat,"E150d (Caramel color), E330 (Citric acid)",202.0,0.0,52.3,0.0,52.3,68.0,0.0,52.3,Group 2,FOOD-DATA-GROUP2.csv
Whiskey Sour Mix,whiskey sour mix,4,40.0,,,26.0,0.1,6.3,0.1,6.3,73.0,0.0,7.9,Group 2,FOOD-DATA-GROUP2.csv
Whiskey Sour,whiskey sour,3,62.0,,,158.0,0.0,13.9,0.0,0.0,67.0,0.0,16.7,Group 2,FOOD-DATA-GROUP2.csv
Tequila Sunrise,tequila sunrise,3,62.8,,,232.0,0.6,23.8,0.2,0.0,100.0,0.0,65.4,Group 2,FOOD-DATA-GROUP2.csv
Daiquiri,daiquiri,3,57.0,,,112.0,0.0,4.2,0.0,3.3,8.0,0.0,7.2,Group 2,FOOD-DATA-GROUP2.csv
Pina Colada,pina colada,4,26.6,,,245.0,0.6,32.0,2.7,31.5,89.0,0.4,35.9,Group 2,FOOD-DATA-GROUP2.csv
Whiskey,whiskey,3,57.0,,,58.0,0.0,0.1,0.0,0.1,0.0,0.0,0.1,Group 2,FOOD-DATA-GROUP2.csv
Rum,rum,3,57.0,,,49.0,0.0,0.0,0.0,0.0,53.0,0.0,0.0,Group 2,FOOD-DATA-GROUP2.csv
Vodka Smirnoff,vodka smirnoff,3,57.0,,,13.0,0.0,2.0,0.4,0.1,0.0,0.0,2.4,Group 2,FOOD-DATA-GROUP2.csv
Coffee Liqueur,coffee liqueur,4,41.7,,,96.0,0.0,13.8,0.0,13.7,93.0,0.0,14.2,Group 2,FOOD-DATA-GROUP2.csv
Gin,gin,1,75.0,,,53.0,0.0,0.0,0.0,0.0,29.0,0.0,0.0,Group 2,FOOD-DATA-GROUP2.csv
Dessert Wine Sweet,"dessert wine sweet, fermented grape juice, sulfites",3,62.0,,E220 (Sulfur dioxide),165.0,0.2,14.1,0.0,8.0,47.0,0.0,22.7,Group 2,FOOD-DATA-GROUP2.csv
Chenin Blanc White Wine,"chenin blanc white wine, fermented grape juice, sulfites",3,57.0,,E220 (Sulfur dioxide),118.0,0.1,4.9,0.0,0.0,0.0,0.0,5.0,Group 2,FOOD-DATA-GROUP2.csv
Gamay Red Wine,"gamay red wine, fermented grape juice, sulfites, dietary fiber",3,81.8,,E220 (Sulfur dioxide),115.0,0.1,3.5,0.0,0.0,0.0,14.4,146.6,Group 2,FOOD-DATA-GROUP2.csv
Late Harvest White Wine,"late harvest white wine, fermented grape juice, sulfites, dietary fiber",3,82.2,,E220 (Sulfur dioxide),172.0,0.1,20.6,0.0,0.0,0.0,13.1,153.6,Group 2,FOOD-DATA-GROUP2.csv
Gewurztraminer White Wine,"gewurztraminer white wine, fermented grape juice, sulfites",3,57.0,,E220 (Sulfur dioxide),119.0,0.1,3.8,0.0,0.0,0.0,0.0,3.9,Group 2,FOOD-DATA-GROUP2.csv
Burgundy Red Wine,"burgundy red wine, fermented grape juice, sulfites",3,57.0,,E220 (Sulfur dioxide),172.0,0.1,7.4,0.0,0.0,0.0,0.0,7.5,Group 2,FOOD-DATA-GROUP2.csv
Zinfandel Red Wine,"zinfandel red wine, fermented grape juice, sulfites",3,57.0,,E220 (Sulfur dioxide),129.0,0.1,4.2,0.0,0.0,0.0,0.0,4.3,Group 2,FOOD-DATA-GROUP2.csv
Muller Thurgau White Wine,"muller thurgau white wine, fermented grape juice, sulfites, dietary fiber",3,81.9,,E220 (Sulfur dioxide),112.0,0.1,5.2,0.0,0.0,0.0,13.3,147.8,Group 2,FOOD-DATA-GROUP2.csv
Mouvedre Red Wine,"mouvedre red wine, fermented grape juice, sulfites, dietary fiber",3,81.8,,E220 (Sulfur dioxide),129.0,0.1,3.9,0.0,0.0,0.0,16.5,146.6,Group 2,FOOD-DATA-GROUP2.csv
Table Wine,"table wine, fermented grape juice, sulfites",3,62.0,,E220 (Sulfur dioxide),123.0,0.1,4.0,0.0,1.2,87.0,0.0,16.4,Group 2,FOOD-DATA-GROUP2.csv
Wine Light,"wine light, fermented grape juice, sulfites",3,62.0,,E220 (Sulfur dioxide),73.0,0.1,1.7,0.0,1.7,46.0,0.0,15.7,Group 2,FOOD-DATA-GROUP2.csv
White Wine,"white wine, fermented grape juice, sulfites",3,62.0,,E220 (Sulfur dioxide),121.0,0.1,3.8,0.0,1.4,98.0,0.0,17.5,Group 2,FOOD-DATA-GROUP2.csv
Petite Sirah Red Wine,"petite sirah red wine, fermented grape juice, sulfites, dietary fiber",3,81.8,,E220 (Sulfur dioxide),125.0,0.1,3.9,0.0,0.0,0.0,15.7,146.4,Group 2,FOOD-DATA-GROUP2.csv
Non Alcoholic Wine,"non alcoholic wine, fermented grape juice, sulfites",3,57.0,,E220 (Sulfur dioxide),2.0,0.1,0.3,0.0,0.3,95.0,0.0,3.2,Group 2,FOOD-DATA-GROUP2.csv
Pinot Noir Red Wine,"pinot noir red wine, fermented grape juice, sulfites",3,57.0,,E220 (Sulfur dioxide),121.0,0.1,3.4,0.0,0.0,0.0,0.0,3.5,Group 2,FOOD-DATA-GROUP2.csv
Pinot Gris Grigio White Wine,"pinot gris grigio white wine, fermented grape juice, sulfites",3,57.0,,E220 (Sulfur dioxide),122.0,0.1,3.0,0.0,0.0,0.0,0.0,3.1,Group 2,FOOD-DATA-GROUP2.csv
Riesling White Wine,"riesling white wine, fermented grape juice, sulfites",3,57.0,,E220 (Sulfur dioxide),118.0,0.1,5.5,0.0,0.0,0.0,0.0,5.6,Group 2,FOOD-DATA-GROUP2.csv
Barbera Red Wine,"barbera red wine, fermented grape juice, sulfites",3,57.0,,E220 (Sulfur dioxide),170.0,0.1,5.6,0.0,0.0,0.0,0.0,5.7,Group 2,FOOD-DATA-GROUP2.csv
Lemberger Red Wine,"lemberger red wine, fermented grape juice, sulfites, dietary fiber",3,81.8,,E220 (Sulfur dioxide),118.0,0.1,3.6,0.0,0.0,0.0,15.0,146.6,Group 2,FOOD-DATA-GROUP2.csv
Merlot Red Wine,"merlot red wine, fermented grape juice, sulfites",3,62.0,,E220 (Sulfur dioxide),122.0,0.1,3.7,0.0,0.9,11.0,0.0,16.3,Group 2,FOOD-DATA-GROUP2.csv
Sangiovese Red Wine,"sangiovese red wine, fermented grape juice, sulfites",3,57.0,,E220 (Sulfur dioxide),126.0,0.1,3.9,0.0,0.0,0.0,0.0,4.0,Group 2,FOOD-DATA-GROUP2.csv
Sauvignon Blanc White Wine,"sauvignon blanc white wine, fermented grape juice, sulfites",3,57.0,,E220 (Sulfur dioxide),119.0,0.1,3.0,0.0,0.0,0.0,0.0,3.1,Group 2,FOOD-DATA-GROUP2.csv
Syrah Red Wine,"syrah red wine, fermented grape juice, sulfites",3,57.0,,E220 (Sulfur dioxide),122.0,0.1,3.8,0.0,0.0,0.0,0.0,3.9,Group 2,FOOD-DATA-GROUP2.csv
Carignane Red Wine,"carignane red wine, fermented grape juice, sulfites",3,62.0,,E220 (Sulfur dioxide),370.0,0.4,12.0,0.0,0.0,0.0,0.0,12.4,Group 2,FOOD-DATA-GROUP2.csv
Pinot Blanc White Wine,"pinot blanc white wine, fermented grape juice, sulfites",3,57.0,,E220 (Sulfur dioxide),119.0,0.1,2.9,0.0,0.0,0.0,0.0,3.0,Group 2,FOOD-DATA-GROUP2.csv
Semillon White Wine,"semillon white wine, fermented grape juice, sulfites, dietary fiber",3,81.9,,E220 (Sulfur dioxide),121.0,0.1,4.6,0.0,0.0,0.0,14.9,147.7,Group 2,FOOD-DATA-GROUP2.csv
Dessert Wine Dry,"dessert wine dry, fermented grape juice, sulfites, dietary fiber",3,83.8,,E220 (Sulfur dioxide),760.0,1.0,58.4,0.0,5.5,0.0,76.5,498.8,Group 2,FOOD-DATA-GROUP2.csv
Red Wine,"red wine, fermented grape juice, sulfites",3,62.0,,E220 (Sulfur dioxide),125.0,0.1,3.8,0.0,0.9,27.0,0.0,16.4,Group 2,FOOD-DATA-GROUP2.csv
Cabernet Sauvignon Red Wine,"cabernet sauvignon red wine, fermented grape juice, sulfites",3,57.0,,E220 (Sulfur dioxide),166.0,0.1,5.2,0.0,0.0,0.0,0.0,5.3,Group 2,FOOD-DATA-GROUP2.csv
Muscat White Wine,"muscat white wine, fermented grape juice, sulfites",3,57.0,,E220 (Sulfur dioxide),123.0,0.1,7.8,0.0,0.0,0.0,0.0,7.9,Group 2,FOOD-DATA-GROUP2.csv
Cooking Wine,"cooking wine, fermented grape juice, sulfites",3,57.0,,E220 (Sulfur dioxide),2.0,0.0,0.3,0.0,0.1,2.0,0.0,0.9,Group 2,FOOD-DATA-GROUP2.csv
Chardonnay White Wine,"chardonnay white wine, fermented grape juice, sulfites",3,62.0,,E220 (Sulfur dioxide),168.0,0.1,4.3,0.0,1.9,27.0,0.0,22.9,Group 2,FOOD-DATA-GROUP2.csv
Claret Red Wine,"claret red wine, fermented grape juice, sulfites, dietary fiber",3,81.8,,E220 (Sulfur dioxide),122.0,0.1,4.4,0.0,0.0,0.0,15.0,146.5,Group 2,FOOD-DATA-GROUP2.csv
Rice Sake,rice sake,1,80.0,,,197.0,0.7,7.4,0.0,0.0,46.0,0.0,15.6,Group 2,FOOD-DATA-GROUP2.csv
Fume Blanc White Wine,"fume blanc white wine, fermented grape juice, sulfites, dietary fiber",3,81.8,,E220 (Sulfur dioxide),121.0,0.1,3.3,0.0,0.0,0.0,15.4,146.7,Group 2,FOOD-DATA-GROUP2.csv
Cabarnet Franc Red Wine,"cabarnet franc red wine, fermented grape juice, sulfites",3,57.0,,E220 (Sulfur dioxide),122.0,0.1,3.6,0.0,0.0,0.0,0.0,3.7,Group 2,FOOD-DATA-GROUP2.csv
Chocolate Frosting,chocolate frosting,4,43.9,,,81.0,0.2,13.0,3.6,11.8,25.0,0.2,18.9,Group 2,FOOD-DATA-GROUP2.csv
White Sugar,white sugar,2,65.0,,,19.0,0.0,5.0,0.0,4.9,12.0,0.0,5.0,Group 2,FOOD-DATA-GROUP2.csv
Egg Substitute,"egg substitute, high protein",1,94.1,Eggs,,115.0,24.0,4.8,0.0,4.8,500.0,0.0,210.0,Group 2,FOOD-DATA-GROUP2.csv
Agave Syrup,agave syrup,2,65.0,,,21.0,0.0,5.3,0.1,4.7,90.0,0.0,5.5,Group 2,FOOD-DATA-GROUP2.csv
Splenda Sweetener,splenda sweetener,4,11.1,,,336.0,0.0,91.2,0.0,80.3,0.0,0.0,91.2,Group 2,FOOD-DATA-GROUP2.csv
Vanilla Extract,vanilla extract,1,75.0,,,12.0,0.0,0.5,0.1,0.5,61.0,0.0,1.2,Group 2,FOOD-DATA-GROUP2.csv
Egg Yolk Dried,egg yolk dried,1,80.0,Eggs,,27.0,1.3,0.1,2.3,0.0,71.0,0.0,16.4,Group 2,FOOD-DATA-GROUP2.csv
Granulated Sugar,granulated sugar,2,65.0,,,16.0,0.0,4.2,0.0,4.2,19.0,0.0,4.3,Group 2,FOOD-DATA-GROUP2.csv
Baking Chocolate,"baking chocolate, dietary fiber",4,57.8,,,145.0,3.7,8.7,15.2,0.3,49.0,4.8,66.7,Group 2,FOOD-DATA-GROUP2.csv
Bakers Yeast,bakers yeast,1,83.5,,,18.0,1.4,3.1,0.3,0.0,66.0,1.4,10.1,Group 2,FOOD-DATA-GROUP2.csv
Fondant,fondant,1,66.3,,,106.0,0.0,26.4,0.0,25.2,22.0,0.0,27.4,Group 2,FOOD-DATA-GROUP2.csv
Brown Sugar,brown sugar,2,65.0,,,16.0,0.0,4.1,0.0,4.1,94.0,0.0,7.6,Group 2,FOOD-DATA-GROUP2.csv
White Frosting Dry,white frosting dry,4,46.1,,,768.0,4.8,196.4,0.0,0.0,500.0,0.0,209.7,Group 2,FOOD-DATA-GROUP2.csv
Maple Sugar,maple sugar,2,69.8,,,42.0,0.0,10.9,0.1,10.2,31.0,0.0,22.0,Group 2,FOOD-DATA-GROUP2.csv
Fructose Sweetener,fructose sweetener,4,40.0,,,15.0,0.0,4.2,0.0,3.9,13.0,0.0,4.3,Group 2,FOOD-DATA-GROUP2.csv
Saccharin Sweetener,saccharin sweetener,4,11.0,,,360.0,0.9,89.1,0.0,85.2,400.0,0.0,90.1,Group 2,FOOD-DATA-GROUP2.csv
Egg White Raw,egg white raw,1,75.0,Eggs,,17.0,3.6,0.2,0.1,0.2,38.0,0.0,6.2,Group 2,FOOD-DATA-GROUP2.csv
Turbinado Sugar,turbinado sugar,2,65.0,,,18.0,0.0,4.6,0.0,4.6,8.0,0.0,5.2,Group 2,FOOD-DATA-GROUP2.csv
Vanilla Frosting,vanilla frosting,4,6.5,,,1931.0,0.0,313.7,75.0,291.5,900.0,0.0,403.3,Group 2,FOOD-DATA-GROUP2.csv
Aspartame Sweetener,aspartame sweetener,4,11.1,,,365.0,2.2,89.1,0.0,80.7,0.0,0.0,91.4,Group 2,FOOD-DATA-GROUP2.csv
Egg Raw,egg raw,1,80.8,Eggs,,80.0,7.0,0.4,5.3,0.2,80.0,0.0,45.2,Group 2,FOOD-DATA-GROUP2.csv
Pineapple Topping,"pineapple topping, fresh raw fruit, natural fruit sugars, plant dietary fiber, vitamin c",4,23.8,,,860.0,0.3,225.8,0.3,71.4,100.0,1.4,259.1,Group 2,FOOD-DATA-GROUP2.csv
Egg White Dried,egg white dried,1,80.3,Eggs,,26.0,5.8,0.3,0.1,0.0,52.0,0.0,12.3,Group 2,FOOD-DATA-GROUP2.csv
Egg Yolk Raw,egg yolk raw,1,80.0,Eggs,,55.0,2.7,0.6,4.5,0.1,6.0,0.0,30.3,Group 2,FOOD-DATA-GROUP2.csv
Baking Soda,baking soda,4,26.5,,"E150d (Caramel color), E330 (Citric acid)",0.0,0.0,0.0,0.0,0.0,1300.0,0.0,0.0,Group 2,FOOD-DATA-GROUP2.csv
Egg Dried,egg dried,1,80.0,Eggs,,30.0,2.4,0.0,2.2,0.1,60.0,0.0,16.6,Group 2,FOOD-DATA-GROUP2.csv
Strawberry Topping,"strawberry topping, fresh raw fruit, natural fruit sugars, plant dietary fiber, vitamin c",1,80.2,,,53.0,0.0,13.9,0.1,5.7,99.0,0.1,18.3,Group 2,FOOD-DATA-GROUP2.csv
Bakers Yeast Dry,bakers yeast dry,1,77.8,,,13.0,1.6,1.6,0.3,0.0,81.0,1.1,5.9,Group 2,FOOD-DATA-GROUP2.csv
Almond Paste,"almond paste, dietary fiber, high protein",4,39.4,Tree Nuts,,1040.0,20.4,108.5,63.0,82.3,51.0,10.9,597.0,Group 2,FOOD-DATA-GROUP2.csv
Cream Of Tartar,cream of tartar,1,75.0,Milk/Dairy,,8.0,0.0,1.8,0.0,0.0,9.0,0.0,2.1,Group 2,FOOD-DATA-GROUP2.csv
Popover Dry Mix,"popover dry mix, high protein",1,76.3,,,631.0,17.7,120.7,7.3,0.0,1500.0,0.0,205.3,Group 2,FOOD-DATA-GROUP2.csv
Egg Substitute Powder,"egg substitute powder, high protein",4,52.7,Eggs,,126.0,15.7,6.2,3.7,6.2,200.0,0.0,119.1,Group 2,FOOD-DATA-GROUP2.csv
Gelatin Powder,gelatin powder,4,40.0,,,17.0,4.3,0.0,0.1,0.0,29.0,0.0,7.3,Group 2,FOOD-DATA-GROUP2.csv
Tapioca Pearls,"tapioca pearls, fresh raw fruit, natural fruit sugars, plant dietary fiber, vitamin c",1,89.5,,,544.0,0.3,134.8,0.1,5.1,77.0,1.4,169.3,Group 2,FOOD-DATA-GROUP2.csv
Baking Powder,baking powder,4,54.7,,,2.0,0.0,1.3,0.0,0.0,500.0,0.0,272.2,Group 2,FOOD-DATA-GROUP2.csv
Egg Boiled,"egg boiled, egg boiled, pure extracted plant lipids",1,81.0,Eggs,,93.0,7.5,0.7,6.4,0.7,42.0,0.0,45.3,Group 2,FOOD-DATA-GROUP2.csv
Millet Flour,"millet flour, dietary fiber",1,97.6,Gluten/Wheat,,444.0,12.8,86.9,5.1,2.0,56.0,4.2,130.4,Group 2,FOOD-DATA-GROUP2.csv
Triticale Flour,"triticale flour, dietary fiber, high protein",1,98.0,Gluten/Wheat,,439.0,17.1,95.1,2.4,0.0,96.0,19.0,182.5,Group 2,FOOD-DATA-GROUP2.csv
Corn Flour White,"corn flour white, dietary fiber",1,98.0,Gluten/Wheat,,414.0,9.6,87.3,4.2,1.8,36.0,7.3,267.4,Group 2,FOOD-DATA-GROUP2.csv
Rice Flour Brown,"rice flour brown, dietary fiber",1,98.0,Gluten/Wheat,,574.0,11.4,120.8,4.4,1.3,39.0,7.3,164.4,Group 2,FOOD-DATA-GROUP2.csv
Sorghum Flour,"sorghum flour, dietary fiber",1,98.0,Gluten/Wheat,,437.0,9.5,93.7,4.0,2.3,23.0,8.0,133.3,Group 2,FOOD-DATA-GROUP2.csv
Cornmeal Whole Grain,"cornmeal whole grain, dietary fiber",1,98.0,,,442.0,9.9,93.8,4.4,0.8,22.0,8.9,128.5,Group 2,FOOD-DATA-GROUP2.csv
Cornmeal White,"cornmeal white, dietary fiber",1,98.0,,,581.0,11.2,124.7,2.7,2.5,94.0,6.1,151.1,Group 2,FOOD-DATA-GROUP2.csv
Barley Flour,"barley flour, dietary fiber, high protein",1,98.0,Gluten/Wheat,,511.0,15.5,110.3,2.4,1.2,62.0,14.9,194.5,Group 2,FOOD-DATA-GROUP2.csv
Safflower Seed Meal,safflower seed meal,1,82.0,,,97.0,10.1,13.8,0.7,0.0,6.0,0.0,47.8,Group 2,FOOD-DATA-GROUP2.csv
Sesame Flour,"sesame flour, high protein",1,98.0,"Gluten/Wheat, Sesame",,658.0,38.5,33.3,46.4,0.0,41.0,0.0,336.0,Group 2,FOOD-DATA-GROUP2.csv
Whole Grain Wheat Flour,"whole grain wheat flour, dietary fiber, high protein",1,98.0,Gluten/Wheat,,408.0,15.9,86.4,3.0,0.5,27.0,12.8,163.2,Group 2,FOOD-DATA-GROUP2.csv
Corn Flour Yellow,"corn flour yellow, dietary fiber",1,98.0,Gluten/Wheat,,422.0,8.1,89.9,4.5,0.7,40.0,8.5,122.0,Group 2,FOOD-DATA-GROUP2.csv
Corn Flour Whole Grain,"corn flour whole grain, dietary fiber",1,98.0,Gluten/Wheat,,422.0,8.1,89.9,4.5,0.7,33.0,8.5,122.0,Group 2,FOOD-DATA-GROUP2.csv
Cottonseed Flour Low Fat,cottonseed flour low fat,1,89.3,Gluten/Wheat,,94.0,14.1,10.2,0.4,0.0,22.0,0.0,163.1,Group 2,FOOD-DATA-GROUP2.csv
Sunflower Seed Flour,sunflower seed flour,1,75.5,Gluten/Wheat,,13.0,1.9,1.4,0.0,0.0,73.0,0.2,8.6,Group 2,FOOD-DATA-GROUP2.csv
Sesame Meal,sesame meal,1,81.2,Sesame,,160.0,4.8,7.4,13.6,0.0,73.0,0.0,73.2,Group 2,FOOD-DATA-GROUP2.csv
Acorn Flour,acorn flour,1,87.8,"Gluten/Wheat, Tree Nuts",,626.0,9.4,68.3,37.7,0.0,0.0,0.0,170.7,Group 2,FOOD-DATA-GROUP2.csv
Rice Flour White,"rice flour white, dietary fiber",1,96.7,Gluten/Wheat,,578.0,9.4,126.6,2.2,0.2,0.0,3.8,158.4,Group 2,FOOD-DATA-GROUP2.csv
Sesame Flour Low Fat,sesame flour low fat,1,84.7,"Gluten/Wheat, Sesame",,94.0,14.2,10.0,0.5,0.0,72.0,0.0,70.9,Group 2,FOOD-DATA-GROUP2.csv
Potato Flour,"potato flour, dietary fiber",1,98.0,Gluten/Wheat,,571.0,11.0,133.0,0.5,5.6,42.0,9.4,155.4,Group 2,FOOD-DATA-GROUP2.csv
Cornmeal Yellow,"cornmeal yellow, dietary fiber",1,98.0,,,581.0,11.2,124.7,2.7,2.5,11.0,6.1,151.1,Group 2,FOOD-DATA-GROUP2.csv
Rye Flour,"rye flour, dietary fiber",1,98.0,Gluten/Wheat,,364.0,10.0,78.2,1.4,0.9,61.0,8.2,112.0,Group 2,FOOD-DATA-GROUP2.csv
Arrowroot Flour,"arrowroot flour, dietary fiber",1,97.0,Gluten/Wheat,,457.0,0.4,112.8,0.1,0.0,2.0,4.4,169.3,Group 2,FOOD-DATA-GROUP2.csv
Chickpea Flour,"chickpea flour, dietary fiber, high protein",1,98.0,Gluten/Wheat,,356.0,20.6,53.2,6.2,10.0,50.0,9.9,135.8,Group 2,FOOD-DATA-GROUP2.csv
Wheat Flour,"wheat flour, dietary fiber",1,96.0,Gluten/Wheat,,455.0,12.9,95.4,1.2,0.3,61.0,3.4,137.5,Group 2,FOOD-DATA-GROUP2.csv
Cornstarch,cornstarch,1,86.6,,,488.0,0.3,116.8,0.0,0.0,93.0,1.2,121.5,Group 2,FOOD-DATA-GROUP2.csv
Carob Flour,carob flour,1,86.0,Gluten/Wheat,,13.0,0.3,5.3,0.1,2.9,33.0,2.4,29.2,Group 2,FOOD-DATA-GROUP2.csv
Buckwheat Flour,"buckwheat flour, dietary fiber, high protein",1,98.0,Gluten/Wheat,,402.0,15.1,84.7,3.7,3.1,33.0,12.0,169.6,Group 2,FOOD-DATA-GROUP2.csv
Pecan Pie,pecan pie,1,84.8,"Gluten/Wheat, Tree Nuts",,503.0,6.0,63.7,27.1,0.0,300.0,0.0,137.9,Group 2,FOOD-DATA-GROUP2.csv
Apple Pie,"apple pie, fresh raw fruit, natural fruit sugars, plant dietary fiber, vitamin c",1,81.4,Gluten/Wheat,,331.0,3.0,46.4,15.6,0.0,300.0,0.0,77.4,Group 2,FOOD-DATA-GROUP2.csv
Vanilla Wafer Pie Crust,vanilla wafer pie crust,1,80.3,Gluten/Wheat,,935.0,6.5,88.4,63.7,12.9,900.0,0.2,236.2,Group 2,FOOD-DATA-GROUP2.csv
Chocolate Pie Crust,"chocolate pie crust, dietary fiber",4,26.1,Gluten/Wheat,,881.0,11.1,117.4,40.8,47.9,900.0,4.9,240.2,Group 2,FOOD-DATA-GROUP2.csv
Apple Strudel,"apple strudel, fresh raw fruit, natural fruit sugars, plant dietary fiber, vitamin c",1,76.7,,,195.0,2.3,29.2,8.0,18.3,20.0,1.6,53.4,Group 2,FOOD-DATA-GROUP2.csv
Chocolate Snack Cake,chocolate snack cake,4,43.6,Gluten/Wheat,,200.0,1.8,30.2,8.0,18.9,200.0,1.6,102.5,Group 2,FOOD-DATA-GROUP2.csv
Fruit Fried Pie,"fruit fried pie, fresh raw fruit, natural fruit sugars, plant dietary fiber, vitamin c, dietary fiber",1,67.8,Gluten/Wheat,,404.0,3.8,54.5,20.6,27.4,400.0,3.3,113.8,Group 2,FOOD-DATA-GROUP2.csv
Pumpkin Pie,pumpkin pie,1,88.9,Gluten/Wheat,,316.0,7.0,40.9,14.4,0.0,300.0,0.0,212.7,Group 2,FOOD-DATA-GROUP2.csv
Corn Cake,corn cake,1,80.5,Gluten/Wheat,,35.0,0.7,7.5,0.2,2.1,10.0,0.2,10.4,Group 2,FOOD-DATA-GROUP2.csv
Sponge Snack Cake,sponge snack cake,1,75.9,Gluten/Wheat,,157.0,1.5,26.9,4.8,15.7,200.0,0.4,44.4,Group 2,FOOD-DATA-GROUP2.csv
Danish Pastry With Nuts,danish pastry with nuts,1,80.4,,,280.0,4.6,29.7,16.4,16.8,200.0,1.3,115.5,Group 2,FOOD-DATA-GROUP2.csv
Chocolate Cream Pie,chocolate cream pie,4,52.2,"Milk/Dairy, Gluten/Wheat",,301.0,2.6,33.3,19.2,0.0,100.0,2.0,93.8,Group 2,FOOD-DATA-GROUP2.csv
Angel Food Cake,angel food cake,1,81.4,Gluten/Wheat,,72.0,1.7,16.2,0.2,0.0,200.0,0.4,57.8,Group 2,FOOD-DATA-GROUP2.csv
Lemon Meringue Pie,lemon meringue pie,1,82.1,"Gluten/Wheat, Eggs",,362.0,4.8,49.7,16.4,0.0,300.0,0.0,91.6,Group 2,FOOD-DATA-GROUP2.csv
Danish Pastry With Cinnamon,danish pastry with cinnamon,1,83.0,,,349.0,4.8,46.9,16.7,0.0,300.0,0.0,109.9,Group 2,FOOD-DATA-GROUP2.csv
Cinnamon Coffeecake,cinnamon coffeecake,1,84.1,,,238.0,3.9,26.6,13.3,0.0,200.0,1.1,77.1,Group 2,FOOD-DATA-GROUP2.csv
Cheesecake,"cheesecake, pasteurized milk, cheese cultures, salt, enzymes",3,57.8,,,257.0,4.4,20.4,18.0,17.4,400.0,0.3,84.8,Group 2,FOOD-DATA-GROUP2.csv
Fruitcake,"fruitcake, fresh raw fruit, natural fruit sugars, plant dietary fiber, vitamin c",1,82.4,,,139.0,1.2,26.5,3.9,11.8,13.0,1.6,48.5,Group 2,FOOD-DATA-GROUP2.csv
Egg Custard,egg custard,4,41.8,"Milk/Dairy, Eggs",,293.0,14.2,31.0,12.9,31.0,200.0,0.0,360.9,Group 2,FOOD-DATA-GROUP2.csv
Mince Pie,"mince pie, dietary fiber",4,25.0,Gluten/Wheat,,477.0,4.3,79.2,17.8,46.7,400.0,4.3,154.1,Group 2,FOOD-DATA-GROUP2.csv
Yellow Cake With Chocolate Frosting,yellow cake with chocolate frosting,4,27.1,Gluten/Wheat,,546.0,4.6,79.7,25.6,56.5,400.0,2.2,161.1,Group 2,FOOD-DATA-GROUP2.csv
Danish Pastry With Fruit,"danish pastry with fruit, fresh raw fruit, natural fruit sugars, plant dietary fiber, vitamin c",1,82.0,,,335.0,4.8,45.1,15.9,0.0,300.0,0.0,90.5,Group 2,FOOD-DATA-GROUP2.csv
White Cake With Coconut Frosting,white cake with coconut frosting,4,18.8,Gluten/Wheat,,399.0,4.9,70.8,11.5,64.3,300.0,1.1,190.6,Group 2,FOOD-DATA-GROUP2.csv
Danish Pastry With Cheese,"danish pastry with cheese, pasteurized milk, cheese cultures, salt, enzymes",3,66.5,Milk/Dairy,,353.0,5.8,28.7,24.6,0.0,300.0,0.0,133.7,Group 2,FOOD-DATA-GROUP2.csv
Graham Cracker Pie Crust,"graham cracker pie crust, dietary fiber",3,44.9,Gluten/Wheat,,917.0,9.3,117.7,45.4,33.2,900.0,3.5,233.8,Group 2,FOOD-DATA-GROUP2.csv
Blueberry Pie,"blueberry pie, fresh raw fruit, natural fruit sugars, plant dietary fiber, vitamin c",1,81.7,Gluten/Wheat,,360.0,4.0,49.2,17.5,0.0,300.0,0.0,83.8,Group 2,FOOD-DATA-GROUP2.csv
Yellow Cake With Vanilla Frosting,yellow cake with vanilla frosting,4,47.5,Gluten/Wheat,,239.0,2.2,37.6,9.3,0.0,200.0,0.2,89.8,Group 2,FOOD-DATA-GROUP2.csv
Pie Crust,pie crust,1,81.0,Gluten/Wheat,,121.0,1.5,10.9,8.0,0.0,100.0,0.4,23.8,Group 2,FOOD-DATA-GROUP2.csv
Chocolate Cake With Chocolate Frosting,chocolate cake with chocolate frosting,4,27.5,Gluten/Wheat,,537.0,4.8,72.9,27.7,55.1,500.0,3.0,154.2,Group 2,FOOD-DATA-GROUP2.csv
Cheese Coffeecake,"cheese coffeecake, pasteurized milk, cheese cultures, salt, enzymes",3,66.5,Milk/Dairy,,258.0,5.3,33.7,11.6,0.0,300.0,0.8,96.8,Group 2,FOOD-DATA-GROUP2.csv
Vanilla Cream Pie,vanilla cream pie,1,83.6,"Milk/Dairy, Gluten/Wheat",,350.0,6.0,41.1,18.1,16.0,300.0,0.8,181.4,Group 2,FOOD-DATA-GROUP2.csv
Pineapple Cake,"pineapple cake, fresh raw fruit, natural fruit sugars, plant dietary fiber, vitamin c",1,90.7,Gluten/Wheat,,367.0,4.0,58.1,13.9,0.0,400.0,0.9,218.0,Group 2,FOOD-DATA-GROUP2.csv
Peach Pie,"peach pie, fresh raw fruit, natural fruit sugars, plant dietary fiber, vitamin c",1,74.9,Gluten/Wheat,,262.0,2.2,38.5,11.7,19.0,300.0,0.9,64.4,Group 2,FOOD-DATA-GROUP2.csv
Fruit Coffeecake,"fruit coffeecake, fresh raw fruit, natural fruit sugars, plant dietary fiber, vitamin c",1,83.7,,,156.0,2.6,25.8,5.1,0.0,200.0,1.3,58.9,Group 2,FOOD-DATA-GROUP2.csv
Pound Cake,pound cake,1,80.5,Gluten/Wheat,,116.0,1.7,14.6,6.0,0.0,100.0,0.2,33.5,Group 2,FOOD-DATA-GROUP2.csv
Pound Cake Bread,"pound cake bread, grain flour, water, yeast, salt",3,65.2,Gluten/Wheat,,215.0,3.9,28.2,9.6,10.0,200.0,0.9,69.1,Group 2,FOOD-DATA-GROUP2.csv
White Cake,white cake,1,72.0,Gluten/Wheat,,264.0,4.0,42.3,9.2,26.3,200.0,0.6,153.6,Group 2,FOOD-DATA-GROUP2.csv
Coffeecake With Chocolate Frosting,coffeecake with chocolate frosting,4,52.0,,,298.0,4.5,48.4,9.7,0.0,300.0,1.8,99.2,Group 2,FOOD-DATA-GROUP2.csv
Popcorn Cake,popcorn cake,1,80.8,Gluten/Wheat,,38.0,1.0,8.0,0.3,0.0,50.0,0.3,10.7,Group 2,FOOD-DATA-GROUP2.csv
Banana Cream Pie,"banana cream pie, fresh raw fruit, natural fruit sugars, plant dietary fiber, vitamin c, dietary fiber, high protein",4,19.0,"Milk/Dairy, Gluten/Wheat",,3190.0,52.2,390.2,161.3,143.0,2800.0,8.3,1533.5,Group 2,FOOD-DATA-GROUP2.csv
Baked Apple Pie Mcdonalds,"baked apple pie mcdonalds, fresh raw fruit, natural fruit sugars, plant dietary fiber, vitamin c",1,81.5,Gluten/Wheat,,91.0,0.9,12.3,4.4,4.9,76.0,0.6,33.3,Group 2,FOOD-DATA-GROUP2.csv
Sponge Cake,sponge cake,1,81.1,Gluten/Wheat,,187.0,4.6,36.4,2.7,0.0,100.0,0.0,71.3,Group 2,FOOD-DATA-GROUP2.csv
Yellow Cake,yellow cake,1,86.3,Gluten/Wheat,,245.0,3.6,36.0,9.9,0.0,200.0,0.5,150.5,Group 2,FOOD-DATA-GROUP2.csv
Shortcake,shortcake,1,81.4,,,98.0,1.7,13.7,4.0,0.0,100.0,0.0,78.2,Group 2,FOOD-DATA-GROUP2.csv
Cherry Pie,cherry pie,1,83.5,Gluten/Wheat,,486.0,5.0,69.3,22.0,0.0,300.0,0.0,119.4,Group 2,FOOD-DATA-GROUP2.csv
Dutch Apple Pie,"dutch apple pie, fresh raw fruit, natural fruit sugars, plant dietary fiber, vitamin c",4,27.3,Gluten/Wheat,,397.0,3.0,61.0,15.8,30.2,300.0,2.2,110.3,Group 2,FOOD-DATA-GROUP2.csv
Chocolate Cake,chocolate cake,4,52.8,Gluten/Wheat,,352.0,5.0,50.7,14.3,0.0,300.0,1.5,130.2,Group 2,FOOD-DATA-GROUP2.csv
Marshmallow,marshmallow,4,43.7,,,64.0,0.4,16.3,0.0,11.5,39.0,0.0,17.4,Group 2,FOOD-DATA-GROUP2.csv
Sugar Apple,"sugar apple, fresh raw fruit, natural fruit sugars, plant dietary fiber, vitamin c, dietary fiber",2,78.5,,,72.0,1.6,18.2,0.2,0.0,45.0,3.4,23.6,Group 2,FOOD-DATA-GROUP2.csv
Toffee,toffee,1,80.0,,,67.0,0.1,7.8,3.9,7.6,44.0,0.0,12.0,Group 2,FOOD-DATA-GROUP2.csv
Vanilla Fudge With Nuts,vanilla fudge with nuts,1,71.7,,,123.0,0.8,21.1,3.9,20.1,75.0,0.3,39.6,Group 2,FOOD-DATA-GROUP2.csv
Peanuts Chocolate Coated,peanuts chocolate coated,4,40.5,,,21.0,0.5,2.0,1.3,1.5,63.0,0.2,8.3,Group 2,FOOD-DATA-GROUP2.csv
Caramel With Nuts Chocolate Coated,caramel with nuts chocolate coated,4,46.5,,,66.0,1.3,8.5,2.9,5.8,41.0,0.6,24.7,Group 2,FOOD-DATA-GROUP2.csv
Gingerbread,"gingerbread, grain flour, water, yeast, salt",3,64.8,,,263.0,2.9,36.4,12.1,0.0,200.0,0.0,106.1,Group 2,FOOD-DATA-GROUP2.csv
Rolo Nestle,rolo nestle,1,75.0,,,24.0,0.0,0.2,1.0,0.1,0.0,0.0,1.2,Group 2,FOOD-DATA-GROUP2.csv
Vanilla Fudge,vanilla fudge,1,68.7,,,108.0,0.3,23.2,1.5,22.6,40.0,0.0,35.9,Group 2,FOOD-DATA-GROUP2.csv
Halavah,"halavah, dietary fiber",1,91.8,,,328.0,8.7,42.3,15.1,0.0,100.0,3.2,95.6,Group 2,FOOD-DATA-GROUP2.csv
Praline,praline,1,73.0,,,189.0,1.3,23.2,10.1,21.8,16.0,1.4,53.4,Group 2,FOOD-DATA-GROUP2.csv
Fruit Juice Bar,"fruit juice bar, fresh raw fruit, natural fruit sugars, plant dietary fiber, vitamin c",1,78.8,,,67.0,0.9,15.6,0.1,13.5,11.0,0.8,28.7,Group 2,FOOD-DATA-GROUP2.csv
Peanut Brittle,peanut brittle,1,77.7,Peanuts,,138.0,2.1,20.2,5.4,14.5,100.0,0.7,36.3,Group 2,FOOD-DATA-GROUP2.csv
Butterscotch,"butterscotch, pasteurized cream, natural milk fat",2,65.0,,,21.0,0.1,4.8,0.2,4.3,39.0,0.0,5.4,Group 2,FOOD-DATA-GROUP2.csv
Chocolate Coffee Beans,chocolate coffee beans,4,46.4,,,155.0,2.1,15.6,9.4,14.4,6.0,1.6,77.1,Group 2,FOOD-DATA-GROUP2.csv
Nougat With Almonds,nougat with almonds,1,79.7,,,56.0,0.5,12.9,0.2,11.7,61.0,0.5,18.7,Group 2,FOOD-DATA-GROUP2.csv
Carob,carob,1,82.5,,,135.0,2.0,14.1,7.8,8.5,15.0,1.0,25.0,Group 2,FOOD-DATA-GROUP2.csv
Peanut Butter Fudge,"peanut butter fudge, pasteurized cream, natural milk fat",2,68.7,"Milk/Dairy, Peanuts",,62.0,0.6,12.4,1.1,11.7,85.0,0.1,21.1,Group 2,FOOD-DATA-GROUP2.csv
Sugar Coated Almonds,sugar coated almonds,2,65.0,,,17.0,0.4,2.4,0.6,2.2,21.0,0.0,6.9,Group 2,FOOD-DATA-GROUP2.csv
Chocolate Coated Marshmallow,chocolate coated marshmallow,4,44.2,,,118.0,1.1,19.0,4.7,12.5,2.0,0.6,39.1,Group 2,FOOD-DATA-GROUP2.csv
Raisins Chocolate Coated,"raisins chocolate coated, dietary fiber",4,23.2,,,390.0,4.1,68.4,14.8,62.2,21.0,3.1,178.3,Group 2,FOOD-DATA-GROUP2.csv
Chewing Gum Sugarless,chewing gum sugarless,2,65.2,,,5.0,0.0,1.9,0.0,0.0,1.0,0.1,2.4,Group 2,FOOD-DATA-GROUP2.csv
Chewing Gum,chewing gum,1,75.0,,,11.0,0.0,2.9,0.0,2.0,83.0,0.0,3.0,Group 2,FOOD-DATA-GROUP2.csv
Chocolate Syrup,chocolate syrup,4,39.0,,,109.0,0.8,25.4,0.4,19.4,61.0,1.0,34.0,Group 2,FOOD-DATA-GROUP2.csv
Chocolate Fudge Syrup,chocolate fudge syrup,4,46.2,,,67.0,0.9,12.0,1.7,6.6,84.0,0.5,24.7,Group 2,FOOD-DATA-GROUP2.csv
M Ms Milk Chocolate Mars,m ms milk chocolate mars,4,34.8,Milk/Dairy,,207.0,1.8,29.9,8.9,26.7,18.0,1.2,86.7,Group 2,FOOD-DATA-GROUP2.csv
Milk Chocolate With Almonds,milk chocolate with almonds,4,48.3,Milk/Dairy,,216.0,3.7,21.9,14.1,18.0,51.0,2.5,134.8,Group 2,FOOD-DATA-GROUP2.csv
Chocolate Fudge,chocolate fudge,4,43.6,,,70.0,0.4,13.0,1.8,12.4,32.0,0.3,24.1,Group 2,FOOD-DATA-GROUP2.csv
Milk Chocolate With Rice Cereal,milk chocolate with rice cereal,4,40.0,Milk/Dairy,,0.0,0.0,0.0,0.0,0.0,0.0,0.0,0.0,Group 2,FOOD-DATA-GROUP2.csv
M Ms Peanut Chocolate Mars,m ms peanut chocolate mars,4,46.8,Peanuts,,93.0,1.7,10.9,4.7,9.1,17.0,0.7,36.6,Group 2,FOOD-DATA-GROUP2.csv
Dark Chocolate,dark chocolate,4,47.1,,,165.0,1.5,18.0,9.7,13.8,13.0,2.2,31.8,Group 2,FOOD-DATA-GROUP2.csv
Chocolate Semisweet,"chocolate semisweet, dietary fiber",4,35.9,,,806.0,7.1,107.4,50.4,91.6,42.0,9.9,233.9,Group 2,FOOD-DATA-GROUP2.csv
After Eight Mints Nestle,after eight mints nestle,1,75.5,,,36.0,0.1,6.7,1.0,5.6,25.0,0.2,9.2,Group 2,FOOD-DATA-GROUP2.csv
Milk Chocolate,milk chocolate,4,45.5,Milk/Dairy,,37.0,0.5,4.2,2.1,3.6,45.0,0.2,20.5,Group 2,FOOD-DATA-GROUP2.csv
White Chocolate,white chocolate,4,40.2,,,162.0,1.8,17.8,9.6,17.7,9.0,0.1,89.2,Group 2,FOOD-DATA-GROUP2.csv
Chocolate,chocolate,4,40.9,,,208.0,1.6,24.8,14.0,21.1,1.0,2.3,53.6,Group 2,FOOD-DATA-GROUP2.csv
Twix Mars,twix mars,1,77.2,,,146.0,1.4,18.8,7.2,14.0,64.0,0.3,27.9,Group 2,FOOD-DATA-GROUP2.csv
Kit Kat Nestle,kit kat nestle,1,80.5,,,62.0,0.7,7.6,3.3,6.5,22.0,0.2,11.8,Group 2,FOOD-DATA-GROUP2.csv
Snickers Mars,snickers mars,1,66.6,,,280.0,4.3,35.1,13.6,28.8,100.0,1.3,54.8,Group 2,FOOD-DATA-GROUP2.csv
Milky Way Mars,milky way mars,4,24.6,,,264.0,2.3,41.3,10.0,34.6,21.0,0.6,54.4,Group 2,FOOD-DATA-GROUP2.csv
Clif Bar,"clif bar, dietary fiber",1,96.2,,,235.0,10.0,44.5,4.0,21.5,100.0,5.0,378.2,Group 2,FOOD-DATA-GROUP2.csv
Gum Drops,gum drops,1,75.0,,,18.0,0.0,4.4,0.0,3.5,8.0,0.0,4.4,Group 2,FOOD-DATA-GROUP2.csv
Skittles Wild Berry Mars,"skittles wild berry mars, fresh raw fruit, natural fruit sugars, plant dietary fiber, vitamin c",4,19.5,,,249.0,0.1,56.3,2.6,47.1,36.0,0.0,100.6,Group 2,FOOD-DATA-GROUP2.csv
Skittles Original Mars,skittles original mars,4,19.5,,,251.0,0.1,56.3,2.7,47.0,25.0,0.0,100.5,Group 2,FOOD-DATA-GROUP2.csv
Skittles Tropical Mars,skittles tropical mars,4,19.5,,,251.0,0.1,56.3,2.7,47.0,95.0,0.0,100.7,Group 2,FOOD-DATA-GROUP2.csv
Fruit Leather,"fruit leather, fresh raw fruit, natural fruit sugars, plant dietary fiber, vitamin c",1,80.0,,,52.0,0.0,12.0,0.4,6.9,0.0,0.0,33.8,Group 2,FOOD-DATA-GROUP2.csv
Taffy,taffy,4,44.7,,,60.0,0.1,13.7,0.5,10.3,28.0,0.0,14.4,Group 2,FOOD-DATA-GROUP2.csv
Eisbonbons Mac Iver,eisbonbons mac iver,1,75.0,,,23.0,0.0,0.0,0.0,0.0,0.0,0.0,0.0,Group 2,FOOD-DATA-GROUP2.csv
Caramels,caramels,1,80.0,,,39.0,0.5,7.8,0.8,6.6,15.0,0.0,23.2,Group 2,FOOD-DATA-GROUP2.csv
Hard Candy,hard candy,4,40.0,,,24.0,0.0,5.9,0.1,3.8,21.0,0.0,6.2,Group 2,FOOD-DATA-GROUP2.csv
Jellybeans,jellybeans,1,75.2,,,4.0,0.0,1.0,0.0,0.8,76.0,0.1,1.2,Group 2,FOOD-DATA-GROUP2.csv
Jellies,jellies,1,79.8,,,56.0,0.0,14.7,0.1,10.8,16.0,0.2,16.8,Group 2,FOOD-DATA-GROUP2.csv
Wheat Germ Toasted,"wheat germ toasted, dietary fiber",1,92.7,Gluten/Wheat,,115.0,8.7,14.9,3.2,2.3,60.0,4.5,49.3,Group 2,FOOD-DATA-GROUP2.csv
Crispy Brown Rice,crispy brown rice,1,85.8,,,124.0,2.3,27.5,1.1,2.9,86.0,2.3,42.6,Group 2,FOOD-DATA-GROUP2.csv
Bran Flakes Asda,bran flakes asda,1,75.0,,,109.0,0.0,0.2,0.6,0.0,0.0,0.0,0.8,Group 2,FOOD-DATA-GROUP2.csv
Amaranth Cooked,"amaranth cooked, dietary fiber",1,98.0,,,251.0,9.3,46.0,3.9,0.0,95.0,5.2,185.2,Group 2,FOOD-DATA-GROUP2.csv
Triticale,"triticale, high protein",1,97.7,,,645.0,25.1,138.5,4.0,0.0,49.0,0.0,243.5,Group 2,FOOD-DATA-GROUP2.csv
Barley Raw,barley raw,1,84.8,Gluten/Wheat,,42.0,1.2,9.3,0.1,0.1,16.0,1.9,16.3,Group 2,FOOD-DATA-GROUP2.csv
Bulgur Dry,"bulgur dry, dietary fiber",1,96.6,,,171.0,6.1,37.9,0.7,0.2,71.0,9.2,72.6,Group 2,FOOD-DATA-GROUP2.csv
Cottonseed Kernels Roasted,"cottonseed kernels roasted, dietary fiber, high protein",1,98.0,,,754.0,48.6,32.6,54.1,0.0,73.0,8.2,313.9,Group 2,FOOD-DATA-GROUP2.csv
Rice Bran,"rice bran, dietary fiber, high protein",1,98.0,,,373.0,15.8,58.6,24.6,1.1,36.0,24.8,213.0,Group 2,FOOD-DATA-GROUP2.csv
Chaptti Roti Indian Bread,"chaptti roti indian bread, grain flour, water, yeast, salt",3,21.8,Gluten/Wheat,,491.0,7.0,0.1,2.5,68.4,0.0,0.0,9.6,Group 2,FOOD-DATA-GROUP2.csv
Quinoa Cooked,"quinoa cooked, dietary fiber",1,96.3,,,222.0,8.1,39.4,3.6,1.6,26.0,5.2,90.6,Group 2,FOOD-DATA-GROUP2.csv
Dar Vida Swiss Original,dar vida swiss original,1,75.0,,,116.0,0.0,0.5,3.1,0.0,0.0,0.0,3.6,Group 2,FOOD-DATA-GROUP2.csv
Teff Cooked,"teff cooked, dietary fiber",1,98.0,,,255.0,9.8,50.0,1.6,0.0,53.0,7.1,197.2,Group 2,FOOD-DATA-GROUP2.csv
Couscous Dry,"couscous dry, dietary fiber, high protein",1,98.0,Gluten/Wheat,,650.0,22.1,134.0,1.1,0.0,31.0,8.7,209.3,Group 2,FOOD-DATA-GROUP2.csv
Weetabix Weetabix,weetabix weetabix,1,80.0,,,2078.0,0.0,0.0,11.5,0.0,0.0,0.0,11.5,Group 2,FOOD-DATA-GROUP2.csv
Oat Bran Cooked,"oat bran cooked, dietary fiber",1,95.7,Gluten/Wheat,,88.0,7.0,25.1,1.9,0.0,82.0,5.7,63.5,Group 2,FOOD-DATA-GROUP2.csv
Buckwheat Cooked,"buckwheat cooked, dietary fiber",1,91.9,,,155.0,5.7,33.5,1.0,1.5,53.0,4.5,57.8,Group 2,FOOD-DATA-GROUP2.csv
Millet Puffed,millet puffed,1,81.5,,,74.0,2.7,16.8,0.7,0.1,76.0,0.6,23.1,Group 2,FOOD-DATA-GROUP2.csv
Oat Bran Raw,oat bran raw,1,83.8,Gluten/Wheat,,23.0,1.3,4.9,0.5,0.1,36.0,1.2,65.9,Group 2,FOOD-DATA-GROUP2.csv
Popcorn Oil Popped,"popcorn oil popped, popcorn oil popped, pure extracted plant lipids",2,72.2,,,64.0,0.8,5.0,4.8,0.0,18.0,0.9,12.1,Group 2,FOOD-DATA-GROUP2.csv
Kamut Cooked,"kamut cooked, dietary fiber",1,98.0,,,251.0,11.1,52.4,1.6,0.0,38.0,6.7,92.5,Group 2,FOOD-DATA-GROUP2.csv
Wheat Bran,"wheat bran, dietary fiber",1,98.0,Gluten/Wheat,,125.0,9.0,37.4,2.5,0.2,15.0,24.8,122.1,Group 2,FOOD-DATA-GROUP2.csv
Cheese Popcorn,"cheese popcorn, pasteurized milk, cheese cultures, salt, enzymes",3,64.8,Milk/Dairy,,58.0,1.0,5.7,3.7,0.0,2.0,1.1,24.3,Group 2,FOOD-DATA-GROUP2.csv
Raisin Bran Crunch Kelloggs,raisin bran crunch kelloggs,1,80.0,,,90.0,1.9,21.2,0.5,9.0,0.0,0.0,23.6,Group 2,FOOD-DATA-GROUP2.csv
Couscous Cooked,couscous cooked,1,86.3,Gluten/Wheat,,176.0,6.0,36.5,0.3,0.2,54.0,2.2,58.2,Group 2,FOOD-DATA-GROUP2.csv
Multigrain Cheerios General Mills,multigrain cheerios general mills,1,75.2,,,4.0,0.0,1.0,0.0,0.2,0.0,0.1,1.2,Group 2,FOOD-DATA-GROUP2.csv
Bulgur Cooked,"bulgur cooked, dietary fiber",1,96.1,,,151.0,5.6,33.8,0.4,0.2,49.0,8.2,67.9,Group 2,FOOD-DATA-GROUP2.csv
Popcorn Air Popped,popcorn air popped,1,78.0,,,31.0,1.0,6.2,0.4,0.1,16.0,1.2,9.7,Group 2,FOOD-DATA-GROUP2.csv
Teff Raw,"teff raw, dietary fiber, high protein",1,98.0,,,708.0,25.7,141.1,4.6,3.6,53.0,15.4,548.9,Group 2,FOOD-DATA-GROUP2.csv
Spelt Cooked,"spelt cooked, dietary fiber",1,98.0,,,246.0,10.7,51.3,1.6,0.0,41.0,7.6,93.8,Group 2,FOOD-DATA-GROUP2.csv
Millet Raw,"millet raw, dietary fiber, high protein",1,98.0,,,756.0,22.0,145.7,8.4,0.0,13.0,17.0,215.1,Group 2,FOOD-DATA-GROUP2.csv
Popcorn Unpopped,"popcorn unpopped, dietary fiber",1,89.0,,,106.0,3.1,20.9,1.2,0.3,1.0,3.6,31.1,Group 2,FOOD-DATA-GROUP2.csv
Whole Wheat Cooked,"whole wheat cooked, dietary fiber",1,87.3,Gluten/Wheat,,150.0,4.8,33.2,1.0,0.2,600.0,3.9,61.3,Group 2,FOOD-DATA-GROUP2.csv
Wheat Sprouted,wheat sprouted,1,86.3,Gluten/Wheat,,214.0,8.1,45.9,1.4,0.0,26.0,1.2,91.9,Group 2,FOOD-DATA-GROUP2.csv
Whole Wheat Dry,whole wheat dry,1,86.8,Gluten/Wheat,,96.0,3.1,21.1,0.6,0.1,36.0,2.7,39.6,Group 2,FOOD-DATA-GROUP2.csv
Caramel Popcorn,caramel popcorn,1,79.2,,,122.0,1.1,22.4,3.6,15.1,69.0,1.5,41.4,Group 2,FOOD-DATA-GROUP2.csv
Wheat Puffed,wheat puffed,1,81.2,Gluten/Wheat,,44.0,1.8,9.6,0.1,0.0,30.0,0.5,19.2,Group 2,FOOD-DATA-GROUP2.csv
Roggenmischbrot Sonnenblumenkerne Aldi,roggenmischbrot sonnenblumenkerne aldi,1,75.0,,,82.0,0.0,0.0,3.1,0.0,0.0,0.0,3.1,Group 2,FOOD-DATA-GROUP2.csv
Wheat Germ,"wheat germ, dietary fiber",1,91.1,Gluten/Wheat,,112.0,7.2,16.1,3.0,0.0,37.0,4.1,44.4,Group 2,FOOD-DATA-GROUP2.csv
Microwave Popcorn,"microwave popcorn, dietary fiber",4,60.1,,,465.0,7.3,49.8,26.3,0.3,600.0,8.7,93.4,Group 2,FOOD-DATA-GROUP2.csv
Millet Cooked,millet cooked,1,86.6,,,207.0,6.1,41.2,1.7,0.2,46.0,2.3,57.6,Group 2,FOOD-DATA-GROUP2.csv
Kamut Raw,"kamut raw, dietary fiber, high protein",1,98.0,,,627.0,27.3,130.9,4.1,15.2,12.0,16.9,180.8,Group 2,FOOD-DATA-GROUP2.csv
Wheat Durum,"wheat durum, high protein",3,77.0,Gluten/Wheat,,651.0,26.3,136.6,4.7,0.0,32.0,0.0,239.7,Group 2,FOOD-DATA-GROUP2.csv
Sorghum,"sorghum, dietary fiber, high protein",1,98.0,,,651.0,21.7,143.3,6.3,0.0,45.0,12.1,245.6,Group 2,FOOD-DATA-GROUP2.csv
White Wheat,"white wheat, dietary fiber, high protein",1,98.0,Gluten/Wheat,,657.0,21.7,145.7,3.3,0.8,94.0,23.4,264.3,Group 2,FOOD-DATA-GROUP2.csv
Rye,"rye, dietary fiber, high protein",1,98.0,Gluten/Wheat,,571.0,17.5,128.2,2.8,1.7,78.0,25.5,219.0,Group 2,FOOD-DATA-GROUP2.csv
Spelt Raw,"spelt raw, dietary fiber, high protein",1,98.0,,,588.0,25.4,122.1,4.2,11.9,76.0,18.6,225.0,Group 2,FOOD-DATA-GROUP2.csv
Buckwheat Raw,buckwheat raw,1,83.0,,,41.0,1.6,8.6,0.4,0.0,54.0,1.2,14.3,Group 2,FOOD-DATA-GROUP2.csv
Honey Cereali General Mills,honey cereali general mills,1,75.0,,,104.0,0.0,3.0,2.0,0.0,0.0,0.0,5.0,Group 2,FOOD-DATA-GROUP2.csv
Barley Cooked,"barley cooked, dietary fiber",1,96.2,Gluten/Wheat,,193.0,3.5,44.3,0.7,0.4,64.0,6.0,73.9,Group 2,FOOD-DATA-GROUP2.csv
Oats,oats,1,82.8,,,39.0,1.7,6.6,0.7,0.0,74.0,1.1,16.0,Group 2,FOOD-DATA-GROUP2.csv
Amaranth Raw,amaranth raw,1,81.8,,,37.0,1.4,6.5,0.7,0.2,77.0,0.7,26.4,Group 2,FOOD-DATA-GROUP2.csv
Semolina,"semolina, dietary fiber, high protein",1,98.0,,,601.0,21.2,121.6,1.8,0.0,97.0,6.5,186.8,Group 2,FOOD-DATA-GROUP2.csv
Quinoa Dry,"quinoa dry, dietary fiber",1,93.7,,,221.0,8.5,38.5,3.6,0.0,26.0,4.2,85.7,Group 2,FOOD-DATA-GROUP2.csv
Wheat Shredded,"wheat shredded, dietary fiber",1,95.2,Gluten/Wheat,,155.0,5.2,36.2,1.0,0.4,86.0,5.5,76.9,Group 2,FOOD-DATA-GROUP2.csv
Cattail,cattail,1,82.2,,,5.0,0.2,1.0,0.0,0.1,31.0,0.9,12.7,Group 2,FOOD-DATA-GROUP2.csv
Peanut Granola Bar,peanut granola bar,1,81.8,Peanuts,,116.0,2.4,15.0,5.7,8.2,6.0,0.7,34.2,Group 2,FOOD-DATA-GROUP2.csv
Vanilla Bluberry Bar Kind,"vanilla bluberry bar kind, fresh raw fruit, natural fruit sugars, plant dietary fiber, vitamin c",1,75.0,,,49.0,0.0,0.9,1.4,0.1,0.0,0.0,2.3,Group 2,FOOD-DATA-GROUP2.csv
Coconut Granola Bar,coconut granola bar,1,84.5,,,150.0,1.5,15.6,9.1,9.7,6.0,1.8,40.5,Group 2,FOOD-DATA-GROUP2.csv
Almond Granola Bar,almond granola bar,1,83.0,Tree Nuts,,119.0,1.8,14.9,6.1,0.0,67.0,1.2,32.3,Group 2,FOOD-DATA-GROUP2.csv
Chocolate Chip Granola Bar,chocolate chip granola bar,4,47.8,,,105.0,1.8,17.3,3.9,0.0,62.0,1.1,43.4,Group 2,FOOD-DATA-GROUP2.csv
Fruit Granola Bar,"fruit granola bar, fresh raw fruit, natural fruit sugars, plant dietary fiber, vitamin c",1,81.5,,,82.0,1.4,18.6,0.2,13.3,28.0,1.8,24.1,Group 2,FOOD-DATA-GROUP2.csv
Granola Bar,granola bar,1,82.8,,,99.0,2.1,13.5,4.2,6.0,84.0,1.1,34.5,Group 2,FOOD-DATA-GROUP2.csv
Peanut Bar,peanut bar,1,79.4,Peanuts,,209.0,6.2,19.0,13.5,16.9,59.0,1.6,71.9,Group 2,FOOD-DATA-GROUP2.csv
Milk Cereal Bar,milk cereal bar,1,82.9,Milk/Dairy,,103.0,1.6,18.0,2.7,11.5,87.0,0.1,130.3,Group 2,FOOD-DATA-GROUP2.csv
Almond Rice Bar,almond rice bar,1,82.6,Tree Nuts,,128.0,2.0,18.1,5.7,0.0,0.0,1.0,52.5,Group 2,FOOD-DATA-GROUP2.csv
Fruit Nut Squares,"fruit nut squares, fresh raw fruit, natural fruit sugars, plant dietary fiber, vitamin c",1,80.8,,,55.0,0.3,10.3,1.3,6.4,86.0,0.3,14.8,Group 2,FOOD-DATA-GROUP2.csv
Rice Wheat Cereal Bar,rice wheat cereal bar,1,81.0,Gluten/Wheat,,90.0,2.0,16.0,2.0,7.0,100.0,0.4,27.8,Group 2,FOOD-DATA-GROUP2.csv
Crisped Rice Bar,crisped rice bar,1,81.5,,,113.0,1.4,20.4,3.8,0.0,10.0,0.6,33.9,Group 2,FOOD-DATA-GROUP2.csv
Brown Rice Raw,"brown rice raw, dietary fiber",1,98.0,,,685.0,14.7,142.9,5.4,1.6,86.0,6.5,214.8,Group 2,FOOD-DATA-GROUP2.csv
Rice Pilaf Cooked,rice pilaf cooked,1,80.3,,,352.0,7.0,61.1,8.8,0.6,1000.0,1.4,149.4,Group 2,FOOD-DATA-GROUP2.csv
Beef Flavored Rice Raw,"beef flavored rice raw, fresh meat, essential amino acids, heme iron, high protein",4,43.9,,,657.0,19.8,139.1,2.3,0.0,2400.0,2.9,227.9,Group 2,FOOD-DATA-GROUP2.csv
Wild Rice Cooked,wild rice cooked,1,88.1,,,166.0,6.5,35.0,0.6,1.2,8.0,3.0,51.0,Group 2,FOOD-DATA-GROUP2.csv
Wild Rice Raw,"wild rice raw, dietary fiber, high protein",1,98.0,,,571.0,23.6,119.8,1.7,4.0,51.0,9.9,191.7,Group 2,FOOD-DATA-GROUP2.csv
Congee With Pork Shrimp And Squid Plus Egg,"congee with pork shrimp and squid plus egg, fresh meat, essential amino acids, heme iron",1,75.0,"Eggs, Shellfish",,178.0,0.0,0.0,0.3,0.0,0.0,0.0,0.3,Group 2,FOOD-DATA-GROUP2.csv
White Rice Pasta Cooked,"white rice pasta cooked, dietary fiber",3,65.7,Gluten/Wheat,,246.0,5.1,43.3,5.7,0.0,1100.0,5.1,77.7,Group 2,FOOD-DATA-GROUP2.csv
Chicken Flavored Rice Raw,"chicken flavored rice raw, fresh poultry meat, protein amino acids, high protein",4,39.9,,,601.0,17.9,127.3,2.2,4.0,2100.0,2.0,184.3,Group 2,FOOD-DATA-GROUP2.csv
Instant White Rice Raw,instant white rice raw,4,53.7,,,361.0,7.4,78.2,0.9,0.0,39.0,1.8,115.2,Group 2,FOOD-DATA-GROUP2.csv
Rice Crisps,rice crisps,1,80.5,,,107.0,1.8,24.1,0.4,2.3,200.0,0.2,43.9,Group 2,FOOD-DATA-GROUP2.csv
Parboiled White Rice Raw,"parboiled white rice raw, parboiled white rice raw, pure extracted plant lipids, dietary fiber",1,98.0,,,692.0,13.9,149.6,1.9,0.6,55.0,3.3,306.3,Group 2,FOOD-DATA-GROUP2.csv
Instant White Rice Cooked,instant white rice cooked,4,48.1,,,193.0,3.6,41.4,0.8,0.0,1.0,1.0,62.9,Group 2,FOOD-DATA-GROUP2.csv
Rice Pilaf Raw,"rice pilaf raw, high protein",4,44.9,,,732.0,21.3,155.7,2.8,3.1,2700.0,2.4,356.6,Group 2,FOOD-DATA-GROUP2.csv
Rice Cracker Cake,rice cracker cake,3,65.0,Gluten/Wheat,,111.0,2.0,23.0,1.2,0.2,97.0,1.2,30.9,Group 2,FOOD-DATA-GROUP2.csv
Parboiled White Rice Cooked,"parboiled white rice cooked, parboiled white rice cooked, pure extracted plant lipids",1,85.0,,,194.0,4.6,41.2,0.6,0.2,88.0,1.4,80.7,Group 2,FOOD-DATA-GROUP2.csv
White Rice Steamed,white rice steamed,1,83.4,,,199.0,4.2,44.7,0.4,0.0,9.0,1.2,57.6,Group 2,FOOD-DATA-GROUP2.csv
Brown Rice Cake,brown rice cake,1,76.0,Gluten/Wheat,,35.0,0.7,7.3,0.3,0.0,24.0,0.4,9.8,Group 2,FOOD-DATA-GROUP2.csv
Glutinous White Rice Raw,"glutinous white rice raw, dietary fiber",1,98.0,,,685.0,12.6,151.1,1.0,0.0,15.0,5.2,193.3,Group 2,FOOD-DATA-GROUP2.csv
White Rice Pasta Raw,"white rice pasta raw, high protein",3,52.9,Gluten/Wheat,,600.0,15.3,122.8,4.0,0.0,3000.0,0.0,224.6,Group 2,FOOD-DATA-GROUP2.csv
Glutinous White Rice Cooked,glutinous white rice cooked,1,84.2,,,169.0,3.5,36.7,0.3,0.1,27.0,1.7,45.9,Group 2,FOOD-DATA-GROUP2.csv
Brown Rice Cooked,"brown rice cooked, dietary fiber",1,90.0,,,218.0,4.5,45.8,1.6,0.7,86.0,3.5,75.9,Group 2,FOOD-DATA-GROUP2.csv
Beef Flavored Rice Cooked,"beef flavored rice cooked, fresh meat, essential amino acids, heme iron",4,44.4,,,319.0,7.0,54.4,7.9,0.0,900.0,1.5,97.7,Group 2,FOOD-DATA-GROUP2.csv
White Rice Cooked,white rice cooked,1,82.4,,,205.0,4.3,44.5,0.4,0.0,77.0,0.6,67.5,Group 2,FOOD-DATA-GROUP2.csv
Chicken Flavored Rice Cooked,"chicken flavored rice cooked, fresh poultry meat, protein amino acids",4,43.9,,,317.0,6.2,54.8,8.0,1.5,900.0,1.6,89.1,Group 2,FOOD-DATA-GROUP2.csv
White Rice Raw,white rice raw,1,98.0,,,675.0,13.2,147.9,1.2,0.2,81.0,2.4,224.5,Group 2,FOOD-DATA-GROUP2.csv
Cheese Imitation,"cheese imitation, pasteurized milk, cheese cultures, salt, enzymes, high protein",4,60.3,Milk/Dairy,,441.0,28.3,1.1,36.2,1.1,800.0,0.0,863.2,Group 2,FOOD-DATA-GROUP2.csv
Cheshire Cheese,"cheshire cheese, pasteurized milk, cheese cultures, salt, enzymes",3,70.1,Milk/Dairy,,110.0,6.6,1.4,8.7,0.0,200.0,0.0,198.8,Group 2,FOOD-DATA-GROUP2.csv
Monterey Cheese,"monterey cheese, pasteurized milk, cheese cultures, salt, enzymes, high protein",3,78.6,Milk/Dairy,,421.0,27.7,0.8,34.2,0.6,700.0,0.0,906.7,Group 2,FOOD-DATA-GROUP2.csv
Edam Cheese,"edam cheese, pasteurized milk, cheese cultures, salt, enzymes",3,72.3,Milk/Dairy,,107.0,7.5,0.4,8.3,0.0,300.0,0.0,235.6,Group 2,FOOD-DATA-GROUP2.csv
Fontina Cheese,"fontina cheese, pasteurized milk, cheese cultures, salt, enzymes, high protein",3,75.5,Milk/Dairy,,420.0,27.6,1.7,33.6,1.7,900.0,0.0,657.4,Group 2,FOOD-DATA-GROUP2.csv
Monterey Cheese Low Fat,"monterey cheese low fat, pasteurized milk, cheese cultures, salt, enzymes, high protein",3,81.0,Milk/Dairy,,350.0,31.9,0.8,24.4,0.6,600.0,0.0,854.8,Group 2,FOOD-DATA-GROUP2.csv
Colby Cheese,"colby cheese, pasteurized milk, cheese cultures, salt, enzymes, high protein",3,78.2,Milk/Dairy,,445.0,26.8,2.9,36.3,0.6,700.0,0.0,841.3,Group 2,FOOD-DATA-GROUP2.csv
American Cheese,"american cheese, pasteurized milk, cheese cultures, salt, enzymes",3,73.2,Milk/Dairy,,93.0,4.5,0.9,7.9,0.6,400.0,0.0,274.9,Group 2,FOOD-DATA-GROUP2.csv
Blue Cheese,"blue cheese, pasteurized milk, cheese cultures, salt, enzymes",3,68.8,Milk/Dairy,,106.0,6.4,0.7,8.6,0.2,300.0,0.0,174.2,Group 2,FOOD-DATA-GROUP2.csv
Nectarine,nectarine,1,84.9,,,66.0,1.6,15.8,0.5,11.8,0.0,2.6,20.7,Group 3,FOOD-DATA-GROUP3.csv
Kiwifruit Gold,"kiwifruit gold, fresh raw fruit, natural fruit sugars, plant dietary fiber, vitamin c",1,88.2,,,51.0,0.8,12.8,0.2,10.0,46.0,1.1,159.7,Group 3,FOOD-DATA-GROUP3.csv
Prickly Pear Raw,"prickly pear raw, fresh raw fruit, natural fruit sugars, plant dietary fiber, vitamin c",1,82.5,,,8.0,0.0,1.9,0.1,0.2,65.0,1.0,39.3,Group 3,FOOD-DATA-GROUP3.csv
Pineapple,"pineapple, fresh raw fruit, natural fruit sugars, plant dietary fiber, vitamin c",1,83.2,,,45.0,0.5,11.8,0.1,8.9,99.0,1.3,14.0,Group 3,FOOD-DATA-GROUP3.csv
Rowan,"rowan, dietary fiber",4,46.5,,,253.0,5.2,54.5,4.6,32.1,83.0,14.1,176.4,Group 3,FOOD-DATA-GROUP3.csv
Muscadine Grapes,"muscadine grapes, fresh raw fruit, natural fruit sugars, plant dietary fiber, vitamin c",1,75.5,,,3.0,0.0,0.8,0.1,0.0,24.0,0.2,3.4,Group 3,FOOD-DATA-GROUP3.csv
Heidelbeeren Jutro,"heidelbeeren jutro, water, malted barley, hops, brewer yeast",3,57.0,,,17.0,0.0,0.4,0.2,0.0,0.0,0.0,0.6,Group 3,FOOD-DATA-GROUP3.csv
Prunes Stewed,prunes stewed,3,67.4,,,316.0,3.4,83.2,0.7,0.0,39.0,0.0,157.8,Group 3,FOOD-DATA-GROUP3.csv
Tangerine,tangerine,1,84.0,,,40.0,0.6,10.1,0.2,8.0,56.0,1.4,60.8,Group 3,FOOD-DATA-GROUP3.csv
Prunes,prunes,1,83.4,,,237.0,2.6,62.3,0.5,0.0,76.0,0.0,118.3,Group 3,FOOD-DATA-GROUP3.csv
Lemon Peel,lemon peel,1,75.5,,,1.0,0.0,0.3,0.0,0.1,28.0,0.2,5.9,Group 3,FOOD-DATA-GROUP3.csv
Banana,"banana, fresh raw fruit, natural fruit sugars, plant dietary fiber, vitamin c, dietary fiber",1,82.3,,,134.0,1.6,34.3,0.5,18.3,55.0,3.9,41.1,Group 3,FOOD-DATA-GROUP3.csv
Raspberries,raspberries,1,76.8,,,5.0,0.1,1.2,0.0,0.4,54.0,0.7,2.2,Group 3,FOOD-DATA-GROUP3.csv
Apricot,apricot,1,76.8,,,17.0,0.5,3.9,0.1,3.2,20.0,0.7,5.3,Group 3,FOOD-DATA-GROUP3.csv
Strawberry Guava,"strawberry guava, fresh raw fruit, natural fruit sugars, plant dietary fiber, vitamin c",1,75.8,,,4.0,0.0,1.0,0.0,0.0,59.0,0.3,4.9,Group 3,FOOD-DATA-GROUP3.csv
Kiwifruit Green,"kiwifruit green, fresh raw fruit, natural fruit sugars, plant dietary fiber, vitamin c",1,85.2,,,42.0,0.8,10.1,0.4,6.2,96.0,2.1,13.6,Group 3,FOOD-DATA-GROUP3.csv
Figs,figs,1,83.8,,,37.0,0.4,9.6,0.2,8.1,49.0,1.5,30.4,Group 3,FOOD-DATA-GROUP3.csv
Clementine,clementine,1,83.2,,,35.0,0.6,8.9,0.1,6.8,44.0,1.3,11.0,Group 3,FOOD-DATA-GROUP3.csv
Orange,"orange, fresh raw fruit, natural fruit sugars, plant dietary fiber, vitamin c, dietary fiber",1,84.5,,,86.0,1.7,21.6,0.2,17.2,0.0,4.4,28.1,Group 3,FOOD-DATA-GROUP3.csv
Bartlett Pear,"bartlett pear, fresh raw fruit, natural fruit sugars, plant dietary fiber, vitamin c, dietary fiber",1,87.6,,,112.0,0.7,26.6,0.3,17.2,47.0,5.5,57.1,Group 3,FOOD-DATA-GROUP3.csv
Red White Currants,"red white currants, dietary fiber",1,94.8,,,63.0,1.6,15.5,0.2,8.3,56.0,4.8,106.1,Group 3,FOOD-DATA-GROUP3.csv
Blueberries,"blueberries, dietary fiber",1,84.8,,,84.0,1.1,21.4,0.5,14.7,15.0,3.6,26.8,Group 3,FOOD-DATA-GROUP3.csv
Mulberries,mulberries,1,75.8,,,6.0,0.2,1.5,0.0,1.2,21.0,0.3,2.2,Group 3,FOOD-DATA-GROUP3.csv
Java Plum,java plum,1,75.0,,,2.0,0.0,0.5,0.0,0.0,63.0,0.0,1.6,Group 3,FOOD-DATA-GROUP3.csv
Prune Puree,prune puree,1,81.5,,,46.0,0.4,11.7,0.0,7.0,36.0,0.6,12.7,Group 3,FOOD-DATA-GROUP3.csv
Applesauce,"applesauce, fresh raw fruit, natural fruit sugars, plant dietary fiber, vitamin c",1,75.1,,,102.0,0.4,27.5,0.2,22.9,31.0,2.7,30.9,Group 3,FOOD-DATA-GROUP3.csv
Blackberries Raw,"blackberries raw, dietary fiber",1,97.3,,,62.0,2.0,13.8,0.7,7.0,50.0,7.6,97.0,Group 3,FOOD-DATA-GROUP3.csv
Plum,plum,1,77.2,,,30.0,0.5,7.5,0.2,6.5,0.0,0.9,9.2,Group 3,FOOD-DATA-GROUP3.csv
American Grapes,"american grapes, fresh raw fruit, natural fruit sugars, plant dietary fiber, vitamin c",1,75.2,,,2.0,0.0,0.4,0.1,0.4,56.0,0.1,0.9,Group 3,FOOD-DATA-GROUP3.csv
Peach,"peach, fresh raw fruit, natural fruit sugars, plant dietary fiber, vitamin c",1,83.4,,,59.0,1.4,14.3,0.4,12.6,0.0,2.3,18.6,Group 3,FOOD-DATA-GROUP3.csv
Honeydew Melon,honeydew melon,1,80.1,,,64.0,1.0,16.1,0.2,14.4,62.0,1.4,61.5,Group 3,FOOD-DATA-GROUP3.csv
Yellow Plantain Fried,"yellow plantain fried, dietary fiber",4,28.9,,,399.0,2.4,68.9,12.7,36.8,79.0,5.4,100.5,Group 3,FOOD-DATA-GROUP3.csv
Rose Hips,"rose hips, dietary fiber",1,98.0,,,206.0,2.0,48.5,0.4,3.3,35.0,30.6,838.4,Group 3,FOOD-DATA-GROUP3.csv
Lemons,lemons,1,84.2,,,17.0,0.6,5.4,0.2,1.5,45.0,1.6,53.9,Group 3,FOOD-DATA-GROUP3.csv
Lime,lime,1,84.8,,,20.0,0.5,7.1,0.1,1.1,82.0,1.9,51.6,Group 3,FOOD-DATA-GROUP3.csv
Pomegranate,"pomegranate, dietary fiber",1,85.6,,,117.0,2.4,26.4,1.6,19.3,42.0,5.6,36.3,Group 3,FOOD-DATA-GROUP3.csv
Gooseberries,"gooseberries, dietary fiber",1,95.0,,,66.0,1.3,15.3,0.9,0.0,74.0,6.5,24.2,Group 3,FOOD-DATA-GROUP3.csv
Asian Pear,"asian pear, fresh raw fruit, natural fruit sugars, plant dietary fiber, vitamin c, dietary fiber",1,91.0,,,51.0,0.6,13.0,0.3,8.6,0.0,4.4,27.8,Group 3,FOOD-DATA-GROUP3.csv
Abiyuch,"abiyuch, dietary fiber",1,94.0,,,157.0,3.4,40.1,0.2,19.5,93.0,12.1,201.0,Group 3,FOOD-DATA-GROUP3.csv
Horned Melon Kiwano,horned melon kiwano,1,80.6,,,92.0,3.7,15.8,2.6,0.0,95.0,0.0,62.8,Group 3,FOOD-DATA-GROUP3.csv
Fruit Walnut Salad Mcdonalds,"fruit walnut salad mcdonalds, fresh raw fruit, natural fruit sugars, plant dietary fiber, vitamin c",4,28.4,Tree Nuts,,312.0,4.8,43.8,13.3,32.9,17.0,0.0,618.0,Group 3,FOOD-DATA-GROUP3.csv
Grapefruit,"grapefruit, fresh raw fruit, natural fruit sugars, plant dietary fiber, vitamin c",1,85.0,,,53.0,1.0,13.3,0.2,8.6,0.0,2.0,16.6,Group 3,FOOD-DATA-GROUP3.csv
Japanese Persimmon,"japanese persimmon, dietary fiber",1,85.0,,,118.0,1.0,31.2,0.3,21.1,67.0,6.0,38.9,Group 3,FOOD-DATA-GROUP3.csv
Wild Raspberries,"wild raspberries, dietary fiber",1,98.0,,,81.0,1.5,18.0,0.4,7.2,90.0,9.8,111.6,Group 3,FOOD-DATA-GROUP3.csv
Pink Lady Apple,"pink lady apple, fresh raw fruit, natural fruit sugars, plant dietary fiber, vitamin c",1,75.0,,,18.0,0.1,3.9,0.1,0.0,0.0,0.0,4.1,Group 3,FOOD-DATA-GROUP3.csv
Maraschino Cherries,maraschino cherries,1,75.5,,,8.0,0.1,2.1,0.1,1.9,72.0,0.2,5.2,Group 3,FOOD-DATA-GROUP3.csv
Black Currants,black currants,1,91.8,,,71.0,1.6,17.2,0.5,0.0,75.0,0.0,285.3,Group 3,FOOD-DATA-GROUP3.csv
Plantain Cooked,"plantain cooked, dietary fiber",1,79.5,,,179.0,1.2,48.0,0.3,21.6,79.0,3.5,73.8,Group 3,FOOD-DATA-GROUP3.csv
Crab Apple,"crab apple, fresh raw fruit, natural fruit sugars, plant dietary fiber, vitamin c",1,80.1,Shellfish,,84.0,0.4,21.9,0.3,0.0,30.0,0.0,51.6,Group 3,FOOD-DATA-GROUP3.csv
Pom Potes Materne,pom potes materne,1,75.0,,,19.0,0.0,0.2,0.2,0.1,0.0,0.0,0.4,Group 3,FOOD-DATA-GROUP3.csv
Apple,"apple, fresh raw fruit, natural fruit sugars, plant dietary fiber, vitamin c, dietary fiber",1,83.0,,,95.0,0.5,25.1,0.3,18.9,62.0,4.4,30.4,Group 3,FOOD-DATA-GROUP3.csv
Cantaloupe Melon,cantaloupe melon,1,80.5,,,60.0,1.5,14.4,0.3,13.9,87.0,1.6,17.9,Group 3,FOOD-DATA-GROUP3.csv
Prickly Pear Cooked,"prickly pear cooked, fresh raw fruit, natural fruit sugars, plant dietary fiber, vitamin c",1,75.0,,,7.0,0.1,1.6,0.0,0.0,0.0,0.0,2.2,Group 3,FOOD-DATA-GROUP3.csv
Guava,guava,1,87.5,,,37.0,1.4,7.9,0.5,4.9,56.0,3.0,13.0,Group 3,FOOD-DATA-GROUP3.csv
Strawberries,strawberries,1,80.5,,,4.0,0.0,0.9,0.1,0.6,68.0,0.2,10.3,Group 3,FOOD-DATA-GROUP3.csv
Japanese Persimmon Dried,"japanese persimmon dried, dietary fiber",1,92.2,,,93.0,0.5,25.0,0.2,0.0,2.0,4.9,39.4,Group 3,FOOD-DATA-GROUP3.csv
Watermelon,watermelon,1,75.8,,,86.0,1.7,21.6,0.4,17.7,43.0,1.1,25.0,Group 3,FOOD-DATA-GROUP3.csv
Elderberries,"elderberries, dietary fiber",1,98.0,,,106.0,1.0,26.7,0.7,0.0,42.0,10.2,148.2,Group 3,FOOD-DATA-GROUP3.csv
Kumquat,kumquat,1,78.0,,,13.0,0.4,3.0,0.2,1.8,18.0,1.2,4.9,Group 3,FOOD-DATA-GROUP3.csv
Orange Peel,"orange peel, fresh raw fruit, natural fruit sugars, plant dietary fiber, vitamin c",1,81.5,,,6.0,0.1,1.5,0.0,0.0,23.0,0.6,20.1,Group 3,FOOD-DATA-GROUP3.csv
Pokeberry Shoots Cooked,"pokeberry shoots cooked, fresh raw fruit, natural fruit sugars, plant dietary fiber, vitamin c",1,95.6,,,33.0,3.8,5.1,0.7,2.6,400.0,2.5,236.9,Group 3,FOOD-DATA-GROUP3.csv
Breadfruit,"breadfruit, grain flour, water, yeast, salt, dietary fiber",3,65.4,,,227.0,2.4,59.7,0.5,24.2,57.0,10.8,73.9,Group 3,FOOD-DATA-GROUP3.csv
Pear,"pear, fresh raw fruit, natural fruit sugars, plant dietary fiber, vitamin c, dietary fiber",1,87.5,,,101.0,0.6,27.1,0.2,17.4,70.0,5.5,57.4,Group 3,FOOD-DATA-GROUP3.csv
Sour Cherries,sour cherries,1,84.0,,,52.0,1.0,12.5,0.3,8.7,71.0,1.6,15.6,Group 3,FOOD-DATA-GROUP3.csv
Plantain Raw,plantain raw,4,35.9,,,218.0,2.3,57.1,0.6,31.3,82.0,3.0,102.4,Group 3,FOOD-DATA-GROUP3.csv
Blackberries Frozen,"blackberries frozen, dietary fiber",1,91.2,,,97.0,1.8,23.7,0.6,16.1,7.0,7.6,83.4,Group 3,FOOD-DATA-GROUP3.csv
Cherries,cherries,1,75.5,,,5.0,0.1,1.3,0.1,1.0,0.0,0.2,1.7,Group 3,FOOD-DATA-GROUP3.csv
Plantain Fried,plantain fried,1,75.5,,,16.0,0.0,2.6,0.6,0.2,65.0,0.2,3.9,Group 3,FOOD-DATA-GROUP3.csv
Carambola Starfruit,"carambola starfruit, fresh raw fruit, natural fruit sugars, plant dietary fiber, vitamin c",1,81.0,,,26.0,0.9,5.7,0.3,3.4,47.0,2.4,9.4,Group 3,FOOD-DATA-GROUP3.csv
Chayote Cooked,"chayote cooked, dietary fiber",1,91.2,,,35.0,1.0,7.2,0.8,0.0,400.0,4.5,47.5,Group 3,FOOD-DATA-GROUP3.csv
Apple Dippers Mcdonalds,"apple dippers mcdonalds, fresh raw fruit, natural fruit sugars, plant dietary fiber, vitamin c",1,89.4,,,33.0,0.0,8.2,0.0,6.3,0.0,0.0,238.9,Group 3,FOOD-DATA-GROUP3.csv
White Grapefruit,"white grapefruit, fresh raw fruit, natural fruit sugars, plant dietary fiber, vitamin c",1,84.0,,,78.0,1.6,19.8,0.2,17.3,0.0,2.6,131.2,Group 3,FOOD-DATA-GROUP3.csv
Cherimoya,"cherimoya, dietary fiber",4,42.1,,,176.0,3.7,41.6,1.6,30.2,61.0,7.1,54.8,Group 3,FOOD-DATA-GROUP3.csv
Melon Balls,melon balls,1,83.0,,,57.0,1.5,13.7,0.4,0.0,22.0,1.2,45.3,Group 3,FOOD-DATA-GROUP3.csv
Golden Delicious Apple,"golden delicious apple, fresh raw fruit, natural fruit sugars, plant dietary fiber, vitamin c",1,85.7,,,62.0,0.3,14.8,0.2,10.9,34.0,2.6,18.0,Group 3,FOOD-DATA-GROUP3.csv
Pokeberry Shoots Raw,"pokeberry shoots raw, fresh raw fruit, natural fruit sugars, plant dietary fiber, vitamin c",1,86.8,,,37.0,4.2,5.9,0.6,0.0,50.0,2.7,13.9,Group 3,FOOD-DATA-GROUP3.csv
Cranberries,cranberries,1,79.0,,,21.0,0.2,5.4,0.0,1.9,30.0,1.6,7.5,Group 3,FOOD-DATA-GROUP3.csv
Quince,quince,1,84.2,,,52.0,0.4,14.1,0.0,0.0,81.0,1.7,16.4,Group 3,FOOD-DATA-GROUP3.csv
Chayote Raw,chayote raw,1,80.5,,,25.0,1.1,6.0,0.2,2.2,94.0,2.2,9.9,Group 3,FOOD-DATA-GROUP3.csv
Orange With Peel,"orange with peel, fresh raw fruit, natural fruit sugars, plant dietary fiber, vitamin c, dietary fiber",1,98.0,,,100.0,2.1,24.6,0.5,0.0,28.0,7.2,259.9,Group 3,FOOD-DATA-GROUP3.csv
Chokecherries,"chokecherries, dietary fiber",1,98.0,,,249.0,4.7,51.8,2.6,14.4,78.0,30.8,191.9,Group 3,FOOD-DATA-GROUP3.csv
Mango,"mango, dietary fiber",4,31.0,,,202.0,2.8,50.3,1.3,45.9,27.0,5.4,60.6,Group 3,FOOD-DATA-GROUP3.csv
Wild Plum,"wild plum, dietary fiber",1,90.1,,,147.0,0.7,35.3,0.3,17.1,47.0,9.7,80.6,Group 3,FOOD-DATA-GROUP3.csv
Jeijoa,"jeijoa, dietary fiber",1,92.4,,,148.0,1.7,37.0,1.0,19.9,41.0,15.6,176.8,Group 3,FOOD-DATA-GROUP3.csv
Groundcherries,groundcherries,1,80.0,,,74.0,2.7,15.7,1.0,0.0,0.0,0.0,48.8,Group 3,FOOD-DATA-GROUP3.csv
Pesca,pesca,1,75.0,,,30.0,0.0,0.0,0.1,0.0,0.0,0.0,0.1,Group 3,FOOD-DATA-GROUP3.csv
Persimmon,persimmon,1,80.0,,,32.0,0.2,8.4,0.1,0.0,24.0,0.0,32.6,Group 3,FOOD-DATA-GROUP3.csv
Grapes,"grapes, fresh raw fruit, natural fruit sugars, plant dietary fiber, vitamin c",1,75.2,,,3.0,0.0,0.9,0.0,0.8,9.0,0.1,1.8,Group 3,FOOD-DATA-GROUP3.csv
Rambutan Canned,rambutan canned,3,69.6,,,175.0,1.4,44.7,0.4,0.0,51.0,1.9,106.7,Group 3,FOOD-DATA-GROUP3.csv
Figs Canned,figs canned,3,63.5,,,14.0,0.1,3.8,0.0,3.2,49.0,0.6,12.5,Group 3,FOOD-DATA-GROUP3.csv
Prunes Canned,"prunes canned, dietary fiber",3,80.7,,,246.0,2.0,65.1,0.5,0.0,44.0,8.9,123.9,Group 3,FOOD-DATA-GROUP3.csv
Pineapples Canned,"pineapples canned, fresh raw fruit, natural fruit sugars, plant dietary fiber, vitamin c",3,63.0,,,28.0,0.2,7.4,0.1,6.8,60.0,0.4,19.3,Group 3,FOOD-DATA-GROUP3.csv
Prune Plums Canned,prune plums canned,3,63.0,,,27.0,0.2,7.0,0.1,6.5,55.0,0.4,13.7,Group 3,FOOD-DATA-GROUP3.csv
Tangerines Canned,tangerines canned,3,59.9,,,92.0,1.5,23.8,0.1,22.1,22.0,1.7,140.4,Group 3,FOOD-DATA-GROUP3.csv
Fruit Cocktail Canned,"fruit cocktail canned, fresh raw fruit, natural fruit sugars, plant dietary fiber, vitamin c",3,54.2,,,109.0,1.1,28.1,0.1,25.7,59.0,2.4,57.5,Group 3,FOOD-DATA-GROUP3.csv
Sour Cherries Canned,sour cherries canned,3,68.8,,,189.0,1.9,48.6,0.3,0.0,73.0,2.0,86.3,Group 3,FOOD-DATA-GROUP3.csv
Mangosteen Canned,"mangosteen canned, dietary fiber",3,71.8,,,143.0,0.8,35.1,1.1,0.0,24.0,3.5,70.3,Group 3,FOOD-DATA-GROUP3.csv
Apricot Juice,"apricot juice, dietary fiber",1,75.2,,,117.0,1.5,30.1,0.1,26.2,24.0,3.9,35.8,Group 3,FOOD-DATA-GROUP3.csv
Strawberries Canned,"strawberries canned, dietary fiber",3,51.3,,,234.0,1.4,59.8,0.7,55.4,24.0,4.3,180.9,Group 3,FOOD-DATA-GROUP3.csv
Peach Canned,"peach canned, fresh raw fruit, natural fruit sugars, plant dietary fiber, vitamin c, dietary fiber",3,56.5,,,110.0,1.6,28.9,0.1,25.7,6.0,3.3,58.6,Group 3,FOOD-DATA-GROUP3.csv
Fruit Salad Canned,"fruit salad canned, fresh raw fruit, natural fruit sugars, plant dietary fiber, vitamin c",3,69.4,,,125.0,1.3,32.5,0.0,0.0,69.0,2.5,72.5,Group 3,FOOD-DATA-GROUP3.csv
Gooseberries Canned,"gooseberries canned, dietary fiber",3,80.6,,,184.0,1.6,47.3,0.5,0.0,97.0,6.0,121.7,Group 3,FOOD-DATA-GROUP3.csv
Grapefruit Canned,"grapefruit canned, fresh raw fruit, natural fruit sugars, plant dietary fiber, vitamin c",3,57.5,,,88.0,1.4,22.3,0.2,21.4,91.0,1.0,115.7,Group 3,FOOD-DATA-GROUP3.csv
Pear Canned,"pear canned, fresh raw fruit, natural fruit sugars, plant dietary fiber, vitamin c",3,65.0,,,38.0,0.3,9.8,0.0,7.4,88.0,1.2,19.6,Group 3,FOOD-DATA-GROUP3.csv
Raspberries Canned,"raspberries canned, dietary fiber",3,52.6,,,233.0,2.1,59.8,0.3,51.4,13.0,8.4,122.2,Group 3,FOOD-DATA-GROUP3.csv
Papaya Canned,papaya canned,3,54.1,,,80.0,0.0,21.8,0.2,20.4,75.0,0.6,32.4,Group 3,FOOD-DATA-GROUP3.csv
Grapes Canned,"grapes canned, fresh raw fruit, natural fruit sugars, plant dietary fiber, vitamin c",3,53.7,,,98.0,1.2,25.2,0.3,23.8,22.0,1.5,57.6,Group 3,FOOD-DATA-GROUP3.csv
Apple Dried,"apple dried, fresh raw fruit, natural fruit sugars, plant dietary fiber, vitamin c, dietary fiber",4,36.5,,,145.0,0.6,39.1,0.2,34.0,24.0,5.1,56.1,Group 3,FOOD-DATA-GROUP3.csv
Peach Dried,"peach dried, fresh raw fruit, natural fruit sugars, plant dietary fiber, vitamin c, dietary fiber",4,34.4,,,199.0,3.0,50.8,0.6,43.8,59.0,7.0,97.5,Group 3,FOOD-DATA-GROUP3.csv
Plantain Chips,plantain chips,1,82.5,,,150.0,0.6,18.1,8.4,0.3,39.0,1.0,40.0,Group 3,FOOD-DATA-GROUP3.csv
Golden Raisins,"golden raisins, dietary fiber",4,33.7,,,498.0,5.6,131.2,0.8,97.7,1.0,6.6,240.0,Group 3,FOOD-DATA-GROUP3.csv
Raisins Seeded,"raisins seeded, dietary fiber",1,98.0,,,488.0,4.2,129.5,0.9,0.0,98.0,11.2,205.2,Group 3,FOOD-DATA-GROUP3.csv
Zante Currants Dried,"zante currants dried, dietary fiber",4,34.8,,,408.0,5.9,106.7,0.4,96.9,67.0,9.8,258.1,Group 3,FOOD-DATA-GROUP3.csv
Pear Dried,"pear dried, fresh raw fruit, natural fruit sugars, plant dietary fiber, vitamin c",1,75.6,,,94.0,0.7,25.1,0.2,22.4,74.0,2.7,44.2,Group 3,FOOD-DATA-GROUP3.csv
Raisins,raisins,1,74.9,,,90.0,1.0,23.8,0.1,19.6,25.0,1.4,26.5,Group 3,FOOD-DATA-GROUP3.csv
Prune Plums Dried,"prune plums dried, dietary fiber",1,98.0,,,308.0,2.7,81.5,0.5,0.0,11.0,9.4,155.5,Group 3,FOOD-DATA-GROUP3.csv
Cranberries Dried,"cranberries dried, dietary fiber",4,27.5,,,370.0,0.1,98.8,1.6,78.0,37.0,6.8,120.0,Group 3,FOOD-DATA-GROUP3.csv
Figs Dried,figs dried,1,82.0,,,21.0,0.3,5.4,0.0,4.0,91.0,0.8,20.5,Group 3,FOOD-DATA-GROUP3.csv
Longans Dried,longans dried,1,75.0,,,5.0,0.0,1.3,0.1,0.0,18.0,0.0,2.8,Group 3,FOOD-DATA-GROUP3.csv
Banana Chips,"banana chips, fresh raw fruit, natural fruit sugars, plant dietary fiber, vitamin c",1,85.5,,,147.0,0.7,16.5,9.5,10.0,99.0,2.2,36.2,Group 3,FOOD-DATA-GROUP3.csv
Lychee Dried,lychee dried,1,75.2,,,7.0,0.0,1.8,0.0,1.7,49.0,0.1,7.4,Group 3,FOOD-DATA-GROUP3.csv
Apricot Dried,apricot dried,1,76.2,,,17.0,0.2,4.4,0.0,3.7,66.0,0.5,9.3,Group 3,FOOD-DATA-GROUP3.csv
Longan,longan,1,75.2,,,2.0,0.0,0.5,0.1,0.0,0.0,0.1,3.5,Group 3,FOOD-DATA-GROUP3.csv
Mamey Sapote,"mamey sapote, dietary fiber",4,41.9,,,217.0,2.5,56.2,0.8,35.2,8.0,9.5,142.2,Group 3,FOOD-DATA-GROUP3.csv
Waxgourd Cooked,waxgourd cooked,1,81.9,,,19.0,0.7,4.3,0.4,2.1,600.0,1.8,57.8,Group 3,FOOD-DATA-GROUP3.csv
Jackfruit,"jackfruit, fresh raw fruit, natural fruit sugars, plant dietary fiber, vitamin c",1,76.2,,,33.0,0.6,8.1,0.2,6.7,94.0,0.5,9.6,Group 3,FOOD-DATA-GROUP3.csv
Loquats,loquats,1,75.8,,,9.0,0.1,2.4,0.1,0.0,53.0,0.3,6.2,Group 3,FOOD-DATA-GROUP3.csv
Mammy Apple Mamey,"mammy apple mamey, fresh raw fruit, natural fruit sugars, plant dietary fiber, vitamin c, dietary fiber",1,98.0,,,431.0,4.2,105.8,4.2,0.0,100.0,25.4,357.0,Group 3,FOOD-DATA-GROUP3.csv
Nance,"nance, dietary fiber",1,95.0,,,82.0,0.7,19.0,1.3,9.3,39.0,8.4,29.4,Group 3,FOOD-DATA-GROUP3.csv
Coconut Whole Coconut,coconut whole coconut,1,81.1,,,3336.0,0.0,0.0,71.5,0.0,0.0,0.0,71.5,Group 3,FOOD-DATA-GROUP3.csv
Prickly Pear,"prickly pear, fresh raw fruit, natural fruit sugars, plant dietary fiber, vitamin c, dietary fiber",1,89.2,,,42.0,0.8,9.9,0.5,0.0,44.0,3.7,15.0,Group 3,FOOD-DATA-GROUP3.csv
Lychee,lychee,1,75.2,,,6.0,0.0,1.6,0.0,1.5,29.0,0.1,2.0,Group 3,FOOD-DATA-GROUP3.csv
Naranjilla Lulo Pulp,naranjilla lulo pulp,1,83.2,,,30.0,0.5,7.1,0.3,4.5,44.0,1.3,23.0,Group 3,FOOD-DATA-GROUP3.csv
Coconut Meat Dried,"coconut meat dried, dietary fiber",1,91.5,,,187.0,1.9,6.7,18.3,2.1,58.0,4.6,40.2,Group 3,FOOD-DATA-GROUP3.csv
Waxgourd Raw,"waxgourd raw, dietary fiber",1,89.6,,,17.0,0.5,4.0,0.3,0.0,100.0,3.8,51.4,Group 3,FOOD-DATA-GROUP3.csv
Surinam Cherry Pitanga,surinam cherry pitanga,1,75.0,,,2.0,0.0,0.5,0.1,0.0,100.0,0.0,3.1,Group 3,FOOD-DATA-GROUP3.csv
Passion Fruit,"passion fruit, fresh raw fruit, natural fruit sugars, plant dietary fiber, vitamin c",1,79.8,,,17.0,0.4,4.2,0.1,2.0,72.0,1.9,6.7,Group 3,FOOD-DATA-GROUP3.csv
Sapodilla,"sapodilla, dietary fiber",1,97.9,,,141.0,0.7,33.9,1.9,0.0,80.0,9.0,107.6,Group 3,FOOD-DATA-GROUP3.csv
Pummelo,pummelo,1,83.2,,,48.0,1.0,12.0,0.1,0.0,94.0,1.3,14.4,Group 3,FOOD-DATA-GROUP3.csv
Coconut Meat,"coconut meat, dietary fiber",1,89.0,,,1405.0,13.2,60.5,133.0,24.7,22.0,35.7,320.7,Group 3,FOOD-DATA-GROUP3.csv
Soursop,"soursop, dietary fiber",4,45.4,,,149.0,2.3,37.9,0.7,30.5,24.0,7.4,127.6,Group 3,FOOD-DATA-GROUP3.csv
Papaya,papaya,1,85.1,,,62.0,0.7,15.7,0.4,11.3,4.0,2.5,19.4,Group 3,FOOD-DATA-GROUP3.csv
Acerola Cherry,acerola cherry,1,75.2,,,2.0,0.1,0.4,0.1,0.0,88.0,0.1,0.7,Group 3,FOOD-DATA-GROUP3.csv
Ohelo Berries,ohelo berries,1,80.0,,,39.0,0.5,9.6,0.3,0.0,68.0,0.0,28.7,Group 3,FOOD-DATA-GROUP3.csv
Loganberries,"loganberries, dietary fiber",1,95.9,,,81.0,2.2,19.1,0.5,11.3,60.0,7.8,91.2,Group 3,FOOD-DATA-GROUP3.csv
Casaba Melon,casaba melon,1,84.8,,,48.0,1.9,11.2,0.2,9.7,57.0,1.5,71.2,Group 3,FOOD-DATA-GROUP3.csv
Durian,durian,1,83.2,,,51.0,0.5,9.5,1.9,0.0,79.0,1.3,13.4,Group 3,FOOD-DATA-GROUP3.csv
Coriander Leaves Raw,coriander leaves raw,1,81.0,,,4.0,0.3,0.6,0.1,0.1,5.0,0.4,16.7,Group 3,FOOD-DATA-GROUP3.csv
Garden Cress Raw,garden cress raw,1,75.2,,,3.0,0.2,0.5,0.1,0.4,79.0,0.1,0.9,Group 3,FOOD-DATA-GROUP3.csv
Pasilla Peppers Dried,pasilla peppers dried,1,84.8,,,24.0,0.9,3.6,1.1,0.0,63.0,1.9,15.4,Group 3,FOOD-DATA-GROUP3.csv
Parsley Dried,parsley dried,1,75.2,,,1.0,0.1,0.3,0.1,0.1,58.0,0.1,7.0,Group 3,FOOD-DATA-GROUP3.csv
Ancho Pepper Dried,"ancho pepper dried, dietary fiber",1,89.2,,,48.0,2.0,8.7,1.4,0.0,68.0,3.7,28.4,Group 3,FOOD-DATA-GROUP3.csv
Coriander Seeds,coriander seeds,1,82.0,,,5.0,0.2,1.0,0.3,0.0,95.0,0.8,15.8,Group 3,FOOD-DATA-GROUP3.csv
Dill Weed Dried,"dill weed dried, dietary fiber, high protein",1,98.0,,,253.0,20.0,55.8,4.4,0.0,200.0,13.6,96.0,Group 3,FOOD-DATA-GROUP3.csv
Borage,borage,1,83.6,,,19.0,1.6,2.7,0.6,0.0,23.0,0.0,121.8,Group 3,FOOD-DATA-GROUP3.csv
Epazote,epazote,1,75.1,,,0.0,0.1,0.1,0.1,0.0,21.0,0.1,0.4,Group 3,FOOD-DATA-GROUP3.csv
Chives Dried,chives dried,1,75.1,,,1.0,0.0,0.1,0.1,0.0,40.0,0.0,0.3,Group 3,FOOD-DATA-GROUP3.csv
Thyme Fresh,thyme fresh,1,75.2,,,1.0,0.1,0.2,0.1,0.0,17.0,0.1,0.5,Group 3,FOOD-DATA-GROUP3.csv
Butterbur,"butterbur, pasteurized cream, natural milk fat",2,70.4,,,4.0,0.1,0.5,0.2,0.0,53.0,0.0,58.6,Group 3,FOOD-DATA-GROUP3.csv
Wasabi Root,"wasabi root, dietary fiber",1,98.0,,,142.0,6.2,30.6,0.8,0.0,20.0,10.1,269.9,Group 3,FOOD-DATA-GROUP3.csv
Rosemary Dried,rosemary dried,1,81.2,,,4.0,0.1,0.8,0.2,0.0,48.0,0.5,18.1,Group 3,FOOD-DATA-GROUP3.csv
Ginger Root,ginger root,1,75.1,,,2.0,0.1,0.4,0.0,0.0,0.0,0.1,1.0,Group 3,FOOD-DATA-GROUP3.csv
White Pepper,white pepper,1,76.5,,,7.0,0.2,1.6,0.0,0.0,75.0,0.6,2.5,Group 3,FOOD-DATA-GROUP3.csv
Cloves Ground,cloves ground,1,81.8,,,6.0,0.1,1.4,0.3,0.0,0.0,0.7,16.0,Group 3,FOOD-DATA-GROUP3.csv
Paprika,paprika,1,81.0,,,19.0,1.0,3.7,0.9,0.7,61.0,2.4,8.2,Group 3,FOOD-DATA-GROUP3.csv
Mace Ground,mace ground,1,82.8,,,25.0,0.4,2.7,1.7,0.0,97.0,1.1,21.1,Group 3,FOOD-DATA-GROUP3.csv
Bay Leaf,bay leaf,1,75.5,,,2.0,0.1,0.4,0.0,0.0,84.0,0.2,6.3,Group 3,FOOD-DATA-GROUP3.csv
Eppaw,eppaw,1,80.0,,,150.0,4.6,31.7,1.8,0.0,15.0,0.0,38.5,Group 3,FOOD-DATA-GROUP3.csv
Tarragon Dried,tarragon dried,1,75.1,,,2.0,0.1,0.3,0.0,0.0,12.0,0.0,7.8,Group 3,FOOD-DATA-GROUP3.csv
Ginger Ground,ginger ground,1,75.8,,,6.0,0.2,1.3,0.0,0.1,38.0,0.3,4.3,Group 3,FOOD-DATA-GROUP3.csv
Savory Ground,savory ground,1,76.5,,,4.0,0.1,1.0,0.0,0.0,55.0,0.6,1.9,Group 3,FOOD-DATA-GROUP3.csv
Black Pepper,black pepper,1,76.5,,,6.0,0.2,1.5,0.0,0.1,36.0,0.6,2.5,Group 3,FOOD-DATA-GROUP3.csv
Spearmint Fresh,"spearmint fresh, fresh raw fruit, natural fruit sugars, plant dietary fiber, vitamin c",1,76.0,,,3.0,0.2,0.5,0.1,0.0,92.0,0.4,1.3,Group 3,FOOD-DATA-GROUP3.csv
Poultry Seasoning,poultry seasoning,1,81.2,,,14.0,0.4,2.9,0.3,0.1,63.0,0.5,50.0,Group 3,FOOD-DATA-GROUP3.csv
Nutmeg Ground,nutmeg ground,1,76.2,,,12.0,0.1,1.1,0.8,0.6,95.0,0.5,6.7,Group 3,FOOD-DATA-GROUP3.csv
Curry Powder,curry powder,4,45.2,,,20.0,0.8,3.7,0.9,0.2,4.0,2.1,7.7,Group 3,FOOD-DATA-GROUP3.csv
Peppermint,peppermint,1,75.2,,,1.0,0.0,0.2,0.0,0.0,7.0,0.1,0.4,Group 3,FOOD-DATA-GROUP3.csv
Salt,salt,2,45.0,,,0.0,0.0,0.0,0.0,0.0,7000.0,0.0,4.3,Group 3,FOOD-DATA-GROUP3.csv
Coriander Leaves Dried,coriander leaves dried,1,75.2,,,2.0,0.1,0.3,0.1,0.0,18.0,0.1,0.6,Group 3,FOOD-DATA-GROUP3.csv
Sage Ground,sage ground,1,80.8,,,2.0,0.1,0.4,0.0,0.1,83.0,0.3,12.8,Group 3,FOOD-DATA-GROUP3.csv
Garlic Powder,garlic powder,4,40.8,,,10.0,0.5,2.3,0.0,0.1,82.0,0.3,3.3,Group 3,FOOD-DATA-GROUP3.csv
Dill Weed Fresh,dill weed fresh,1,75.5,,,4.0,0.3,0.6,0.1,0.0,17.0,0.2,1.2,Group 3,FOOD-DATA-GROUP3.csv
Cardamom,cardamom,1,81.5,,,6.0,0.2,1.4,0.1,0.0,13.0,0.6,10.7,Group 3,FOOD-DATA-GROUP3.csv
Saffron,saffron,1,75.0,,,2.0,0.1,0.5,0.1,0.0,63.0,0.0,0.7,Group 3,FOOD-DATA-GROUP3.csv
Allspice Ground,allspice ground,1,81.0,,,5.0,0.1,1.4,0.2,0.0,1.0,0.4,15.5,Group 3,FOOD-DATA-GROUP3.csv
Parsley Fresh,parsley fresh,1,75.2,,,1.0,0.1,0.2,0.1,0.0,56.0,0.1,0.5,Group 3,FOOD-DATA-GROUP3.csv
Oregano Dried,"oregano dried, dietary fiber",1,98.0,,,265.0,9.0,68.9,4.3,4.1,9.0,42.5,126.9,Group 3,FOOD-DATA-GROUP3.csv
Marjoram Dried,marjoram dried,1,76.8,,,5.0,0.2,1.0,0.1,0.1,4.0,0.7,2.0,Group 3,FOOD-DATA-GROUP3.csv
Chives Raw,chives raw,1,75.1,,,1.0,0.0,0.1,0.1,0.0,99.0,0.0,0.4,Group 3,FOOD-DATA-GROUP3.csv
Fireweed Leaves,fireweed leaves,1,88.9,,,24.0,1.1,4.4,0.6,0.0,35.0,2.4,108.3,Group 3,FOOD-DATA-GROUP3.csv
Rosemary Fresh,rosemary fresh,1,75.0,,,1.0,0.0,0.1,0.1,0.0,39.0,0.0,0.4,Group 3,FOOD-DATA-GROUP3.csv
Garlic,garlic,1,75.2,,,4.0,0.2,0.9,0.0,0.0,18.0,0.1,1.3,Group 3,FOOD-DATA-GROUP3.csv
Cinnamon Ground,cinnamon ground,1,83.5,,,6.0,0.1,2.1,0.0,0.1,22.0,1.4,30.0,Group 3,FOOD-DATA-GROUP3.csv
Chervil Dried,chervil dried,1,80.5,,,5.0,0.4,0.9,0.0,0.0,76.0,0.2,28.8,Group 3,FOOD-DATA-GROUP3.csv
Cayenne Pepper,cayenne pepper,1,75.1,,,1.0,0.0,0.2,0.1,0.1,59.0,0.1,1.0,Group 3,FOOD-DATA-GROUP3.csv
Turmeric Ground,turmeric ground,1,76.2,,,8.0,0.2,1.4,0.2,0.1,64.0,0.5,7.8,Group 3,FOOD-DATA-GROUP3.csv
Mustard,mustard,1,75.5,,,3.0,0.2,0.3,0.2,0.0,15.0,0.2,1.0,Group 3,FOOD-DATA-GROUP3.csv
Chili Powder,chili powder,4,42.2,,,8.0,0.4,1.3,0.4,0.2,14.0,0.9,3.2,Group 3,FOOD-DATA-GROUP3.csv
Thyme Dried,"thyme dried, dietary fiber",1,98.0,,,276.0,9.1,63.9,7.4,1.7,16.0,37.0,120.6,Group 3,FOOD-DATA-GROUP3.csv
Spearmint Dried,"spearmint dried, fresh raw fruit, natural fruit sugars, plant dietary fiber, vitamin c",1,75.2,,,1.0,0.1,0.3,0.0,0.0,12.0,0.1,0.6,Group 3,FOOD-DATA-GROUP3.csv
Basil Dried,basil dried,1,75.8,,,2.0,0.2,0.3,0.0,0.1,89.0,0.3,1.0,Group 3,FOOD-DATA-GROUP3.csv
Dandelion Greens Cooked,"dandelion greens cooked, fresh raw vegetable, dietary fiber, folate, antioxidants",1,94.0,,,35.0,2.1,6.7,0.6,1.7,300.0,3.0,180.2,Group 3,FOOD-DATA-GROUP3.csv
Basil Fresh,basil fresh,1,75.2,,,2.0,0.2,0.2,0.1,0.1,58.0,0.1,0.8,Group 3,FOOD-DATA-GROUP3.csv
Dock,"dock, dietary fiber",1,89.8,,,29.0,2.7,4.3,0.9,0.0,25.0,3.9,12.2,Group 3,FOOD-DATA-GROUP3.csv
Garden Cress Cooked,garden cress cooked,1,86.0,,,31.0,2.6,5.1,0.8,4.2,300.0,0.9,124.0,Group 3,FOOD-DATA-GROUP3.csv
Onion Powder,onion powder,4,46.0,,,8.0,0.2,1.9,0.0,0.2,48.0,0.4,12.4,Group 3,FOOD-DATA-GROUP3.csv
Dandelion Greens Raw,"dandelion greens raw, fresh raw vegetable, dietary fiber, folate, antioxidants",1,88.9,,,25.0,1.5,5.1,0.4,0.4,43.0,1.9,132.8,Group 3,FOOD-DATA-GROUP3.csv
Yokan,yokan,1,75.0,,,36.0,0.5,8.5,0.0,0.0,50.0,0.0,9.1,Group 3,FOOD-DATA-GROUP3.csv
Fava Beans Cooked,"fava beans cooked, dietary fiber",1,98.0,,,187.0,12.9,33.4,0.7,3.1,81.0,9.2,56.8,Group 3,FOOD-DATA-GROUP3.csv
French Beans Raw,"french beans raw, dietary fiber, high protein",1,98.0,,,631.0,34.6,118.0,3.7,0.0,69.0,46.4,559.7,Group 3,FOOD-DATA-GROUP3.csv
Chickpeas Canned,"chickpeas canned, high protein",3,71.6,,,352.0,17.8,57.0,7.0,0.0,600.0,0.0,198.7,Group 3,FOOD-DATA-GROUP3.csv
Yellow Beans Cooked,"yellow beans cooked, dietary fiber, high protein",1,98.0,,,255.0,16.2,44.7,1.9,0.0,86.0,18.4,81.7,Group 3,FOOD-DATA-GROUP3.csv
Mung Beans Cooked,"mung beans cooked, dietary fiber",1,98.0,,,212.0,14.2,38.7,0.8,4.0,83.0,15.4,69.6,Group 3,FOOD-DATA-GROUP3.csv
White Beans Canned,"white beans canned, dietary fiber, high protein",3,94.4,,,299.0,19.0,55.5,0.8,0.8,79.0,12.6,287.0,Group 3,FOOD-DATA-GROUP3.csv
Pink Beans Cooked,"pink beans cooked, dietary fiber, high protein",1,98.0,,,252.0,15.3,47.2,0.8,0.6,75.0,9.0,73.1,Group 3,FOOD-DATA-GROUP3.csv
Pink Beans Raw,"pink beans raw, dietary fiber, high protein",1,98.0,,,720.0,44.0,134.8,2.4,4.5,57.0,26.7,495.1,Group 3,FOOD-DATA-GROUP3.csv
Navy Beans Raw,"navy beans raw, dietary fiber, high protein",1,98.0,,,701.0,46.4,126.4,3.1,8.1,59.0,50.8,543.9,Group 3,FOOD-DATA-GROUP3.csv
Snap Beans Cooked,"snap beans cooked, dietary fiber",1,90.0,,,44.0,2.4,9.9,0.4,1.9,86.0,4.0,16.8,Group 3,FOOD-DATA-GROUP3.csv
Black Eyed Cowpeas Raw,"black eyed cowpeas raw, dietary fiber",1,98.0,,,131.0,4.3,27.3,0.5,4.4,48.0,7.3,227.3,Group 3,FOOD-DATA-GROUP3.csv
Edamame Cooked,"edamame cooked, dietary fiber, high protein",1,98.0,Soy,,189.0,18.5,13.8,8.1,3.4,34.0,8.1,49.2,Group 3,FOOD-DATA-GROUP3.csv
Black Eyed Cowpeas Cooked,"black eyed cowpeas cooked, dietary fiber",1,95.1,,,160.0,5.2,33.5,0.6,5.3,36.0,8.3,47.9,Group 3,FOOD-DATA-GROUP3.csv
Hyacinth Beans Cooked,"hyacinth beans cooked, high protein",1,91.4,,,227.0,15.8,40.2,1.1,0.0,0.0,0.0,192.0,Group 3,FOOD-DATA-GROUP3.csv
Cowpeas Canned,"cowpeas canned, dietary fiber",3,78.1,,,185.0,11.4,32.7,1.3,0.0,700.0,7.9,110.1,Group 3,FOOD-DATA-GROUP3.csv
Pinto Beans Cooked,"pinto beans cooked, dietary fiber, high protein",1,98.0,,,245.0,15.4,44.8,1.1,0.6,85.0,15.4,77.5,Group 3,FOOD-DATA-GROUP3.csv
Winged Beans Cooked,"winged beans cooked, high protein",1,97.3,,,253.0,18.3,25.7,10.0,0.0,400.0,0.0,305.6,Group 3,FOOD-DATA-GROUP3.csv
Pinto Beans Raw,"pinto beans raw, dietary fiber, high protein",1,98.0,,,670.0,41.3,120.7,2.4,4.1,36.0,29.9,434.4,Group 3,FOOD-DATA-GROUP3.csv
Black Turtle Beans Raw,"black turtle beans raw, dietary fiber, high protein",1,98.0,,,624.0,39.1,116.4,1.7,3.9,41.0,28.5,496.1,Group 3,FOOD-DATA-GROUP3.csv
Fava Beans Raw,"fava beans raw, dietary fiber, high protein",1,98.0,,,512.0,39.2,87.4,2.3,8.6,100.0,37.5,333.1,Group 3,FOOD-DATA-GROUP3.csv
Lima Beans Canned,"lima beans canned, dietary fiber",3,77.0,,,190.0,11.9,35.9,0.4,0.0,800.0,11.6,114.8,Group 3,FOOD-DATA-GROUP3.csv
Hyacinth Beans Raw,"hyacinth beans raw, dietary fiber, high protein",1,98.0,,,722.0,50.2,127.6,3.5,0.0,73.0,53.8,518.8,Group 3,FOOD-DATA-GROUP3.csv
White Beans Raw,"white beans raw, dietary fiber, high protein",1,98.0,,,673.0,47.2,121.7,1.7,4.3,51.0,30.7,707.2,Group 3,FOOD-DATA-GROUP3.csv
Snap Beans Canned,"snap beans canned, dietary fiber",3,82.0,,,66.0,3.5,15.4,0.4,0.0,90.0,6.6,150.2,Group 3,FOOD-DATA-GROUP3.csv
Navy Beans Canned,"navy beans canned, dietary fiber, high protein",3,79.3,,,296.0,19.7,53.6,1.1,0.7,1200.0,13.4,217.5,Group 3,FOOD-DATA-GROUP3.csv
Mung Beans Raw,"mung beans raw, dietary fiber, high protein",1,98.0,,,718.0,49.4,129.6,2.4,13.7,85.0,33.7,512.2,Group 3,FOOD-DATA-GROUP3.csv
Adzuki Beans Raw,"adzuki beans raw, dietary fiber, high protein",1,98.0,,,648.0,39.1,123.9,1.0,0.0,60.0,25.0,328.8,Group 3,FOOD-DATA-GROUP3.csv
Black Turtle Beans Cooked,"black turtle beans cooked, dietary fiber, high protein",1,98.0,,,241.0,15.1,45.0,0.6,0.6,60.0,15.4,76.7,Group 3,FOOD-DATA-GROUP3.csv
Pink Lentils Raw,"pink lentils raw, dietary fiber, high protein",1,98.0,,,662.0,47.9,113.6,4.2,0.0,92.0,20.7,282.9,Group 3,FOOD-DATA-GROUP3.csv
Yellow Beans Raw,"yellow beans raw, dietary fiber, high protein",1,98.0,,,676.0,43.1,119.0,5.1,0.0,46.0,49.2,555.5,Group 3,FOOD-DATA-GROUP3.csv
White Beans Cooked,"white beans cooked, dietary fiber, high protein",1,98.0,,,249.0,17.4,44.9,0.6,0.6,45.0,11.3,75.0,Group 3,FOOD-DATA-GROUP3.csv
Lentils Raw,"lentils raw, dietary fiber, high protein",1,98.0,,,678.0,49.5,115.4,2.0,3.9,39.0,58.6,355.9,Group 3,FOOD-DATA-GROUP3.csv
Cranberry Beans Cooked,"cranberry beans cooked, fresh raw fruit, natural fruit sugars, plant dietary fiber, vitamin c, dietary fiber, high protein",1,98.0,,,241.0,16.5,43.3,0.8,0.0,400.0,17.7,78.8,Group 3,FOOD-DATA-GROUP3.csv
Chickpeas Raw,"chickpeas raw, dietary fiber, high protein",1,98.0,,,728.0,38.6,121.3,12.1,21.4,5.0,34.8,437.3,Group 3,FOOD-DATA-GROUP3.csv
Lentils Cooked,"lentils cooked, dietary fiber, high protein",1,98.0,,,230.0,17.9,39.9,0.8,3.6,16.0,15.6,75.1,Group 3,FOOD-DATA-GROUP3.csv
Baked Beans Canned,"baked beans canned, dietary fiber",3,69.0,,,239.0,12.1,53.7,0.9,20.2,900.0,10.4,166.5,Group 3,FOOD-DATA-GROUP3.csv
Cranberry Beans Canned,"cranberry beans canned, fresh raw fruit, natural fruit sugars, plant dietary fiber, vitamin c, dietary fiber",3,79.0,,,216.0,14.4,39.3,0.7,0.0,900.0,16.4,165.3,Group 3,FOOD-DATA-GROUP3.csv
Black Beans Cooked,"black beans cooked, dietary fiber, high protein",1,98.0,,,227.0,15.2,40.8,0.9,0.0,8.0,15.0,121.9,Group 3,FOOD-DATA-GROUP3.csv
Lima Beans Cooked,"lima beans cooked, dietary fiber",1,98.0,,,216.0,14.7,39.3,0.7,5.5,12.0,13.2,68.6,Group 3,FOOD-DATA-GROUP3.csv
Mungo Beans Raw,"mungo beans raw, dietary fiber, high protein",1,98.0,,,706.0,52.2,122.1,3.4,0.0,4.0,37.9,517.0,Group 3,FOOD-DATA-GROUP3.csv
Pigeon Peas Raw,"pigeon peas raw, dietary fiber, high protein",1,98.0,,,703.0,44.5,128.7,3.1,0.0,40.0,30.8,484.3,Group 3,FOOD-DATA-GROUP3.csv
Fava Beans Canned,"fava beans canned, dietary fiber",3,72.6,,,182.0,14.0,31.8,0.6,0.0,1200.0,9.5,129.7,Group 3,FOOD-DATA-GROUP3.csv
Yellow Snap Beans Raw,"yellow snap beans raw, dietary fiber",1,89.3,,,31.0,1.8,7.1,0.1,0.0,85.0,3.4,66.7,Group 3,FOOD-DATA-GROUP3.csv
Snap Beans Raw,snap beans raw,1,87.3,,,31.0,1.8,7.0,0.2,3.3,25.0,2.7,61.9,Group 3,FOOD-DATA-GROUP3.csv
Yellow Snap Beans Canned,"yellow snap beans canned, dietary fiber",3,69.6,,,36.0,1.9,8.4,0.2,0.0,600.0,3.6,82.1,Group 3,FOOD-DATA-GROUP3.csv
Pigeon Peas Cooked,"pigeon peas cooked, dietary fiber",1,98.0,,,203.0,11.4,39.1,0.6,0.0,36.0,11.3,136.5,Group 3,FOOD-DATA-GROUP3.csv
Catjang Cowpeas Raw,"catjang cowpeas raw, dietary fiber, high protein",1,98.0,,,573.0,39.8,99.6,3.5,0.0,70.0,17.9,321.9,Group 3,FOOD-DATA-GROUP3.csv
Navy Beans Cooked,"navy beans cooked, dietary fiber",1,98.0,,,255.0,15.0,47.4,1.1,0.7,400.0,19.1,212.5,Group 3,FOOD-DATA-GROUP3.csv
Mothbeans Raw,"mothbeans raw, high protein",1,98.0,,,672.0,45.0,120.6,3.2,0.0,1.0,0.0,491.9,Group 3,FOOD-DATA-GROUP3.csv
Cowpeas Cooked,"cowpeas cooked, dietary fiber",1,91.7,,,81.0,5.4,14.5,0.4,2.3,37.0,4.6,25.2,Group 3,FOOD-DATA-GROUP3.csv
Mothbeans Cooked,mothbeans cooked,1,84.2,,,207.0,13.8,37.1,1.0,0.0,86.0,0.0,64.6,Group 3,FOOD-DATA-GROUP3.csv
French Beans Cooked,"french beans cooked, dietary fiber",1,98.0,,,228.0,12.5,42.5,1.3,0.0,3.0,16.6,73.3,Group 3,FOOD-DATA-GROUP3.csv
Lima Beans Raw,"lima beans raw, dietary fiber, high protein",1,98.0,,,602.0,38.2,112.8,1.2,15.1,78.0,33.8,343.6,Group 3,FOOD-DATA-GROUP3.csv
Winged Beans Raw,"winged beans raw, dietary fiber, high protein",1,98.0,,,744.0,54.0,75.9,29.7,0.0,90.0,47.1,1032.0,Group 3,FOOD-DATA-GROUP3.csv
Adzuki Beans Cooked,"adzuki beans cooked, dietary fiber, high protein",1,98.0,,,294.0,17.3,57.0,0.2,0.0,79.0,16.8,92.2,Group 3,FOOD-DATA-GROUP3.csv
Black Beans Raw,"black beans raw, dietary fiber, high protein",1,98.0,,,662.0,41.9,121.0,2.8,4.1,65.0,30.1,444.1,Group 3,FOOD-DATA-GROUP3.csv
Catjang Cowpeas Cooked,"catjang cowpeas cooked, dietary fiber",1,98.0,,,200.0,13.9,34.7,1.2,0.0,21.0,6.2,56.7,Group 3,FOOD-DATA-GROUP3.csv
Baby Lima Beans Cooked,"baby lima beans cooked, dietary fiber",1,98.0,,,189.0,12.0,35.0,0.5,2.5,64.0,10.8,59.0,Group 3,FOOD-DATA-GROUP3.csv
Cowpeas Raw,"cowpeas raw, dietary fiber",1,90.7,,,41.0,3.1,8.9,0.3,4.7,26.0,3.1,108.4,Group 3,FOOD-DATA-GROUP3.csv
Shellie Beans Canned,"shellie beans canned, dietary fiber",3,71.0,,,74.0,4.3,15.2,0.5,1.5,800.0,8.3,28.7,Group 3,FOOD-DATA-GROUP3.csv
Yardlong Beans Raw,"yardlong beans raw, dietary fiber, high protein",1,98.0,,,579.0,40.6,103.4,2.2,0.0,57.0,18.4,412.2,Group 3,FOOD-DATA-GROUP3.csv
Pinto Beans Canned,"pinto beans canned, dietary fiber",3,82.8,,,197.0,11.0,36.4,1.3,2.4,600.0,11.0,177.7,Group 3,FOOD-DATA-GROUP3.csv
Chickpeas Cooked,"chickpeas cooked, dietary fiber",1,98.0,,,269.0,14.5,45.0,4.2,7.9,80.0,12.5,163.4,Group 3,FOOD-DATA-GROUP3.csv
Cranberry Beans Raw,"cranberry beans raw, fresh raw fruit, natural fruit sugars, plant dietary fiber, vitamin c, dietary fiber, high protein",1,98.0,,,653.0,44.9,117.1,2.4,0.0,14.0,48.2,470.1,Group 3,FOOD-DATA-GROUP3.csv
Mungo Beans Cooked,"mungo beans cooked, dietary fiber",1,98.0,,,189.0,13.6,33.0,1.0,3.6,83.0,11.5,159.5,Group 3,FOOD-DATA-GROUP3.csv
Tamarinds,tamarinds,1,75.2,,,5.0,0.1,1.3,0.0,0.8,7.0,0.1,1.7,Group 3,FOOD-DATA-GROUP3.csv
Yellow Snap Beans Cooked,"yellow snap beans cooked, dietary fiber",1,90.2,,,44.0,2.4,9.9,0.4,4.5,96.0,4.1,17.0,Group 3,FOOD-DATA-GROUP3.csv
Yardlong Beans Cooked,"yardlong beans cooked, dietary fiber",1,98.0,,,202.0,14.2,36.1,0.8,0.0,59.0,6.5,58.2,Group 3,FOOD-DATA-GROUP3.csv
Bacon Beef Steak,"bacon beef steak, fresh meat, essential amino acids, heme iron",3,63.3,,,146.0,8.2,0.2,12.5,0.2,400.0,0.0,25.4,Group 3,FOOD-DATA-GROUP3.csv
Lamb Foreshank Raw,"lamb foreshank raw, fresh meat, essential amino acids, heme iron, high protein",1,97.7,,,912.0,85.8,0.0,60.7,0.0,300.0,0.0,204.0,Group 3,FOOD-DATA-GROUP3.csv
Bacon,bacon,3,62.0,,,106.0,3.3,0.2,10.2,0.2,100.0,0.0,14.8,Group 3,FOOD-DATA-GROUP3.csv
Lamb Rib Cooked,"lamb rib cooked, fresh meat, essential amino acids, heme iron, high protein",1,97.0,,,915.0,53.9,0.0,76.0,0.0,200.0,0.0,190.1,Group 3,FOOD-DATA-GROUP3.csv
Lamb Shank Raw,"lamb shank raw, fresh meat, essential amino acids, heme iron, high protein",1,97.0,,,912.0,84.3,0.0,61.2,0.0,300.0,0.0,189.6,Group 3,FOOD-DATA-GROUP3.csv
Scrapple,"scrapple, fresh raw fruit, natural fruit sugars, plant dietary fiber, vitamin c",1,80.1,,,60.0,2.3,4.0,3.9,0.1,100.0,0.1,13.6,Group 3,FOOD-DATA-GROUP3.csv
Chicken Nuggets,"chicken nuggets, fresh poultry meat, protein amino acids",4,45.5,,,61.0,3.2,3.0,4.1,0.0,100.0,0.2,10.8,Group 3,FOOD-DATA-GROUP3.csv
Ground Lamb Cooked,"ground lamb cooked, fresh meat, essential amino acids, heme iron, high protein",1,98.0,,,886.0,77.5,0.0,61.5,0.0,300.0,0.0,213.5,Group 3,FOOD-DATA-GROUP3.csv
Lamb Meat Cooked,"lamb meat cooked, fresh meat, essential amino acids, heme iron, high protein",1,95.2,,,678.0,63.8,0.0,45.0,0.0,200.0,0.0,153.6,Group 3,FOOD-DATA-GROUP3.csv
Meat Extender,"meat extender, dietary fiber, high protein",1,98.0,,,275.0,33.5,33.7,2.6,0.0,41.0,15.4,275.3,Group 3,FOOD-DATA-GROUP3.csv
Lamb Leg Raw,"lamb leg raw, fresh meat, essential amino acids, heme iron, high protein",1,97.8,,,1043.0,81.2,0.0,77.4,0.0,300.0,0.0,206.9,Group 3,FOOD-DATA-GROUP3.csv
Lamb Loin Cooked,"lamb loin cooked, fresh meat, essential amino acids, heme iron, high protein",1,84.4,,,202.0,16.1,0.0,14.8,0.0,89.0,0.0,44.9,Group 3,FOOD-DATA-GROUP3.csv
Chicken Patty,"chicken patty, fresh poultry meat, protein amino acids",1,82.1,,,172.0,8.9,7.7,11.7,0.0,300.0,0.2,40.5,Group 3,FOOD-DATA-GROUP3.csv
Lamb Shank Roasted,"lamb shank roasted, fresh meat, essential amino acids, heme iron, high protein",1,94.3,,,605.0,71.0,0.0,33.5,0.0,200.0,0.0,136.7,Group 3,FOOD-DATA-GROUP3.csv
Barbecue Loaf,barbecue loaf,1,80.0,,,40.0,3.6,1.5,2.0,0.0,300.0,0.0,20.1,Group 3,FOOD-DATA-GROUP3.csv
Lamb Sirloin Cooked,"lamb sirloin cooked, fresh meat, essential amino acids, heme iron, high protein",1,95.1,,,765.0,64.5,0.0,54.2,0.0,200.0,0.0,152.7,Group 3,FOOD-DATA-GROUP3.csv
Poultry Salad,"poultry salad, fresh raw vegetable, dietary fiber, folate, antioxidants",1,75.0,,,26.0,1.5,1.0,1.8,0.0,79.0,0.0,5.8,Group 3,FOOD-DATA-GROUP3.csv
Ground Lamb Raw,"ground lamb raw, fresh meat, essential amino acids, heme iron",1,80.0,,,80.0,4.7,0.0,6.6,0.0,50.0,0.0,16.2,Group 3,FOOD-DATA-GROUP3.csv
Lamb Loin Raw,"lamb loin raw, fresh meat, essential amino acids, heme iron",1,80.0,,,88.0,4.6,0.0,7.5,0.0,3.0,0.0,16.8,Group 3,FOOD-DATA-GROUP3.csv
Lamb Sirloin Raw,"lamb sirloin raw, fresh meat, essential amino acids, heme iron, high protein",1,98.0,,,1234.0,76.8,0.0,100.3,0.0,300.0,0.0,229.8,Group 3,FOOD-DATA-GROUP3.csv
Sausage Patty Mcdonalds,sausage patty mcdonalds,3,62.0,,,115.0,4.3,0.4,11.2,0.1,200.0,0.0,22.7,Group 3,FOOD-DATA-GROUP3.csv
Lamb Foreshank Cooked,"lamb foreshank cooked, fresh meat, essential amino acids, heme iron, high protein",1,92.2,,,360.0,42.0,0.0,19.9,0.0,100.0,0.0,94.7,Group 3,FOOD-DATA-GROUP3.csv
Ham Salad,"ham salad, fresh raw vegetable, dietary fiber, folate, antioxidants",3,60.5,,,97.0,3.9,4.8,7.0,0.0,500.0,0.0,19.6,Group 3,FOOD-DATA-GROUP3.csv
Lamb Rib Raw,"lamb rib raw, fresh meat, essential amino acids, heme iron, high protein",1,98.0,,,1687.0,65.9,0.0,156.0,0.0,300.0,0.0,296.2,Group 3,FOOD-DATA-GROUP3.csv
Lamb Shoulder Raw,"lamb shoulder raw, fresh meat, essential amino acids, heme iron, high protein",1,98.0,,,1198.0,75.2,0.0,97.3,0.0,300.0,0.0,251.9,Group 3,FOOD-DATA-GROUP3.csv
Lamb Meat Raw,"lamb meat raw, fresh meat, essential amino acids, heme iron, high protein",1,98.0,,,1102.0,79.6,0.0,84.6,0.0,300.0,0.0,225.9,Group 3,FOOD-DATA-GROUP3.csv
Lamb Shoulder Cooked,"lamb shoulder cooked, fresh meat, essential amino acids, heme iron, high protein",1,96.3,,,750.0,62.5,0.0,53.5,0.0,200.0,0.0,175.7,Group 3,FOOD-DATA-GROUP3.csv
Mutton Cooked,mutton cooked,1,81.8,,,66.0,9.5,0.0,3.1,0.0,70.0,0.0,16.7,Group 3,FOOD-DATA-GROUP3.csv
Lamb Leg Cooked,"lamb leg cooked, fresh meat, essential amino acids, heme iron, high protein",1,94.8,,,684.0,67.7,0.0,43.7,0.0,200.0,0.0,145.8,Group 3,FOOD-DATA-GROUP3.csv
Beef Stick,"beef stick, fresh meat, essential amino acids, heme iron",1,80.0,,,110.0,4.3,1.1,9.9,0.0,300.0,0.0,31.0,Group 3,FOOD-DATA-GROUP3.csv
Veal Sirloin Cooked,"veal sirloin cooked, fresh meat, essential amino acids, heme iron, high protein",1,93.9,,,517.0,64.1,0.0,26.9,0.0,200.0,0.0,128.4,Group 3,FOOD-DATA-GROUP3.csv
Veal Rib Cooked,"veal rib cooked, fresh meat, essential amino acids, heme iron, high protein",1,93.5,,,444.0,57.4,0.0,22.2,0.0,200.0,0.0,121.0,Group 3,FOOD-DATA-GROUP3.csv
Veal Meat Cooked,"veal meat cooked, fresh meat, essential amino acids, heme iron, high protein",1,94.3,,,483.0,62.9,0.0,23.8,0.0,200.0,0.0,135.1,Group 3,FOOD-DATA-GROUP3.csv
Beef Rib Roasted,"beef rib roasted, fresh meat, essential amino acids, heme iron, high protein",1,84.2,,,238.0,15.4,0.0,19.1,0.0,10.0,0.0,42.8,Group 3,FOOD-DATA-GROUP3.csv
Veal Sirloin Raw,"veal sirloin raw, fresh meat, essential amino acids, heme iron, high protein",1,96.3,,,689.0,86.5,0.0,35.4,0.0,300.0,0.0,175.3,Group 3,FOOD-DATA-GROUP3.csv
Beef Top Loin Filet Grilled,"beef top loin filet grilled, fresh meat, essential amino acids, heme iron, high protein",1,90.4,,,323.0,37.0,0.8,19.0,0.0,100.0,0.0,58.5,Group 3,FOOD-DATA-GROUP3.csv
Beef Under Blade Steak Cooked,"beef under blade steak cooked, fresh meat, essential amino acids, heme iron, high protein",1,97.1,,,983.0,140.8,0.0,46.7,0.0,300.0,0.0,191.5,Group 3,FOOD-DATA-GROUP3.csv
Mock Tender Steak Raw,"mock tender steak raw, high protein",1,91.4,,,244.0,42.2,0.0,8.3,0.0,200.0,0.0,77.1,Group 3,FOOD-DATA-GROUP3.csv
Ground Beef Cooked,"ground beef cooked, fresh meat, essential amino acids, heme iron, high protein",1,90.6,,,375.0,35.5,0.0,24.8,0.0,100.0,0.0,62.7,Group 3,FOOD-DATA-GROUP3.csv
Ground Beef Raw,"ground beef raw, fresh meat, essential amino acids, heme iron, high protein",1,98.0,,,1506.0,65.1,0.0,136.1,0.0,300.0,0.0,317.5,Group 3,FOOD-DATA-GROUP3.csv
Beef Diced Asda,"beef diced asda, fresh meat, essential amino acids, heme iron",1,80.0,,,48.0,0.0,10.5,0.7,0.1,0.0,0.0,11.2,Group 3,FOOD-DATA-GROUP3.csv
Veal Rib Raw,"veal rib raw, fresh meat, essential amino acids, heme iron, high protein",1,97.0,,,735.0,85.5,0.0,40.9,0.0,400.0,0.0,189.3,Group 3,FOOD-DATA-GROUP3.csv
Ground Veal Raw,"ground veal raw, fresh meat, essential amino acids, heme iron",1,80.2,,,41.0,5.5,0.0,1.9,0.0,29.0,0.0,11.8,Group 3,FOOD-DATA-GROUP3.csv
T Bone Steak Cooked,"t bone steak cooked, high protein",1,96.0,,,1049.0,89.3,0.0,74.1,0.0,200.0,0.0,170.6,Group 3,FOOD-DATA-GROUP3.csv
Veal Leg Round Raw,"veal leg round raw, fresh meat, essential amino acids, heme iron, high protein",1,94.3,,,531.0,95.2,0.0,14.0,0.0,300.0,0.0,135.5,Group 3,FOOD-DATA-GROUP3.csv
Beef Top Sirloin Steak Raw,"beef top sirloin steak raw, fresh meat, essential amino acids, heme iron, high protein",1,98.0,,,1222.0,123.4,0.0,77.3,0.0,300.0,0.0,355.6,Group 3,FOOD-DATA-GROUP3.csv
Beef Plate Steak Grilled,"beef plate steak grilled, fresh meat, essential amino acids, heme iron, high protein",1,91.8,,,508.0,47.1,0.0,35.6,0.0,100.0,0.0,85.7,Group 3,FOOD-DATA-GROUP3.csv
Ground Veal Cooked,"ground veal cooked, fresh meat, essential amino acids, heme iron, high protein",1,95.0,,,514.0,72.9,0.0,22.6,0.0,200.0,0.0,149.3,Group 3,FOOD-DATA-GROUP3.csv
Veal Leg Round Cooked,"veal leg round cooked, fresh meat, essential amino acids, heme iron, high protein",1,94.5,,,574.0,98.4,0.0,17.2,0.0,200.0,0.0,141.0,Group 3,FOOD-DATA-GROUP3.csv
Porterhouse Steak Raw,"porterhouse steak raw, high protein",1,97.9,,,1170.0,81.6,0.0,91.1,0.0,200.0,0.0,208.7,Group 3,FOOD-DATA-GROUP3.csv
Veal Shank Raw,"veal shank raw, fresh meat, essential amino acids, heme iron, high protein",1,97.3,,,513.0,86.9,0.0,15.8,0.0,400.0,0.0,196.8,Group 3,FOOD-DATA-GROUP3.csv
Veal Breast Cooked,"veal breast cooked, fresh meat, essential amino acids, heme iron, high protein",1,95.1,,,753.0,76.3,0.0,47.5,0.0,200.0,0.0,151.5,Group 3,FOOD-DATA-GROUP3.csv
Corned Beef Canned,"corned beef canned, fresh meat, essential amino acids, heme iron",3,62.3,,,53.0,5.7,0.0,3.1,0.0,200.0,0.0,11.7,Group 3,FOOD-DATA-GROUP3.csv
Rib Eye Steak Grilled,"rib eye steak grilled, high protein",1,94.8,,,680.0,62.4,0.0,47.7,0.0,100.0,0.0,146.3,Group 3,FOOD-DATA-GROUP3.csv
Veal Shoulder Raw,"veal shoulder raw, fresh meat, essential amino acids, heme iron",1,75.0,,,0.0,0.0,0.0,0.0,0.0,0.0,0.0,0.0,Group 3,FOOD-DATA-GROUP3.csv
T Bone Steak Raw,"t bone steak raw, high protein",1,97.4,,,1052.0,85.7,0.0,76.3,0.0,200.0,0.0,198.7,Group 3,FOOD-DATA-GROUP3.csv
Sirloin Steak,"sirloin steak, high protein",1,87.8,,,324.0,49.5,0.0,14.1,0.0,600.0,0.0,65.5,Group 3,FOOD-DATA-GROUP3.csv
Mock Tender Steak Cooked,"mock tender steak cooked, high protein",1,86.8,,,137.0,21.9,0.0,4.9,0.0,28.0,0.0,36.2,Group 3,FOOD-DATA-GROUP3.csv
Beef Round Steak Cooked,"beef round steak cooked, fresh meat, essential amino acids, heme iron, high protein",1,92.3,,,385.0,64.8,0.0,12.1,0.0,11.0,0.0,96.5,Group 3,FOOD-DATA-GROUP3.csv
Chuck Blade Roast Raw,"chuck blade roast raw, high protein",1,98.0,,,1125.0,77.8,0.0,88.0,0.0,300.0,0.0,220.5,Group 3,FOOD-DATA-GROUP3.csv
Beef Shoulder Steak Raw,"beef shoulder steak raw, fresh meat, essential amino acids, heme iron, high protein",1,92.5,,,349.0,48.2,0.0,17.3,0.0,200.0,0.0,100.2,Group 3,FOOD-DATA-GROUP3.csv
Beef Top Blade Cooked,"beef top blade cooked, fresh meat, essential amino acids, heme iron, high protein",1,86.8,,,184.0,21.9,0.0,10.0,0.0,2.0,0.0,40.2,Group 3,FOOD-DATA-GROUP3.csv
Corned Beef Cooked,"corned beef cooked, fresh meat, essential amino acids, heme iron",1,75.0,,,53.0,3.8,0.0,4.0,0.0,200.0,0.0,9.9,Group 3,FOOD-DATA-GROUP3.csv
Beef Round Steak Raw,"beef round steak raw, fresh meat, essential amino acids, heme iron, high protein",1,98.0,,,753.0,100.1,0.0,36.0,0.0,300.0,0.0,239.8,Group 3,FOOD-DATA-GROUP3.csv
Beef Shoulder Steak Grilled,"beef shoulder steak grilled, fresh meat, essential amino acids, heme iron, high protein",1,87.6,,,155.0,24.0,0.0,5.8,0.0,14.0,0.0,42.6,Group 3,FOOD-DATA-GROUP3.csv
Chuck Eye Steak Raw,"chuck eye steak raw, high protein",1,97.4,,,856.0,72.4,0.0,62.8,0.0,300.0,0.0,197.2,Group 3,FOOD-DATA-GROUP3.csv
Beef Bottom Round Steak Cooked,"beef bottom round steak cooked, fresh meat, essential amino acids, heme iron, high protein",1,98.0,,,980.0,155.8,0.0,35.1,0.0,200.0,0.0,235.7,Group 3,FOOD-DATA-GROUP3.csv
Porterhouse Steak Cooked,"porterhouse steak cooked, high protein",1,86.2,,,235.0,20.4,0.0,16.4,0.0,85.0,0.0,45.3,Group 3,FOOD-DATA-GROUP3.csv
Beef Under Blade Steak Raw,"beef under blade steak raw, fresh meat, essential amino acids, heme iron, high protein",1,98.0,,,1235.0,126.8,0.0,80.8,0.0,300.0,0.0,283.2,Group 3,FOOD-DATA-GROUP3.csv
Beef Plate Steak Raw,"beef plate steak raw, fresh meat, essential amino acids, heme iron, high protein",1,93.5,,,617.0,47.8,0.9,46.8,0.0,200.0,0.0,120.7,Group 3,FOOD-DATA-GROUP3.csv
Beef Meat Canned,"beef meat canned, fresh meat, essential amino acids, heme iron",3,63.7,,,111.0,9.2,0.0,7.9,0.0,95.0,0.0,22.6,Group 3,FOOD-DATA-GROUP3.csv
Beef Breakfast Strips Raw,"beef breakfast strips raw, fresh meat, essential amino acids, heme iron",1,80.0,,,92.0,2.8,0.2,8.8,0.0,200.0,0.0,18.4,Group 3,FOOD-DATA-GROUP3.csv
Beef Brisket Cooked,"beef brisket cooked, fresh meat, essential amino acids, heme iron, high protein",1,92.8,,,589.0,46.0,0.0,43.6,0.0,100.0,0.0,106.5,Group 3,FOOD-DATA-GROUP3.csv
Corned Beef Raw,"corned beef raw, fresh meat, essential amino acids, heme iron, high protein",4,39.0,,,898.0,66.6,0.6,67.6,0.0,5500.0,0.0,296.8,Group 3,FOOD-DATA-GROUP3.csv
Beef Mince Meat Asda,"beef mince meat asda, fresh meat, essential amino acids, heme iron",1,75.0,,,55.0,0.0,6.8,3.1,0.1,0.0,0.0,9.9,Group 3,FOOD-DATA-GROUP3.csv
Pastrami Beef Fat Free,"pastrami beef fat free, fresh meat, essential amino acids, heme iron",1,75.0,,,9.0,1.9,0.1,0.1,0.0,5.0,0.0,6.6,Group 3,FOOD-DATA-GROUP3.csv
Rib Eye Steak Raw,"rib eye steak raw, high protein",1,95.0,,,743.0,62.8,0.4,54.5,0.0,200.0,0.0,149.7,Group 3,FOOD-DATA-GROUP3.csv
Beef Tenderloin Steak Cooked,"beef tenderloin steak cooked, fresh meat, essential amino acids, heme iron, high protein",1,92.0,,,374.0,37.0,0.0,24.0,0.0,61.0,0.0,90.0,Group 3,FOOD-DATA-GROUP3.csv
Chuck Blade Roast Cooked,"chuck blade roast cooked, high protein",1,95.9,,,842.0,66.1,0.0,62.0,0.0,200.0,0.0,167.9,Group 3,FOOD-DATA-GROUP3.csv
Cured Beef Dried,"cured beef dried, fresh meat, essential amino acids, heme iron",3,57.0,,,4.0,0.9,0.1,0.0,0.0,49.0,0.0,1.3,Group 3,FOOD-DATA-GROUP3.csv
Beef Flank Steak Cooked,"beef flank steak cooked, fresh meat, essential amino acids, heme iron, high protein",1,92.8,,,380.0,51.8,0.0,17.5,0.0,68.0,0.0,106.5,Group 3,FOOD-DATA-GROUP3.csv
Chuck Eye Steak Grilled,"chuck eye steak grilled, high protein",1,94.6,,,853.0,76.9,0.0,60.5,0.0,200.0,0.0,142.8,Group 3,FOOD-DATA-GROUP3.csv
Veal Meat Raw,"veal meat raw, fresh meat, essential amino acids, heme iron, high protein",1,97.0,,,653.0,87.8,0.0,30.7,0.0,400.0,0.0,190.3,Group 3,FOOD-DATA-GROUP3.csv
Veal Loin Cooked,"veal loin cooked, fresh meat, essential amino acids, heme iron",1,81.4,,,80.0,8.5,0.0,4.9,0.0,1.0,0.0,21.6,Group 3,FOOD-DATA-GROUP3.csv
Veal Loin Raw,"veal loin raw, fresh meat, essential amino acids, heme iron",1,80.1,,,46.0,5.3,0.0,2.6,0.0,79.0,0.0,12.6,Group 3,FOOD-DATA-GROUP3.csv
Veal Shoulder Cooked,"veal shoulder cooked, fresh meat, essential amino acids, heme iron, high protein",1,95.0,,,435.0,61.2,0.0,19.4,0.0,200.0,0.0,150.2,Group 3,FOOD-DATA-GROUP3.csv
Beef Tenderloin Steak Raw,"beef tenderloin steak raw, fresh meat, essential amino acids, heme iron, high protein",1,92.6,,,405.0,32.2,0.0,29.8,0.0,32.0,0.0,102.0,Group 3,FOOD-DATA-GROUP3.csv
Veal Shank Cooked,"veal shank cooked, fresh meat, essential amino acids, heme iron, high protein",1,94.5,,,371.0,61.2,0.0,12.0,0.0,200.0,0.0,139.6,Group 3,FOOD-DATA-GROUP3.csv
Beef Brisket Raw,"beef brisket raw, fresh meat, essential amino acids, heme iron, high protein",1,97.8,,,1139.0,83.6,0.0,86.5,0.0,300.0,0.0,205.0,Group 3,FOOD-DATA-GROUP3.csv
Pastrami Beef,"pastrami beef, fresh meat, essential amino acids, heme iron, high protein",1,78.2,,,104.0,15.5,0.3,4.1,0.1,800.0,0.0,28.8,Group 3,FOOD-DATA-GROUP3.csv
Beef Flank Steak Raw,"beef flank steak raw, fresh meat, essential amino acids, heme iron",1,80.4,,,47.0,6.0,0.0,2.3,0.0,54.0,0.0,16.3,Group 3,FOOD-DATA-GROUP3.csv
Beef Top Sirloin Steak Cooked,"beef top sirloin steak cooked, fresh meat, essential amino acids, heme iron, high protein",1,93.1,,,430.0,47.7,0.0,25.2,0.0,55.0,0.0,111.4,Group 3,FOOD-DATA-GROUP3.csv
Veal Breast Raw,"veal breast raw, fresh meat, essential amino acids, heme iron, high protein",1,96.5,,,943.0,79.2,0.0,66.9,0.0,300.0,0.0,180.3,Group 3,FOOD-DATA-GROUP3.csv
Beef Rib Raw,"beef rib raw, fresh meat, essential amino acids, heme iron, high protein",1,98.0,,,1433.0,73.8,0.0,123.8,0.0,200.0,0.0,241.7,Group 3,FOOD-DATA-GROUP3.csv
Beef Jerky,"beef jerky, fresh meat, essential amino acids, heme iron",1,81.6,,,82.0,6.6,2.2,5.1,1.8,400.0,0.4,19.4,Group 3,FOOD-DATA-GROUP3.csv
Beef Breakfast Strips Cooked,"beef breakfast strips cooked, fresh meat, essential amino acids, heme iron",1,75.0,,,51.0,3.5,0.2,3.9,0.0,300.0,0.0,9.0,Group 3,FOOD-DATA-GROUP3.csv
Pork Olive Loaf,"pork olive loaf, fresh meat, essential amino acids, heme iron",1,80.0,,,66.0,3.3,2.6,4.6,0.0,300.0,0.0,41.3,Group 3,FOOD-DATA-GROUP3.csv
Beef Luncheon Meat Jellied,"beef luncheon meat jellied, fresh meat, essential amino acids, heme iron",1,80.1,,,31.0,5.3,0.0,0.9,0.0,400.0,0.0,10.0,Group 3,FOOD-DATA-GROUP3.csv
Turkey Pastrami,"turkey pastrami, fresh poultry meat, protein amino acids",1,80.2,,,38.0,4.6,0.5,1.8,1.0,300.0,0.1,13.6,Group 3,FOOD-DATA-GROUP3.csv
Pork Salami,"pork salami, fresh meat, essential amino acids, heme iron",1,75.0,,,41.0,2.3,0.2,3.4,0.0,200.0,0.0,7.3,Group 3,FOOD-DATA-GROUP3.csv
Canadian Style Bacon Raw,canadian style bacon raw,3,62.4,,,45.0,5.9,0.5,2.0,0.0,300.0,0.0,10.9,Group 3,FOOD-DATA-GROUP3.csv
Honey Loaf,honey loaf,1,82.0,,,85.0,9.9,2.6,3.6,2.6,400.0,0.0,47.5,Group 3,FOOD-DATA-GROUP3.csv
Pork Beef Salami,"pork beef salami, fresh meat, essential amino acids, heme iron",1,75.0,,,37.0,2.1,0.1,3.1,0.0,200.0,0.0,5.3,Group 3,FOOD-DATA-GROUP3.csv
Beef Pork Bologna,"beef pork bologna, fresh meat, essential amino acids, heme iron",4,45.0,,"E250 (Sodium nitrite), E451 (Triphosphates)",92.0,4.6,1.6,7.4,1.3,300.0,0.0,39.7,Group 3,FOOD-DATA-GROUP3.csv
Pork Beef Salami Cooked,"pork beef salami cooked, fresh meat, essential amino acids, heme iron",1,75.0,,,41.0,2.7,0.3,3.2,0.1,200.0,0.0,8.2,Group 3,FOOD-DATA-GROUP3.csv
Pork Breakfast Strips Raw,"pork breakfast strips raw, fresh meat, essential amino acids, heme iron",1,80.0,,,88.0,2.7,0.2,8.4,0.0,200.0,0.0,19.4,Group 3,FOOD-DATA-GROUP3.csv
Pickle Pimiento Loaf,pickle pimiento loaf,1,82.0,,,86.0,4.3,3.2,6.1,3.2,400.0,0.6,59.1,Group 3,FOOD-DATA-GROUP3.csv
Luxury Loaf,luxury loaf,1,80.1,,,39.0,5.2,1.4,1.3,0.0,300.0,0.0,18.3,Group 3,FOOD-DATA-GROUP3.csv
Mortadella,mortadella,1,75.0,,,47.0,2.5,0.5,3.8,0.0,200.0,0.0,9.7,Group 3,FOOD-DATA-GROUP3.csv
Pork Bologna,"pork bologna, fresh meat, essential amino acids, heme iron",4,45.0,,"E250 (Sodium nitrite), E451 (Triphosphates)",69.0,4.3,0.2,5.6,0.0,300.0,0.0,13.4,Group 3,FOOD-DATA-GROUP3.csv
Turkey Salami Cooked,"turkey salami cooked, fresh poultry meat, protein amino acids",1,75.1,,,9.0,1.0,0.1,0.5,0.1,23.0,0.1,3.8,Group 3,FOOD-DATA-GROUP3.csv
Pepperoni Beef,"pepperoni beef, fresh meat, essential amino acids, heme iron",1,75.0,,,10.0,0.5,0.0,0.9,0.0,90.0,0.0,1.9,Group 3,FOOD-DATA-GROUP3.csv
Peppered Loaf,peppered loaf,1,80.0,,,42.0,4.9,1.3,1.8,1.3,200.0,0.0,23.7,Group 3,FOOD-DATA-GROUP3.csv
Luncheon Meat Beef,"luncheon meat beef, fresh meat, essential amino acids, heme iron",1,75.0,,,10.0,1.8,0.0,0.3,0.0,100.0,0.0,3.3,Group 3,FOOD-DATA-GROUP3.csv
Lebanon Bologna,lebanon bologna,4,41.3,,"E250 (Sodium nitrite), E451 (Triphosphates)",98.0,10.8,0.3,6.0,0.0,800.0,0.0,30.2,Group 3,FOOD-DATA-GROUP3.csv
Chicken Pork Bologna,"chicken pork bologna, fresh poultry meat, protein amino acids",4,46.1,,"E250 (Sodium nitrite), E451 (Triphosphates)",94.0,2.9,1.2,8.6,0.0,300.0,0.0,71.7,Group 3,FOOD-DATA-GROUP3.csv
Turkey Roll,"turkey roll, grain flour, water, yeast, salt",3,62.0,,,40.0,4.9,0.6,1.9,0.0,100.0,0.0,16.4,Group 3,FOOD-DATA-GROUP3.csv
Beef Salami Cooked,"beef salami cooked, fresh meat, essential amino acids, heme iron",1,80.0,,,68.0,3.3,0.5,5.8,0.4,300.0,0.0,11.8,Group 3,FOOD-DATA-GROUP3.csv
Yachtwurst Cooked,yachtwurst cooked,1,79.8,,,150.0,8.3,0.8,12.7,0.0,500.0,0.0,33.0,Group 3,FOOD-DATA-GROUP3.csv
Italian Salami,italian salami,1,75.0,,,43.0,2.2,0.1,3.7,0.1,200.0,0.0,7.2,Group 3,FOOD-DATA-GROUP3.csv
Turkey Ham,"turkey ham, fresh poultry meat, protein amino acids",3,57.2,,,38.0,5.5,0.3,1.6,0.1,300.0,0.0,9.2,Group 3,FOOD-DATA-GROUP3.csv
Turkey Bologna,"turkey bologna, fresh poultry meat, protein amino acids",4,45.2,,"E250 (Sodium nitrite), E451 (Triphosphates)",59.0,3.2,1.3,4.5,0.8,300.0,0.1,48.1,Group 3,FOOD-DATA-GROUP3.csv
Sliced Turkey Breast,"sliced turkey breast, fresh poultry meat, protein amino acids",1,75.0,,,17.0,2.4,0.4,0.6,0.1,100.0,0.0,3.6,Group 3,FOOD-DATA-GROUP3.csv
Luncheon Meat Pork Beef,"luncheon meat pork beef, fresh meat, essential amino acids, heme iron",1,80.0,,,99.0,3.5,0.7,9.0,0.0,400.0,0.0,15.9,Group 3,FOOD-DATA-GROUP3.csv
Beef Bologna,"beef bologna, fresh meat, essential amino acids, heme iron",4,45.0,,"E250 (Sodium nitrite), E451 (Triphosphates)",90.0,3.3,1.3,7.8,0.6,300.0,0.0,13.0,Group 3,FOOD-DATA-GROUP3.csv
Turkey Bacon Cooked,"turkey bacon cooked, fresh poultry meat, protein amino acids, high protein",3,50.2,,,313.0,24.3,2.5,22.9,0.0,1900.0,0.0,58.8,Group 3,FOOD-DATA-GROUP3.csv
Ground Emu Cooked,"ground emu cooked, high protein",1,90.0,,,178.0,31.0,0.0,5.1,0.0,25.0,0.0,37.6,Group 3,FOOD-DATA-GROUP3.csv
Ostrich Leg Raw,"ostrich leg raw, high protein",1,85.6,,,94.0,19.0,0.0,1.5,0.0,67.0,0.0,26.8,Group 3,FOOD-DATA-GROUP3.csv
Ostrich Strip Raw,"ostrich strip raw, high protein",1,86.0,,,108.0,20.1,0.0,2.4,0.0,86.0,0.0,30.4,Group 3,FOOD-DATA-GROUP3.csv
Emu Fillet Cooked,"emu fillet cooked, high protein",1,96.2,,,607.0,123.2,0.0,9.1,0.0,200.0,0.0,173.9,Group 3,FOOD-DATA-GROUP3.csv
Ostrich Tenderloin Raw,"ostrich tenderloin raw, high protein",1,85.5,,,105.0,18.8,0.0,2.7,0.0,5.0,0.0,30.7,Group 3,FOOD-DATA-GROUP3.csv
Emu Drums Cooked,"emu drums cooked, high protein",3,74.9,,,649.0,134.7,0.0,8.4,0.0,500.0,0.0,198.4,Group 3,FOOD-DATA-GROUP3.csv
Green Turtle Raw,green turtle raw,1,80.2,,,25.0,5.6,0.0,0.1,0.0,99.0,0.0,39.6,Group 3,FOOD-DATA-GROUP3.csv
Ground Bison Cooked,"ground bison cooked, high protein",1,93.9,,,448.0,63.6,0.0,21.6,0.0,200.0,0.0,128.2,Group 3,FOOD-DATA-GROUP3.csv
Goat Meat Raw,"goat meat raw, high protein",1,96.3,,,494.0,93.4,0.0,10.5,0.0,400.0,0.0,175.7,Group 3,FOOD-DATA-GROUP3.csv
Ground Emu Raw,"ground emu raw, high protein",1,88.6,,,157.0,26.6,0.0,4.7,0.0,62.0,0.0,44.2,Group 3,FOOD-DATA-GROUP3.csv
Ground Ostrich Raw,"ground ostrich raw, high protein",1,86.8,,,180.0,22.0,0.0,9.5,0.0,21.0,0.0,42.3,Group 3,FOOD-DATA-GROUP3.csv
Ostrich Tip Cooked,"ostrich tip cooked, high protein",1,87.7,,,123.0,24.2,0.0,2.2,0.0,86.0,0.0,33.9,Group 3,FOOD-DATA-GROUP3.csv
Caribou Cooked,"caribou cooked, high protein",1,90.4,,,210.0,38.0,0.0,6.4,0.0,4.0,0.0,57.4,Group 3,FOOD-DATA-GROUP3.csv
Ground Ostrich Cooked,"ground ostrich cooked, high protein",1,87.7,,,163.0,24.3,0.0,6.6,0.0,99.0,0.0,31.7,Group 3,FOOD-DATA-GROUP3.csv
Ostrich Leg Cooked,"ostrich leg cooked, high protein",1,87.9,,,120.0,24.7,0.0,1.6,0.0,16.0,0.0,34.1,Group 3,FOOD-DATA-GROUP3.csv
Ostrich Top Loin Cooked,"ostrich top loin cooked, high protein",1,87.6,,,132.0,23.9,0.0,3.3,0.0,29.0,0.0,28.0,Group 3,FOOD-DATA-GROUP3.csv
Ostrich Strip Cooked,"ostrich strip cooked, high protein",1,88.0,,,139.0,25.0,0.0,3.6,0.0,34.0,0.0,37.0,Group 3,FOOD-DATA-GROUP3.csv
Ostrich Tip Raw,"ostrich tip raw, high protein",1,85.4,,,97.0,18.6,0.0,2.0,0.0,41.0,0.0,27.3,Group 3,FOOD-DATA-GROUP3.csv
Ostrich Round Raw,"ostrich round raw, high protein",1,85.5,,,99.0,18.7,0.0,2.0,0.0,74.0,0.0,28.0,Group 3,FOOD-DATA-GROUP3.csv
Ground Bison Raw,"ground bison raw, high protein",1,84.9,,,124.0,17.2,0.1,6.1,0.0,42.0,0.0,35.1,Group 3,FOOD-DATA-GROUP3.csv
Ostrich Fan Raw,"ostrich fan raw, high protein",1,85.4,,,99.0,18.5,0.0,2.3,0.0,40.0,0.0,29.6,Group 3,FOOD-DATA-GROUP3.csv
Ostrich Top Loin Raw,"ostrich top loin raw, high protein",1,85.4,,,101.0,18.4,0.0,2.5,0.0,73.0,0.0,28.7,Group 3,FOOD-DATA-GROUP3.csv
Veal Brain Cooked,"veal brain cooked, fresh meat, essential amino acids, heme iron, high protein",1,94.8,,,461.0,38.9,0.0,32.6,0.0,500.0,0.0,175.5,Group 3,FOOD-DATA-GROUP3.csv
Veal Tongue Cooked,"veal tongue cooked, fresh meat, essential amino acids, heme iron, high protein",1,94.3,,,515.0,65.9,0.0,25.8,0.0,200.0,0.0,135.3,Group 3,FOOD-DATA-GROUP3.csv
Beef Heart Cooked,"beef heart cooked, fresh meat, essential amino acids, heme iron",1,76.2,,,47.0,8.1,0.1,1.3,0.0,24.0,0.0,9.7,Group 3,FOOD-DATA-GROUP3.csv
Turkey Liver Cooked,"turkey liver cooked, fresh poultry meat, protein amino acids",1,83.7,,,100.0,14.3,0.0,4.3,0.0,83.0,0.0,47.3,Group 3,FOOD-DATA-GROUP3.csv
Veal Thymus Cooked,"veal thymus cooked, fresh meat, essential amino acids, heme iron",1,80.6,,,35.0,6.4,0.0,0.9,0.0,36.0,0.0,20.0,Group 3,FOOD-DATA-GROUP3.csv
Beef Brain Cooked,"beef brain cooked, fresh meat, essential amino acids, heme iron, high protein",1,92.0,,,688.0,44.1,0.0,55.6,0.0,600.0,0.0,150.7,Group 3,FOOD-DATA-GROUP3.csv
Beef Pancreas Cooked,"beef pancreas cooked, fresh meat, essential amino acids, heme iron, high protein",1,96.7,,,602.0,60.2,0.0,38.2,0.0,100.0,0.0,184.8,Group 3,FOOD-DATA-GROUP3.csv
Beef Tripe Cooked,"beef tripe cooked, fresh meat, essential amino acids, heme iron",1,83.7,,,80.0,10.0,1.7,3.4,0.0,45.0,0.0,84.6,Group 3,FOOD-DATA-GROUP3.csv
Chicken Gizzard Cooked,"chicken gizzard cooked, fresh poultry meat, protein amino acids, high protein",1,91.4,,,223.0,44.1,0.0,3.9,0.0,69.0,0.0,77.3,Group 3,FOOD-DATA-GROUP3.csv
Pork Pancreas Cooked,"pork pancreas cooked, fresh meat, essential amino acids, heme iron, high protein",1,95.3,,,537.0,69.8,0.0,26.5,0.0,100.0,0.0,156.1,Group 3,FOOD-DATA-GROUP3.csv
Beef Tongue Cooked,"beef tongue cooked, fresh meat, essential amino acids, heme iron",1,80.2,,,80.0,5.5,0.0,6.3,0.0,29.0,0.0,14.3,Group 3,FOOD-DATA-GROUP3.csv
Lamb Heart Cooked,"lamb heart cooked, fresh meat, essential amino acids, heme iron, high protein",1,93.4,,,353.0,47.7,3.7,15.1,0.0,100.0,0.0,117.1,Group 3,FOOD-DATA-GROUP3.csv
Beef Spleen Cooked,"beef spleen cooked, fresh meat, essential amino acids, heme iron, high protein",1,98.0,,,447.0,77.3,0.0,12.9,0.0,200.0,0.0,403.3,Group 3,FOOD-DATA-GROUP3.csv
Veal Kidneys Cooked,"veal kidneys cooked, fresh meat, essential amino acids, heme iron, high protein",1,94.1,,,300.0,48.4,0.0,10.4,0.0,200.0,0.0,132.9,Group 3,FOOD-DATA-GROUP3.csv
Chicken Heart Cooked,"chicken heart cooked, fresh poultry meat, protein amino acids, high protein",1,92.2,,,268.0,38.3,0.1,11.5,0.0,81.0,0.0,93.3,Group 3,FOOD-DATA-GROUP3.csv
Lamb Tongue Cooked,"lamb tongue cooked, fresh meat, essential amino acids, heme iron, high protein",1,95.3,,,701.0,55.0,0.0,51.7,0.0,200.0,0.0,156.8,Group 3,FOOD-DATA-GROUP3.csv
Veal Heart Cooked,"veal heart cooked, fresh meat, essential amino acids, heme iron, high protein",1,93.3,,,368.0,57.7,0.3,13.4,0.0,100.0,0.0,115.6,Group 3,FOOD-DATA-GROUP3.csv
Chicken Liver Cooked,"chicken liver cooked, fresh poultry meat, protein amino acids",1,82.5,,,76.0,11.3,0.5,2.8,0.0,79.0,0.0,15.2,Group 3,FOOD-DATA-GROUP3.csv
Lamb Pancreas Cooked,"lamb pancreas cooked, fresh meat, essential amino acids, heme iron, high protein",1,95.8,,,541.0,52.7,0.0,34.9,0.0,100.0,0.0,166.4,Group 3,FOOD-DATA-GROUP3.csv
Veal Spleen Cooked,"veal spleen cooked, fresh meat, essential amino acids, heme iron, high protein",1,98.0,,,445.0,83.1,0.0,10.0,0.0,200.0,0.0,280.7,Group 3,FOOD-DATA-GROUP3.csv
Lamb Liver Cooked,"lamb liver cooked, fresh meat, essential amino acids, heme iron, high protein",1,98.0,,,739.0,102.7,8.5,29.6,0.0,200.0,0.0,234.1,Group 3,FOOD-DATA-GROUP3.csv
Turkey Gizzard Cooked,"turkey gizzard cooked, fresh poultry meat, protein amino acids",1,82.8,,,70.0,11.9,0.0,2.1,0.0,31.0,0.0,26.2,Group 3,FOOD-DATA-GROUP3.csv
Lamp Spleen Cooked,"lamp spleen cooked, high protein",1,98.0,,,460.0,78.1,0.0,14.1,0.0,200.0,0.0,321.4,Group 3,FOOD-DATA-GROUP3.csv
Turkey Heart Cooked,"turkey heart cooked, fresh poultry meat, protein amino acids",1,80.0,,,35.0,5.0,0.0,1.5,0.0,46.0,0.0,12.8,Group 3,FOOD-DATA-GROUP3.csv
Beef Liver Cooked,"beef liver cooked, fresh meat, essential amino acids, heme iron, high protein",1,85.9,,,130.0,19.8,3.5,3.6,0.0,68.0,0.0,37.5,Group 3,FOOD-DATA-GROUP3.csv
Lamb Lungs Cooked,"lamb lungs cooked, fresh meat, essential amino acids, heme iron, high protein",1,98.0,,,431.0,75.7,0.0,11.8,0.0,300.0,0.0,257.4,Group 3,FOOD-DATA-GROUP3.csv
Pork Brain Cooked,"pork brain cooked, fresh meat, essential amino acids, heme iron, high protein",1,96.4,,,527.0,46.4,0.0,36.3,0.0,300.0,0.0,177.6,Group 3,FOOD-DATA-GROUP3.csv
Goose Liver,"goose liver, high protein",1,87.0,,,125.0,15.4,5.9,4.0,0.0,100.0,0.0,107.4,Group 3,FOOD-DATA-GROUP3.csv
Pork Kidneys Cooked,"pork kidneys cooked, fresh meat, essential amino acids, heme iron, high protein",1,91.6,,,211.0,35.6,0.0,6.6,0.0,100.0,0.0,82.7,Group 3,FOOD-DATA-GROUP3.csv
Lamb Brain Cooked,"lamb brain cooked, fresh meat, essential amino acids, heme iron, high protein",1,94.4,,,503.0,43.5,0.0,35.3,0.0,500.0,0.0,167.8,Group 3,FOOD-DATA-GROUP3.csv
Pork Heart Cooked,"pork heart cooked, fresh meat, essential amino acids, heme iron, high protein",1,90.7,,,215.0,34.2,0.6,7.3,0.0,53.0,0.0,63.7,Group 3,FOOD-DATA-GROUP3.csv
Lamb Kidneys Cooked,"lamb kidneys cooked, fresh meat, essential amino acids, heme iron, high protein",1,96.5,,,349.0,60.3,2.5,9.2,0.0,400.0,0.0,180.4,Group 3,FOOD-DATA-GROUP3.csv
Beef Lungs Cooked,"beef lungs cooked, fresh meat, essential amino acids, heme iron, high protein",1,98.0,,,364.0,61.8,0.0,11.2,0.0,300.0,0.0,221.9,Group 3,FOOD-DATA-GROUP3.csv
Veal Pancreas Cooked,"veal pancreas cooked, fresh meat, essential amino acids, heme iron, high protein",1,95.9,,,614.0,69.8,0.0,35.0,0.0,200.0,0.0,168.1,Group 3,FOOD-DATA-GROUP3.csv
Pork Liver Cooked,"pork liver cooked, fresh meat, essential amino acids, heme iron, high protein",1,98.0,,,584.0,92.1,13.3,15.6,0.0,200.0,0.0,322.4,Group 3,FOOD-DATA-GROUP3.csv
Beef Kidneys Cooked,"beef kidneys cooked, fresh meat, essential amino acids, heme iron",1,81.1,,,45.0,7.7,0.0,1.3,0.0,29.0,0.0,16.0,Group 3,FOOD-DATA-GROUP3.csv
Turkey Giblets Cooked,"turkey giblets cooked, fresh poultry meat, protein amino acids, high protein",1,88.0,,,164.0,25.1,0.0,6.3,0.0,100.0,0.0,32.6,Group 3,FOOD-DATA-GROUP3.csv
Duck Liver Raw,"duck liver raw, fresh poultry meat, protein amino acids",1,81.3,,,60.0,8.2,1.6,2.0,0.0,89.0,0.0,37.3,Group 3,FOOD-DATA-GROUP3.csv
Veal Liver Cooked,"veal liver cooked, fresh meat, essential amino acids, heme iron, high protein",1,87.1,,,154.0,22.7,3.0,5.0,0.0,46.0,0.0,43.6,Group 3,FOOD-DATA-GROUP3.csv
Pork Lungs Cooked,"pork lungs cooked, fresh meat, essential amino acids, heme iron, high protein",1,95.3,,,297.0,49.8,0.0,9.3,0.0,200.0,0.0,156.0,Group 3,FOOD-DATA-GROUP3.csv
Veal Lungs Cooked,"veal lungs cooked, fresh meat, essential amino acids, heme iron, high protein",1,97.4,,,312.0,56.2,0.0,7.9,0.0,200.0,0.0,197.9,Group 3,FOOD-DATA-GROUP3.csv
Beef Thymus Cooked,"beef thymus cooked, fresh meat, essential amino acids, heme iron, high protein",1,98.0,,,1215.0,83.2,0.0,95.2,0.0,400.0,0.0,337.3,Group 3,FOOD-DATA-GROUP3.csv
Ham,ham,3,63.0,,,46.0,4.6,1.0,2.5,0.3,200.0,0.4,16.6,Group 3,FOOD-DATA-GROUP3.csv
Pork Meat Cooked,"pork meat cooked, fresh meat, essential amino acids, heme iron",1,79.1,,,283.0,14.1,0.0,14.1,0.0,700.0,0.0,39.7,Group 3,FOOD-DATA-GROUP3.csv
Bacon Roasted,bacon roasted,3,57.0,,,43.0,3.0,0.1,3.3,0.0,34.0,0.0,6.5,Group 3,FOOD-DATA-GROUP3.csv
Pork Top Loin Roasts Raw,"pork top loin roasts raw, fresh meat, essential amino acids, heme iron, high protein",1,93.0,,,3644.0,468.4,0.0,182.8,0.0,1000.0,0.0,816.6,Group 3,FOOD-DATA-GROUP3.csv
Pork Blade Roll Raw,"pork blade roll raw, grain flour, water, yeast, salt",3,62.0,,,76.0,4.7,0.0,6.2,0.0,400.0,0.0,13.1,Group 3,FOOD-DATA-GROUP3.csv
Pork Backribs Raw,"pork backribs raw, fresh meat, essential amino acids, heme iron, high protein",1,94.5,,,2399.0,204.2,0.0,174.9,0.0,900.0,0.0,719.2,Group 3,FOOD-DATA-GROUP3.csv
Pork Spareribs Cooked,"pork spareribs cooked, fresh meat, essential amino acids, heme iron, high protein",1,97.1,,,703.0,51.4,0.0,53.6,0.0,200.0,0.0,191.6,Group 3,FOOD-DATA-GROUP3.csv
Pork Stomach Cooked,"pork stomach cooked, fresh meat, essential amino acids, heme iron",1,80.4,,,44.0,6.1,0.0,2.1,0.0,35.0,0.0,12.8,Group 3,FOOD-DATA-GROUP3.csv
Honey Smoked Ham Cooked,honey smoked ham cooked,3,62.5,,,67.0,9.9,4.0,1.3,0.0,500.0,0.0,19.0,Group 3,FOOD-DATA-GROUP3.csv
Boston Butt Steak Raw,"boston butt steak raw, high protein",1,98.0,,,844.0,79.0,0.0,56.1,0.0,300.0,0.0,212.8,Group 3,FOOD-DATA-GROUP3.csv
Pork Sirloin Chops Cooked,"pork sirloin chops cooked, fresh meat, essential amino acids, heme iron, high protein",1,87.3,,,140.0,23.3,0.0,4.5,0.0,1.0,0.0,28.2,Group 3,FOOD-DATA-GROUP3.csv
Pork Country Style Ribs Raw,"pork country style ribs raw, fresh meat, essential amino acids, heme iron, high protein",1,88.9,,,242.0,24.8,0.0,15.1,0.0,61.0,0.0,69.2,Group 3,FOOD-DATA-GROUP3.csv
Ham Patties,ham patties,3,58.8,,,205.0,8.3,1.1,18.3,0.0,700.0,0.0,33.6,Group 3,FOOD-DATA-GROUP3.csv
Pork Feet Cooked,"pork feet cooked, fresh meat, essential amino acids, heme iron",1,80.5,,,67.0,6.2,0.0,4.5,0.0,46.0,0.0,11.0,Group 3,FOOD-DATA-GROUP3.csv
Ground Pork Cooked,"ground pork cooked, fresh meat, essential amino acids, heme iron, high protein",1,98.0,,,930.0,80.4,0.0,65.0,0.0,200.0,0.0,220.5,Group 3,FOOD-DATA-GROUP3.csv
Pork Centre Loin Chops Cooked,"pork centre loin chops cooked, fresh meat, essential amino acids, heme iron, high protein",1,90.5,,,328.0,40.2,0.0,17.4,0.0,65.0,0.0,59.0,Group 3,FOOD-DATA-GROUP3.csv
Pork Leg Cap Steak Cooked,"pork leg cap steak cooked, fresh meat, essential amino acids, heme iron, high protein",1,91.4,,,307.0,53.5,0.0,8.6,0.0,100.0,0.0,77.6,Group 3,FOOD-DATA-GROUP3.csv
Pork Blade Chops Raw,"pork blade chops raw, fresh meat, essential amino acids, heme iron, high protein",1,95.1,,,376.0,55.8,0.0,15.4,0.0,200.0,0.0,152.1,Group 3,FOOD-DATA-GROUP3.csv
Pork Tenderloin Raw,"pork tenderloin raw, fresh meat, essential amino acids, heme iron, high protein",1,95.4,,,606.0,104.3,0.0,17.8,0.0,300.0,0.0,157.3,Group 3,FOOD-DATA-GROUP3.csv
Pork Sirloin Chops Raw,"pork sirloin chops raw, fresh meat, essential amino acids, heme iron, high protein",1,98.0,,,1090.0,205.5,0.0,23.3,0.0,600.0,0.0,314.9,Group 3,FOOD-DATA-GROUP3.csv
Pork Leg Cap Steak Raw,"pork leg cap steak raw, fresh meat, essential amino acids, heme iron, high protein",1,91.3,,,284.0,50.0,0.0,7.8,0.0,200.0,0.0,75.9,Group 3,FOOD-DATA-GROUP3.csv
Pork Carcass Raw,"pork carcass raw, fresh meat, essential amino acids, heme iron, high protein",1,98.0,,,1706.0,63.1,0.0,159.1,0.0,200.0,0.0,313.3,Group 3,FOOD-DATA-GROUP3.csv
Pork Splean Cooked,"pork splean cooked, fresh meat, essential amino acids, heme iron, high protein",1,98.0,,,446.0,84.3,0.0,9.6,0.0,300.0,0.0,234.0,Group 3,FOOD-DATA-GROUP3.csv
Chopped Ham,chopped ham,3,62.0,,,50.0,4.6,1.2,2.9,0.0,300.0,0.0,10.9,Group 3,FOOD-DATA-GROUP3.csv
Pork Centre Loin Chops Raw,"pork centre loin chops raw, fresh meat, essential amino acids, heme iron, high protein",1,92.4,,,338.0,41.2,0.0,18.0,0.0,100.0,0.0,98.3,Group 3,FOOD-DATA-GROUP3.csv
Pork Blade Chops Cooked,"pork blade chops cooked, fresh meat, essential amino acids, heme iron, high protein",1,90.5,,,265.0,32.4,1.1,14.6,0.0,72.0,0.0,59.9,Group 3,FOOD-DATA-GROUP3.csv
Boston Butt Steak Cooked,"boston butt steak cooked, high protein",1,94.0,,,494.0,46.4,0.0,32.7,0.0,100.0,0.0,130.5,Group 3,FOOD-DATA-GROUP3.csv
Pork Meat Raw,"pork meat raw, fresh meat, essential amino acids, heme iron",1,80.0,,,179.0,2.6,0.0,18.6,0.0,21.0,0.0,25.3,Group 3,FOOD-DATA-GROUP3.csv
Pork Top Loin Chops Raw,"pork top loin chops raw, fresh meat, essential amino acids, heme iron, high protein",1,90.8,,,287.0,39.9,0.0,12.8,0.0,99.0,0.0,66.7,Group 3,FOOD-DATA-GROUP3.csv
Pork Blade Steak Braised,"pork blade steak braised, fresh meat, essential amino acids, heme iron, high protein",1,93.3,,,694.0,68.2,0.1,44.7,0.0,400.0,0.0,115.1,Group 3,FOOD-DATA-GROUP3.csv
Pork Boston Steaks Cooked,"pork boston steaks cooked, fresh meat, essential amino acids, heme iron, high protein",1,94.3,,,438.0,43.2,0.0,28.1,0.0,100.0,0.0,135.0,Group 3,FOOD-DATA-GROUP3.csv
Bacon Cooked,bacon cooked,3,57.0,,,43.0,3.5,0.1,3.1,0.0,200.0,0.0,6.7,Group 3,FOOD-DATA-GROUP3.csv
Pickled Pork Hocks,"pickled pork hocks, fresh meat, essential amino acids, heme iron",3,62.2,,,48.0,5.4,0.0,3.0,0.0,300.0,0.0,14.1,Group 3,FOOD-DATA-GROUP3.csv
Pork Boston Roast Cooked,"pork boston roast cooked, fresh meat, essential amino acids, heme iron, high protein",1,96.9,,,705.0,60.5,0.0,49.4,0.0,200.0,0.0,188.9,Group 3,FOOD-DATA-GROUP3.csv
Canadian Style Bacon Grilled,canadian style bacon grilled,3,62.3,,,43.0,5.7,0.3,2.0,0.0,400.0,0.0,10.6,Group 3,FOOD-DATA-GROUP3.csv
Ham Steak,ham steak,3,59.9,,,70.0,11.1,0.0,2.4,0.0,700.0,0.0,34.8,Group 3,FOOD-DATA-GROUP3.csv
Pork Backfat,"pork backfat, fresh meat, essential amino acids, heme iron",1,95.3,,,3683.0,13.2,0.0,402.3,0.0,64.0,0.0,425.9,Group 3,FOOD-DATA-GROUP3.csv
Bacon Baked,bacon baked,3,57.0,,,44.0,2.9,0.1,3.5,0.0,200.0,0.0,6.7,Group 3,FOOD-DATA-GROUP3.csv
Pork Arm Picnic Raw,"pork arm picnic raw, fresh meat, essential amino acids, heme iron, high protein",4,32.0,,,5298.0,513.6,0.0,343.4,0.0,2300.0,0.0,1202.1,Group 3,FOOD-DATA-GROUP3.csv
Salt Pork Raw,"salt pork raw, fresh meat, essential amino acids, heme iron",2,64.0,,,212.0,1.4,0.0,22.8,0.0,800.0,0.0,26.0,Group 3,FOOD-DATA-GROUP3.csv
Pork Arm Picnic Cooked,"pork arm picnic cooked, fresh meat, essential amino acids, heme iron, high protein",4,32.0,,,5292.0,560.3,0.0,322.7,0.0,2200.0,0.0,1264.1,Group 3,FOOD-DATA-GROUP3.csv
Pork Top Loin Chops Cooked,"pork top loin chops cooked, fresh meat, essential amino acids, heme iron, high protein",1,90.1,,,270.0,39.4,0.0,11.2,0.0,64.0,0.0,51.5,Group 3,FOOD-DATA-GROUP3.csv
Ground Pork Raw,"ground pork raw, fresh meat, essential amino acids, heme iron, high protein",1,87.3,,,329.0,21.1,0.0,26.5,0.0,33.0,0.0,67.2,Group 3,FOOD-DATA-GROUP3.csv
Pork Shoulder Raw,"pork shoulder raw, fresh meat, essential amino acids, heme iron, high protein",1,98.0,,,1070.0,77.9,0.0,81.6,0.0,300.0,0.0,235.6,Group 3,FOOD-DATA-GROUP3.csv
Pork Chitterlings Cooked,"pork chitterlings cooked, fresh meat, essential amino acids, heme iron",1,75.0,,,66.0,3.5,0.0,5.8,0.0,78.0,0.0,9.3,Group 3,FOOD-DATA-GROUP3.csv
Pork Breakfast Strips Cooked,"pork breakfast strips cooked, fresh meat, essential amino acids, heme iron",1,75.0,,,52.0,3.3,0.1,4.1,0.0,200.0,0.0,9.3,Group 3,FOOD-DATA-GROUP3.csv
Pork Blade Roll Roasted,"pork blade roll roasted, grain flour, water, yeast, salt, high protein",3,47.7,,,1079.0,65.0,1.4,88.3,0.0,3700.0,0.0,196.3,Group 3,FOOD-DATA-GROUP3.csv
Pork Tail Cooked,"pork tail cooked, fresh meat, essential amino acids, heme iron, high protein",1,96.8,,,1089.0,46.8,0.0,98.5,0.0,93.0,0.0,186.0,Group 3,FOOD-DATA-GROUP3.csv
Pork Centre Rib Roasts Raw,"pork centre rib roasts raw, fresh meat, essential amino acids, heme iron, high protein",1,92.7,,,275.0,44.0,0.0,9.7,0.0,100.0,0.0,103.4,Group 3,FOOD-DATA-GROUP3.csv
Pork Centre Rib Roasts Roasted,"pork centre rib roasts roasted, fresh meat, essential amino acids, heme iron, high protein",1,97.5,,,1942.0,211.3,0.0,114.9,0.0,700.0,0.0,331.5,Group 3,FOOD-DATA-GROUP3.csv
Minced Ham,minced ham,3,62.0,,,55.0,3.4,0.4,4.3,0.0,300.0,0.0,10.4,Group 3,FOOD-DATA-GROUP3.csv
Ham Roasted,"ham roasted, high protein",3,59.6,,,316.0,28.7,0.6,21.3,0.0,1300.0,0.0,83.3,Group 3,FOOD-DATA-GROUP3.csv
Pork Loin Raw,"pork loin raw, fresh meat, essential amino acids, heme iron, high protein",1,87.8,,,232.0,23.1,0.0,14.7,0.0,3.0,0.0,60.6,Group 3,FOOD-DATA-GROUP3.csv
Pork Backribs Roasted,"pork backribs roasted, fresh meat, essential amino acids, heme iron, high protein",1,96.0,,,2564.0,202.0,0.0,188.9,0.0,800.0,0.0,397.1,Group 3,FOOD-DATA-GROUP3.csv
Pork Belly Raw,"pork belly raw, fresh meat, essential amino acids, heme iron, high protein",1,98.0,,,2350.0,42.4,0.0,240.5,0.0,100.0,0.0,309.5,Group 3,FOOD-DATA-GROUP3.csv
Ham Raw,"ham raw, high protein",3,53.1,,,266.0,23.8,0.0,18.2,0.0,1500.0,0.0,51.7,Group 3,FOOD-DATA-GROUP3.csv
Ham Extra Lean,ham extra lean,3,62.0,,,45.0,5.1,0.6,2.3,0.0,400.0,0.0,10.3,Group 3,FOOD-DATA-GROUP3.csv
Pork Feet Pickled,"pork feet pickled, fresh meat, essential amino acids, heme iron, high protein",3,59.1,,,635.0,52.8,0.0,45.5,0.0,4300.0,0.0,245.0,Group 3,FOOD-DATA-GROUP3.csv
Pork Shoulder Cooked,"pork shoulder cooked, fresh meat, essential amino acids, heme iron, high protein",1,92.3,,,394.0,31.4,0.0,28.9,0.0,1.0,0.0,95.2,Group 3,FOOD-DATA-GROUP3.csv
Pork Top Loin Roasts Roasted,"pork top loin roasts roasted, fresh meat, essential amino acids, heme iron, high protein",1,98.0,,,1628.0,224.3,0.0,74.8,0.0,400.0,0.0,306.4,Group 3,FOOD-DATA-GROUP3.csv
Pork Skin,"pork skin, fresh meat, essential amino acids, heme iron, high protein",1,83.4,,,154.0,17.3,0.0,8.9,0.0,500.0,0.0,35.0,Group 3,FOOD-DATA-GROUP3.csv
Pork Country Style Ribs Cooked,"pork country style ribs cooked, fresh meat, essential amino acids, heme iron, high protein",1,88.0,,,235.0,22.8,0.0,15.2,0.0,49.0,0.0,68.4,Group 3,FOOD-DATA-GROUP3.csv
Pork Blade Steak Raw,"pork blade steak raw, fresh meat, essential amino acids, heme iron, high protein",1,93.2,,,664.0,67.6,0.6,43.7,0.0,600.0,0.0,174.7,Group 3,FOOD-DATA-GROUP3.csv
Pork Tenderloin Cooked,"pork tenderloin cooked, fresh meat, essential amino acids, heme iron, high protein",1,87.1,,,153.0,22.7,0.0,6.2,0.0,91.0,0.0,34.7,Group 3,FOOD-DATA-GROUP3.csv
Pork Loin Cooked,"pork loin cooked, fresh meat, essential amino acids, heme iron, high protein",1,88.0,,,213.0,24.2,0.0,12.1,0.0,77.0,0.0,56.6,Group 3,FOOD-DATA-GROUP3.csv
Pork Ears Cooked,"pork ears cooked, fresh meat, essential amino acids, heme iron, high protein",1,85.2,,,184.0,17.7,0.2,12.0,0.0,200.0,0.0,51.6,Group 3,FOOD-DATA-GROUP3.csv
Pork Tongue Cooked,"pork tongue cooked, fresh meat, essential amino acids, heme iron, high protein",1,95.4,,,626.0,55.7,0.0,43.0,0.0,300.0,0.0,158.0,Group 3,FOOD-DATA-GROUP3.csv
Pork Spareribs Raw,"pork spareribs raw, fresh meat, essential amino acids, heme iron, high protein",1,91.5,,,3593.0,200.6,0.0,303.5,0.0,1100.0,0.0,710.5,Group 3,FOOD-DATA-GROUP3.csv
Ham Patties Grilled,ham patties grilled,3,60.2,,,205.0,8.0,1.0,18.5,0.0,600.0,0.0,33.9,Group 3,FOOD-DATA-GROUP3.csv
Chicken Skin Roasted,"chicken skin roasted, fresh poultry meat, protein amino acids, high protein",1,88.9,,,508.0,22.8,0.0,45.6,0.0,28.0,0.0,85.8,Group 3,FOOD-DATA-GROUP3.csv
Turkey Breast Raw,"turkey breast raw, fresh poultry meat, protein amino acids, high protein",1,88.5,,,3554.0,495.6,0.0,158.9,0.0,1300.0,0.0,976.1,Group 3,FOOD-DATA-GROUP3.csv
Ground Turkey Raw,"ground turkey raw, fresh poultry meat, protein amino acids, high protein",1,87.2,,,169.0,22.4,0.0,8.7,0.0,47.0,0.0,54.1,Group 3,FOOD-DATA-GROUP3.csv
Chicken Wing Cooked,"chicken wing cooked, fresh poultry meat, protein amino acids",1,80.0,,,52.0,4.8,0.0,3.5,0.0,86.0,0.0,11.1,Group 3,FOOD-DATA-GROUP3.csv
Turkey Roast Roasted,"turkey roast roasted, fresh poultry meat, protein amino acids, high protein",1,82.0,,,209.0,28.8,4.1,7.8,0.0,900.0,0.0,49.7,Group 3,FOOD-DATA-GROUP3.csv
Pheasant Meat Raw,"pheasant meat raw, fresh poultry meat, protein amino acids, high protein",1,98.0,,,1448.0,181.6,0.0,74.3,0.0,300.0,0.0,403.9,Group 3,FOOD-DATA-GROUP3.csv
Chicken Back Raw,"chicken back raw, fresh poultry meat, protein amino acids",1,81.3,,,188.0,8.3,0.0,17.0,0.0,43.0,0.0,34.6,Group 3,FOOD-DATA-GROUP3.csv
Chicken Back Cooked,"chicken back cooked, fresh poultry meat, protein amino acids",1,81.2,,,93.0,8.0,0.0,6.5,0.0,91.0,0.0,21.4,Group 3,FOOD-DATA-GROUP3.csv
Chicken Leg Fried,"chicken leg fried, fresh poultry meat, protein amino acids, high protein",1,94.0,,,431.0,34.4,13.8,25.5,0.0,400.0,0.5,104.9,Group 3,FOOD-DATA-GROUP3.csv
Chicken Feet Cooked,"chicken feet cooked, fresh poultry meat, protein amino acids, high protein",1,98.0,,,975.0,88.0,0.9,66.2,0.0,300.0,0.0,558.5,Group 3,FOOD-DATA-GROUP3.csv
Turkey Steak Fried,"turkey steak fried, fresh poultry meat, protein amino acids",1,80.1,,,179.0,9.1,10.9,10.8,0.0,500.0,0.0,41.2,Group 3,FOOD-DATA-GROUP3.csv
Turkey Taco Meat Cooked,"turkey taco meat cooked, fresh poultry meat, protein amino acids, high protein",1,84.5,,,271.0,30.7,5.5,13.9,0.0,1200.0,0.0,179.7,Group 3,FOOD-DATA-GROUP3.csv
Chicken Leg Raw,"chicken leg raw, fresh poultry meat, protein amino acids, high protein",1,94.8,,,736.0,56.3,0.6,54.9,0.0,300.0,0.0,146.0,Group 3,FOOD-DATA-GROUP3.csv
Chicken Meat Raw,"chicken meat raw, fresh poultry meat, protein amino acids, high protein",1,98.0,,,1978.0,171.1,0.0,138.6,0.0,600.0,0.0,434.3,Group 3,FOOD-DATA-GROUP3.csv
Chicken Neck Cooked,"chicken neck cooked, fresh poultry meat, protein amino acids",1,81.0,,,94.0,7.5,0.0,6.9,0.0,85.0,0.0,25.6,Group 3,FOOD-DATA-GROUP3.csv
Chicken Drumstick Fried,"chicken drumstick fried, fresh poultry meat, protein amino acids, high protein",3,66.8,,,193.0,15.8,6.0,11.3,0.0,200.0,0.2,46.5,Group 3,FOOD-DATA-GROUP3.csv
Quail Egg,quail egg,1,75.0,Eggs,,14.0,1.2,0.1,1.0,0.0,42.0,0.0,8.3,Group 3,FOOD-DATA-GROUP3.csv
Duck Meat Cooked,"duck meat cooked, fresh poultry meat, protein amino acids, high protein",1,90.4,,,472.0,26.6,0.0,39.7,0.0,41.0,0.0,85.5,Group 3,FOOD-DATA-GROUP3.csv
Chicken Wing Roasted,"chicken wing roasted, fresh poultry meat, protein amino acids, high protein",1,86.1,,,216.0,20.2,0.0,14.3,0.0,39.0,0.0,35.2,Group 3,FOOD-DATA-GROUP3.csv
Quail Meat Cooked,"quail meat cooked, high protein",1,98.0,,,1028.0,113.7,0.0,63.9,0.0,200.0,0.0,276.4,Group 3,FOOD-DATA-GROUP3.csv
Goose Meat Cooked,"goose meat cooked, high protein",1,91.9,,,427.0,35.2,0.0,30.7,0.0,89.0,0.0,88.2,Group 3,FOOD-DATA-GROUP3.csv
Chicken Breast Cooked,"chicken breast cooked, fresh poultry meat, protein amino acids, high protein",1,84.9,,,114.0,17.3,0.0,4.5,0.0,58.0,0.0,30.6,Group 3,FOOD-DATA-GROUP3.csv
Chicken Neck Raw,"chicken neck raw, fresh poultry meat, protein amino acids",1,80.8,,,149.0,7.0,0.0,13.1,0.0,27.0,0.0,30.1,Group 3,FOOD-DATA-GROUP3.csv
Duck Egg,"duck egg, fresh poultry meat, protein amino acids",1,82.5,Eggs,,130.0,9.0,1.0,9.6,0.7,100.0,0.0,67.2,Group 3,FOOD-DATA-GROUP3.csv
Pheasant Breast Raw,"pheasant breast raw, fresh poultry meat, protein amino acids, high protein",1,94.3,,,484.0,88.7,0.0,11.8,0.0,100.0,0.0,136.3,Group 3,FOOD-DATA-GROUP3.csv
Duck Meat Raw,"duck meat raw, fresh poultry meat, protein amino acids, high protein",1,96.0,,,5123.0,145.7,0.0,498.8,0.0,800.0,0.0,850.5,Group 3,FOOD-DATA-GROUP3.csv
Squab Meat Raw,"squab meat raw, high protein",1,93.8,,,585.0,36.8,0.0,47.4,0.0,100.0,0.0,125.5,Group 3,FOOD-DATA-GROUP3.csv
Chicken Drumstick Raw,"chicken drumstick raw, fresh poultry meat, protein amino acids, high protein",3,69.4,,,211.0,23.4,0.1,12.4,0.0,100.0,0.0,50.1,Group 3,FOOD-DATA-GROUP3.csv
Turkey Meat Roasted,"turkey meat roasted, fresh poultry meat, protein amino acids, high protein",1,91.3,,,284.0,42.8,0.0,11.1,0.0,200.0,0.0,76.6,Group 3,FOOD-DATA-GROUP3.csv
Chicken Breast Raw,"chicken breast raw, fresh poultry meat, protein amino acids, high protein",1,91.1,,,299.0,36.3,0.0,16.1,0.0,100.0,0.0,72.8,Group 3,FOOD-DATA-GROUP3.csv
Ground Chicken Cooked,"ground chicken cooked, fresh poultry meat, protein amino acids, high protein",1,91.9,,,474.0,58.4,0.0,27.4,0.0,200.0,0.0,87.7,Group 3,FOOD-DATA-GROUP3.csv
Turkey Wing Cooked,"turkey wing cooked, fresh poultry meat, protein amino acids, high protein",1,93.6,,,426.0,50.9,0.0,23.1,0.0,100.0,0.0,121.3,Group 3,FOOD-DATA-GROUP3.csv
Goose Meat Raw,"goose meat raw, high protein",1,90.0,,,6077.0,259.8,0.0,550.7,0.0,1200.0,0.0,1117.2,Group 3,FOOD-DATA-GROUP3.csv
Turkey Breast Roasted,"turkey breast roasted, fresh poultry meat, protein amino acids, high protein",1,91.5,,,3266.0,496.1,0.0,128.0,0.0,1100.0,0.0,1011.2,Group 3,FOOD-DATA-GROUP3.csv
Chicken Fajita Strips,"chicken fajita strips, fresh poultry meat, protein amino acids",1,75.0,,,13.0,1.7,0.2,0.5,0.0,44.0,0.0,3.7,Group 3,FOOD-DATA-GROUP3.csv
Crispy Chicken Strips Tyson,"crispy chicken strips tyson, fresh poultry meat, protein amino acids",4,40.0,,,145.0,0.0,0.0,6.0,0.0,0.0,0.0,6.0,Group 3,FOOD-DATA-GROUP3.csv
Chocolate Pudding Fat Free,"chocolate pudding fat free, sugar, modified starch, milk solids, natural flavoring, emulsifier",4,39.8,Milk/Dairy,"E1442 (Modified starch), E407 (Carrageenan)",105.0,2.2,23.6,0.3,17.8,100.0,0.3,72.4,Group 4,FOOD-DATA-GROUP4.csv
Tapioca Pudding,"tapioca pudding, sugar, modified starch, milk solids, natural flavoring, emulsifier",4,42.2,Milk/Dairy,"E1442 (Modified starch), E407 (Carrageenan)",143.0,2.1,23.9,4.3,16.4,200.0,0.0,108.8,Group 4,FOOD-DATA-GROUP4.csv
Tapioca Pudding Fat Free,"tapioca pudding fat free, sugar, modified starch, milk solids, natural flavoring, emulsifier",4,41.4,Milk/Dairy,"E1442 (Modified starch), E407 (Carrageenan)",105.0,1.6,23.9,0.4,15.9,200.0,0.0,84.5,Group 4,FOOD-DATA-GROUP4.csv
Rice Pudding,"rice pudding, sugar, modified starch, milk solids, natural flavoring, emulsifier",4,43.0,Milk/Dairy,"E1442 (Modified starch), E407 (Carrageenan)",122.0,3.6,20.8,2.4,13.1,100.0,0.3,27.3,Group 4,FOOD-DATA-GROUP4.csv
Corn Pudding,"corn pudding, sugar, modified starch, milk solids, natural flavoring, emulsifier",4,45.6,Milk/Dairy,"E1442 (Modified starch), E407 (Carrageenan)",328.0,11.1,42.4,12.6,16.5,700.0,3.0,69.8,Group 4,FOOD-DATA-GROUP4.csv
Chocolate Pudding,"chocolate pudding, sugar, modified starch, milk solids, natural flavoring, emulsifier",4,34.5,Milk/Dairy,"E1442 (Modified starch), E407 (Carrageenan)",213.0,3.1,34.5,6.9,25.8,200.0,0.0,123.4,Group 4,FOOD-DATA-GROUP4.csv
Lemon Pudding,"lemon pudding, sugar, modified starch, milk solids, natural flavoring, emulsifier",4,51.9,Milk/Dairy,"E1442 (Modified starch), E407 (Carrageenan)",173.0,4.1,30.2,4.4,0.0,400.0,0.0,188.5,Group 4,FOOD-DATA-GROUP4.csv
Vanilla Pudding,"vanilla pudding, sugar, modified starch, milk solids, natural flavoring, emulsifier",4,34.3,Milk/Dairy,"E1442 (Modified starch), E407 (Carrageenan)",195.0,2.2,33.9,5.7,25.5,300.0,0.0,115.8,Group 4,FOOD-DATA-GROUP4.csv
Profeel Proteiinirahka Valio,"profeel proteiinirahka valio, high protein",3,79.2,,,140.0,175.0,19.3,0.4,0.2,0.0,0.0,194.7,Group 4,FOOD-DATA-GROUP4.csv
Cottage Cheese Creamed,"cottage cheese creamed, pasteurized milk, cheese cultures, salt, enzymes",4,45.0,Milk/Dairy,,20.0,2.2,0.7,0.9,0.5,95.0,0.0,20.6,Group 4,FOOD-DATA-GROUP4.csv
Zaziki Milfina,zaziki milfina,3,57.0,Milk/Dairy,,51.0,0.0,0.0,4.4,0.0,0.0,0.0,4.4,Group 4,FOOD-DATA-GROUP4.csv
Cottage Cheese Low Fat,"cottage cheese low fat, pasteurized milk, cheese cultures, salt, enzymes, high protein",3,69.9,Milk/Dairy,,163.0,28.0,6.1,2.3,6.1,900.0,0.0,174.7,Group 4,FOOD-DATA-GROUP4.csv
Cottage Cheese Nonfat,"cottage cheese nonfat, pasteurized milk, cheese cultures, salt, enzymes",3,69.5,Milk/Dairy,,104.0,15.0,9.7,0.4,2.7,500.0,0.0,150.1,Group 4,FOOD-DATA-GROUP4.csv
Vanilla Yogurt Low Fat,"vanilla yogurt low fat, cultured milk, live active probiotic cultures",3,55.4,Milk/Dairy,,208.0,12.1,33.8,3.1,33.8,200.0,0.0,470.3,Group 4,FOOD-DATA-GROUP4.csv
Classique Yogurt Plain 2 Liberte,"classique yogurt plain 2 liberte, cultured milk, live active probiotic cultures",3,57.0,Milk/Dairy,,30.0,3.3,1.7,1.2,1.7,0.0,0.0,6.2,Group 4,FOOD-DATA-GROUP4.csv
Yoplait Light Strawberry Yogurt Yoplait,"yoplait light strawberry yogurt yoplait, cultured milk, live active probiotic cultures",3,57.0,Milk/Dairy,,79.0,0.0,0.1,0.0,0.0,0.0,0.0,0.1,Group 4,FOOD-DATA-GROUP4.csv
Vanilla Yogurt,"vanilla yogurt, cultured milk, live active probiotic cultures",3,63.2,Milk/Dairy,,145.0,8.4,23.5,2.1,23.5,100.0,0.0,326.2,Group 4,FOOD-DATA-GROUP4.csv
Chocolate Yogurt,"chocolate yogurt, cultured milk, live active probiotic cultures",4,44.6,Milk/Dairy,,168.0,5.3,35.3,0.0,22.5,200.0,1.8,175.0,Group 4,FOOD-DATA-GROUP4.csv
Yogurt Parfait,"yogurt parfait, cultured milk, live active probiotic cultures",3,67.4,Milk/Dairy,,125.0,5.0,23.6,1.5,17.4,48.0,1.6,210.3,Group 4,FOOD-DATA-GROUP4.csv
Yogurt,"yogurt, cultured milk, live active probiotic cultures",3,69.6,Milk/Dairy,,92.0,5.2,7.0,4.9,7.0,5.0,0.0,199.5,Group 4,FOOD-DATA-GROUP4.csv
Chocolate Frozen Yogurt,"chocolate frozen yogurt, cultured milk, live active probiotic cultures, dietary fiber",4,42.8,Milk/Dairy,,221.0,5.2,37.6,6.3,33.5,100.0,4.0,227.9,Group 4,FOOD-DATA-GROUP4.csv
Frozen Yogurt,"frozen yogurt, cultured milk, live active probiotic cultures",3,48.6,Milk/Dairy,,221.0,5.2,37.6,6.3,34.7,100.0,0.0,225.2,Group 4,FOOD-DATA-GROUP4.csv
Yogurt Low Fat,"yogurt low fat, cultured milk, live active probiotic cultures",3,70.7,Milk/Dairy,,154.0,12.9,17.2,3.8,17.2,200.0,0.0,484.5,Group 4,FOOD-DATA-GROUP4.csv
Vanilla Yoghurt Oikos,"vanilla yoghurt oikos, cultured milk, live active probiotic cultures",3,57.0,Milk/Dairy,,120.0,0.0,0.0,1.8,0.0,0.0,0.0,1.8,Group 4,FOOD-DATA-GROUP4.csv
Fruit Yogurt,"fruit yogurt, cultured milk, live active probiotic cultures",3,55.9,Milk/Dairy,,149.0,6.0,28.0,1.7,28.0,13.0,0.0,243.7,Group 4,FOOD-DATA-GROUP4.csv
Danone Low Fat Alsafi,danone low fat alsafi,3,29.0,,,88.0,0.0,0.1,1.7,255.0,0.0,0.0,1.7,Group 4,FOOD-DATA-GROUP4.csv
Fruit N Yogurt Parfait Mcdonalds,"fruit n yogurt parfait mcdonalds, cultured milk, live active probiotic cultures",3,64.5,Milk/Dairy,,156.0,4.1,30.9,1.9,19.1,65.0,1.5,187.9,Group 4,FOOD-DATA-GROUP4.csv
Triple Zero Greek Yogurt Dannon Oikos,"triple zero greek yogurt dannon oikos, cultured milk, live active probiotic cultures",3,62.0,Milk/Dairy,,120.0,0.0,22.5,0.0,6.0,0.0,0.0,22.6,Group 4,FOOD-DATA-GROUP4.csv
Greek Yogurt,"greek yogurt, cultured milk, live active probiotic cultures, high protein",3,75.0,Milk/Dairy,,100.0,17.3,6.1,0.7,5.5,81.0,0.0,211.3,Group 4,FOOD-DATA-GROUP4.csv
Chocolate Rasberry Protein Mini Proteinfx,"chocolate rasberry protein mini proteinfx, fresh raw fruit, natural fruit sugars, plant dietary fiber, vitamin c",4,40.0,,,102.0,0.0,0.0,2.9,0.0,0.0,0.0,2.9,Group 4,FOOD-DATA-GROUP4.csv
Gushers Fruit Gushers,"gushers fruit gushers, fresh raw fruit, natural fruit sugars, plant dietary fiber, vitamin c",3,57.0,,,360.0,0.0,0.2,6.0,0.0,0.0,0.0,6.2,Group 4,FOOD-DATA-GROUP4.csv
Egg Fried,egg fried,3,62.5,Eggs,,90.0,6.3,0.4,6.8,0.2,43.0,0.0,42.9,Group 4,FOOD-DATA-GROUP4.csv
Glucerna Abbott,"glucerna abbott, dietary fiber",3,44.8,,,1010.0,0.0,120.9,35.6,49.8,0.0,12.8,169.3,Group 4,FOOD-DATA-GROUP4.csv
Sports Drink,sports drink,3,62.0,,,26.0,0.0,7.2,0.0,0.0,73.0,0.0,22.4,Group 4,FOOD-DATA-GROUP4.csv
Peanut Butter Cookie Protein Syntha 6,"peanut butter cookie protein syntha 6, pasteurized cream, natural milk fat",3,62.0,"Milk/Dairy, Gluten/Wheat, Peanuts",,200.0,0.0,5.0,6.0,0.0,0.0,0.0,11.0,Group 4,FOOD-DATA-GROUP4.csv
Hanfprotein Pulver Rohkostqualitat Veganz,hanfprotein pulver rohkostqualitat veganz,3,62.0,,,107.0,0.0,14.2,3.1,0.1,0.0,0.0,17.3,Group 4,FOOD-DATA-GROUP4.csv
Smoothie High Protein Creamy Chocolate Slimfast,smoothie high protein creamy chocolate slimfast,4,48.4,,,110.0,12.0,2.1,3.5,1.0,200.0,0.0,62.6,Group 4,FOOD-DATA-GROUP4.csv
Egg Large,egg large,3,57.0,Eggs,,138.0,0.0,0.0,9.3,0.0,0.0,0.0,9.3,Group 4,FOOD-DATA-GROUP4.csv
Boysenberries Frozen,"boysenberries frozen, dietary fiber",3,77.8,,,66.0,1.5,16.1,0.3,9.1,64.0,7.0,65.7,Group 4,FOOD-DATA-GROUP4.csv
Malt Beverage,malt beverage,3,53.8,Gluten/Wheat,,88.0,0.5,19.1,0.3,19.1,20.0,0.0,37.8,Group 4,FOOD-DATA-GROUP4.csv
Chocolate Powder For Milk,chocolate powder for milk,4,44.2,Milk/Dairy,,88.0,1.0,19.9,0.5,18.0,12.0,1.0,128.5,Group 4,FOOD-DATA-GROUP4.csv
Vegetable Fruit Juice,"vegetable fruit juice, fresh raw fruit, natural fruit sugars, plant dietary fiber, vitamin c",3,62.0,,,9.0,0.1,2.2,0.0,0.6,43.0,0.0,12.9,Group 4,FOOD-DATA-GROUP4.csv
Cocoa Powder Unsweetened,cocoa powder unsweetened,4,49.5,,,12.0,1.1,3.1,0.7,0.1,62.0,1.8,14.3,Group 4,FOOD-DATA-GROUP4.csv
Coconut Milk,coconut milk,3,57.8,Milk/Dairy,,35.0,0.3,0.8,3.6,0.5,1.0,0.3,8.0,Group 4,FOOD-DATA-GROUP4.csv
Cocoa Powder,cocoa powder,4,45.8,,,28.0,0.5,5.9,0.3,4.6,34.0,0.3,16.4,Group 4,FOOD-DATA-GROUP4.csv
Rice Drink,rice drink,3,61.3,,,113.0,0.7,22.0,2.3,12.7,58.0,0.7,25.9,Group 4,FOOD-DATA-GROUP4.csv
Coconut Water,coconut water,3,69.9,,,46.0,1.7,8.9,0.5,6.3,300.0,2.6,77.8,Group 4,FOOD-DATA-GROUP4.csv
Caramel Med Iced Coffee Dunkin Donuts,caramel med iced coffee dunkin donuts,3,57.0,,,268.0,0.0,0.0,9.0,0.0,0.0,0.0,9.0,Group 4,FOOD-DATA-GROUP4.csv
Instant Coffee With Water Decaffeinated,instant coffee with water decaffeinated,4,40.0,,,4.0,0.2,0.8,0.0,0.0,93.0,0.0,8.2,Group 4,FOOD-DATA-GROUP4.csv
Instant Coffee Powder,instant coffee powder,4,57.1,,,353.0,12.2,75.4,0.5,0.0,51.0,0.0,233.5,Group 4,FOOD-DATA-GROUP4.csv
Instant Coffee Powder Decaffeinated,instant coffee powder decaffeinated,4,40.0,,,6.0,0.2,1.4,0.1,0.0,90.0,0.0,4.1,Group 4,FOOD-DATA-GROUP4.csv
Instant Cappuccino Powder,instant cappuccino powder,4,45.5,,,53.0,0.4,11.2,0.7,9.0,74.0,0.2,29.9,Group 4,FOOD-DATA-GROUP4.csv
Coffee Decaffeinated,coffee decaffeinated,3,57.0,,,0.0,0.2,0.0,0.0,0.0,58.0,0.0,5.0,Group 4,FOOD-DATA-GROUP4.csv
Espresso Decaffeinated,espresso decaffeinated,3,57.0,,,3.0,0.1,0.5,0.0,0.0,11.0,0.0,1.4,Group 4,FOOD-DATA-GROUP4.csv
Instant Coffee With Water,instant coffee with water,4,40.0,,,4.0,0.2,0.6,0.0,0.0,15.0,0.0,8.0,Group 4,FOOD-DATA-GROUP4.csv
Coffee,coffee,3,57.0,,,2.0,0.3,0.0,0.1,0.0,75.0,0.0,5.1,Group 4,FOOD-DATA-GROUP4.csv
Espresso,espresso,3,57.0,,,3.0,0.0,0.5,0.1,0.0,83.0,0.0,1.3,Group 4,FOOD-DATA-GROUP4.csv
Whey Protein Powder Vanilla Eas,whey protein powder vanilla eas,4,40.0,Milk/Dairy,,108.0,0.0,0.0,1.7,0.0,0.0,0.0,1.7,Group 4,FOOD-DATA-GROUP4.csv
Energy Drink Sugar Free Red Bull,energy drink sugar free red bull,4,45.0,,,13.0,0.6,1.8,0.2,0.0,8.0,0.0,35.2,Group 4,FOOD-DATA-GROUP4.csv
Powerade Coca Cola,powerade coca cola,4,40.0,,,9.0,0.0,2.3,0.0,1.8,5.0,0.0,2.7,Group 4,FOOD-DATA-GROUP4.csv
Amp Energy Pepsi,amp energy pepsi,3,45.5,,,110.0,0.6,29.0,0.2,29.0,93.0,0.0,61.1,Group 4,FOOD-DATA-GROUP4.csv
Gatorade G2 Pepsi,gatorade g2 pepsi,3,57.0,,,2.0,0.1,0.6,0.1,0.4,11.0,0.0,0.7,Group 4,FOOD-DATA-GROUP4.csv
Amp Energy Sugar Free Pepsi,amp energy sugar free pepsi,3,57.0,,,5.0,0.0,2.5,0.0,0.0,93.0,0.0,2.5,Group 4,FOOD-DATA-GROUP4.csv
Energy Drink Red Bull,energy drink red bull,4,30.2,,,111.0,1.2,26.4,0.0,26.4,100.0,0.0,33.2,Group 4,FOOD-DATA-GROUP4.csv
Powerade Zero Ion4 Coca Cola,powerade zero ion4 coca cola,4,40.0,,,0.0,0.0,0.0,0.0,0.0,30.0,0.0,1.4,Group 4,FOOD-DATA-GROUP4.csv
Full Throttle Coca Cola,full throttle coca cola,4,28.5,,,110.0,0.6,29.0,0.2,29.0,71.0,0.0,61.0,Group 4,FOOD-DATA-GROUP4.csv
Passion Fruit Juice Purple,"passion fruit juice purple, fresh raw fruit, natural fruit sugars, plant dietary fiber, vitamin c",3,42.8,,,148.0,1.7,35.7,0.4,35.2,84.0,0.5,94.1,Group 4,FOOD-DATA-GROUP4.csv
Pomegranate Juice,pomegranate juice,3,43.7,,,134.0,0.4,32.7,0.7,31.5,89.0,0.2,61.8,Group 4,FOOD-DATA-GROUP4.csv
Cranberry Apricot Juice,"cranberry apricot juice, fresh raw fruit, natural fruit sugars, plant dietary fiber, vitamin c",3,63.1,,,157.0,0.5,39.7,0.0,0.0,7.0,0.2,62.9,Group 4,FOOD-DATA-GROUP4.csv
Pineapple Juice,"pineapple juice, fresh raw fruit, natural fruit sugars, plant dietary fiber, vitamin c",3,49.8,,,133.0,0.9,32.2,0.3,25.0,75.0,0.5,34.5,Group 4,FOOD-DATA-GROUP4.csv
Passion Fruit Juice Yellow,"passion fruit juice yellow, fresh raw fruit, natural fruit sugars, plant dietary fiber, vitamin c",3,45.9,,,126.0,1.0,33.6,0.1,33.1,3.0,0.5,119.3,Group 4,FOOD-DATA-GROUP4.csv
Orange Apricot Juice,"orange apricot juice, fresh raw fruit, natural fruit sugars, plant dietary fiber, vitamin c",3,46.9,,,128.0,0.8,31.8,0.3,30.2,96.0,0.3,96.0,Group 4,FOOD-DATA-GROUP4.csv
Tangerine Juice,tangerine juice,3,50.2,,,106.0,1.2,24.9,0.5,24.5,22.0,0.5,27.3,Group 4,FOOD-DATA-GROUP4.csv
Orange Juice,"orange juice, fresh raw fruit, natural fruit sugars, plant dietary fiber, vitamin c",3,56.9,,,90.0,1.4,20.8,0.4,16.8,67.0,0.4,23.2,Group 4,FOOD-DATA-GROUP4.csv
Grapefruit Juice,"grapefruit juice, fresh raw fruit, natural fruit sugars, plant dietary fiber, vitamin c",3,62.0,,,96.0,1.2,22.7,0.2,0.0,61.0,0.0,24.3,Group 4,FOOD-DATA-GROUP4.csv
Pineapple Grapefruit Juice,"pineapple grapefruit juice, fresh raw fruit, natural fruit sugars, plant dietary fiber, vitamin c",3,51.5,,,118.0,0.5,29.0,0.3,28.8,54.0,0.3,163.4,Group 4,FOOD-DATA-GROUP4.csv
Tamarind Nectar,tamarind nectar,3,47.2,,,143.0,0.2,37.0,0.3,31.9,46.0,1.3,83.6,Group 4,FOOD-DATA-GROUP4.csv
Apple Juice,"apple juice, fresh raw fruit, natural fruit sugars, plant dietary fiber, vitamin c",3,50.7,,,114.0,0.2,28.0,0.3,23.9,38.0,0.5,29.1,Group 4,FOOD-DATA-GROUP4.csv
Limeade,limeade,3,41.5,,,128.0,0.0,34.1,0.0,32.8,71.0,0.0,46.7,Group 4,FOOD-DATA-GROUP4.csv
Guava Nectar,guava nectar,3,48.0,,,158.0,0.2,40.8,0.2,32.5,63.0,2.5,43.8,Group 4,FOOD-DATA-GROUP4.csv
Orange Grapefruit Juice,"orange grapefruit juice, fresh raw fruit, natural fruit sugars, plant dietary fiber, vitamin c",3,52.4,,,106.0,1.5,25.4,0.2,25.1,82.0,0.2,120.1,Group 4,FOOD-DATA-GROUP4.csv
Orange Juice Sainsburys,"orange juice sainsburys, fresh raw fruit, natural fruit sugars, plant dietary fiber, vitamin c",3,57.0,,,14.0,0.0,0.0,0.1,0.0,0.0,0.0,0.0,Group 4,FOOD-DATA-GROUP4.csv
Cranberry Apple Juice,"cranberry apple juice, fresh raw fruit, natural fruit sugars, plant dietary fiber, vitamin c",3,43.7,,,154.0,0.0,38.8,0.3,35.5,61.0,0.0,143.5,Group 4,FOOD-DATA-GROUP4.csv
Pineapple Orange Juice,"pineapple orange juice, fresh raw fruit, natural fruit sugars, plant dietary fiber, vitamin c",3,48.3,,,125.0,3.3,29.5,0.0,29.0,69.0,0.3,102.6,Group 4,FOOD-DATA-GROUP4.csv
Pear Nectar,"pear nectar, fresh raw fruit, natural fruit sugars, plant dietary fiber, vitamin c",3,65.8,,,150.0,0.3,39.4,0.1,0.0,56.0,1.5,41.5,Group 4,FOOD-DATA-GROUP4.csv
Blackberry Juice,"blackberry juice, fresh raw fruit, natural fruit sugars, plant dietary fiber, vitamin c",3,56.0,,,95.0,0.8,19.5,1.5,19.3,72.0,0.3,81.6,Group 4,FOOD-DATA-GROUP4.csv
Lemon Juice,lemon juice,3,63.8,,,54.0,0.9,16.6,0.6,6.1,46.0,0.7,18.9,Group 4,FOOD-DATA-GROUP4.csv
Cranberry Grape Juice,"cranberry grape juice, fresh raw fruit, natural fruit sugars, plant dietary fiber, vitamin c",3,66.7,,,137.0,0.5,34.3,0.2,0.0,79.0,0.2,133.2,Group 4,FOOD-DATA-GROUP4.csv
Citrus Fruit Juice,"citrus fruit juice, fresh raw fruit, natural fruit sugars, plant dietary fiber, vitamin c",3,56.9,,,114.0,0.8,28.3,0.1,20.2,51.0,0.2,121.7,Group 4,FOOD-DATA-GROUP4.csv
Prune Juice,prune juice,3,42.7,,,182.0,1.6,44.7,0.0,42.1,100.0,2.6,93.1,Group 4,FOOD-DATA-GROUP4.csv
Guanabana Nectar,guanabana nectar,3,44.0,,,148.0,0.3,37.5,0.4,32.8,61.0,0.3,84.9,Group 4,FOOD-DATA-GROUP4.csv
Fruit Juice,"fruit juice, fresh raw fruit, natural fruit sugars, plant dietary fiber, vitamin c",3,49.7,,,108.0,0.3,26.3,0.1,24.2,100.0,0.2,26.9,Group 4,FOOD-DATA-GROUP4.csv
Horchata,horchata,3,57.0,,,15.0,0.1,3.3,0.2,2.6,13.0,0.0,8.7,Group 4,FOOD-DATA-GROUP4.csv
Fruit Punch,"fruit punch, fresh raw fruit, natural fruit sugars, plant dietary fiber, vitamin c",4,45.2,,,98.0,0.2,24.4,0.4,0.0,80.0,0.0,53.1,Group 4,FOOD-DATA-GROUP4.csv
Apricot Nectar,apricot nectar,3,44.4,,,139.0,0.9,35.7,0.2,34.2,25.0,1.5,58.1,Group 4,FOOD-DATA-GROUP4.csv
Orangensaft Ja,"orangensaft ja, fresh raw fruit, natural fruit sugars, plant dietary fiber, vitamin c",3,57.0,,,86.0,0.0,1.4,0.0,0.0,0.0,0.0,1.4,Group 4,FOOD-DATA-GROUP4.csv
Fruchtcocktail Granini,fruchtcocktail granini,3,57.0,,,102.0,0.0,1.0,0.4,0.0,0.0,0.0,1.4,Group 4,FOOD-DATA-GROUP4.csv
Peach Nectar,"peach nectar, fresh raw fruit, natural fruit sugars, plant dietary fiber, vitamin c",3,46.5,,,125.0,0.5,29.7,1.3,27.8,77.0,0.2,31.9,Group 4,FOOD-DATA-GROUP4.csv
Orange Pineapple Juice,"orange pineapple juice, fresh raw fruit, natural fruit sugars, plant dietary fiber, vitamin c",3,62.1,,,15.0,0.1,3.6,0.1,3.1,44.0,0.0,18.3,Group 4,FOOD-DATA-GROUP4.csv
Cranberry Juice,"cranberry juice, fresh raw fruit, natural fruit sugars, plant dietary fiber, vitamin c",3,49.7,,,92.0,0.8,24.4,0.3,24.2,93.0,0.2,26.0,Group 4,FOOD-DATA-GROUP4.csv
White Grapefruit Juice,"white grapefruit juice, fresh raw fruit, natural fruit sugars, plant dietary fiber, vitamin c",3,55.8,,,96.0,1.2,22.7,0.2,22.5,18.0,0.2,140.9,Group 4,FOOD-DATA-GROUP4.csv
Mango Nectar,mango nectar,3,44.9,,,128.0,0.3,32.9,0.2,31.2,61.0,0.8,34.4,Group 4,FOOD-DATA-GROUP4.csv
Acerola Cherry Juice,acerola cherry juice,3,74.9,,,56.0,1.0,11.6,0.7,10.9,82.0,0.7,3911.4,Group 4,FOOD-DATA-GROUP4.csv
Apple Juice Concentrate,"apple juice concentrate, fresh raw fruit, natural fruit sugars, plant dietary fiber, vitamin c",3,32.4,,,350.0,1.1,86.5,0.8,81.9,49.0,0.8,137.7,Group 4,FOOD-DATA-GROUP4.csv
Papaya Nectar,papaya nectar,3,43.4,,,143.0,0.4,36.3,0.4,34.8,82.0,1.5,38.7,Group 4,FOOD-DATA-GROUP4.csv
Apple Juice Martinellis,"apple juice martinellis, fresh raw fruit, natural fruit sugars, plant dietary fiber, vitamin c",3,57.0,,,122.0,0.0,0.0,0.0,0.0,0.0,0.0,0.0,Group 4,FOOD-DATA-GROUP4.csv
Lime Juice,lime juice,3,68.5,,,61.0,1.0,20.4,0.2,4.1,14.0,1.0,129.3,Group 4,FOOD-DATA-GROUP4.csv
Grape Juice,"grape juice, fresh raw fruit, natural fruit sugars, plant dietary fiber, vitamin c",3,40.8,,,152.0,0.9,37.4,0.3,35.9,3.0,0.5,67.8,Group 4,FOOD-DATA-GROUP4.csv
Water Dannon,water dannon,3,57.0,,,0.0,0.0,0.0,0.0,0.0,0.0,0.0,9.9,Group 4,FOOD-DATA-GROUP4.csv
Tap Water,tap water,3,57.0,,,0.0,0.0,0.0,0.0,0.0,18.0,0.0,7.1,Group 4,FOOD-DATA-GROUP4.csv
Table Water,table water,3,63.0,,,0.0,0.0,0.0,0.0,0.0,44.0,0.0,70.0,Group 4,FOOD-DATA-GROUP4.csv
Fruit Flavored Water,"fruit flavored water, fresh raw fruit, natural fruit sugars, plant dietary fiber, vitamin c",4,44.0,,,52.0,0.0,13.0,0.0,13.0,0.0,0.0,83.5,Group 4,FOOD-DATA-GROUP4.csv
Water,water,3,62.0,,,0.0,0.0,0.0,0.0,0.0,24.0,0.0,23.7,Group 4,FOOD-DATA-GROUP4.csv
Cola Light Coca Cola,cola light coca cola,4,40.0,,,0.0,0.0,0.0,0.0,0.0,87.0,0.0,0.0,Group 4,FOOD-DATA-GROUP4.csv
Lemon Lime Soda,lemon lime soda,4,20.2,,"E150d (Caramel color), E330 (Citric acid)",151.0,0.3,38.4,0.0,37.6,24.0,0.0,46.1,Group 4,FOOD-DATA-GROUP4.csv
Tonic Water,tonic water,3,44.4,,,114.0,0.0,29.6,0.0,29.6,49.0,0.0,33.0,Group 4,FOOD-DATA-GROUP4.csv
Lemonade Low Calorie,lemonade low calorie,3,63.3,,,7.0,0.1,1.6,0.0,0.0,13.0,0.0,76.2,Group 4,FOOD-DATA-GROUP4.csv
Ginger Ale,ginger ale,3,55.3,,,68.0,0.0,17.5,0.0,17.4,43.0,0.0,17.5,Group 4,FOOD-DATA-GROUP4.csv
Ice Tea Lemon Flavor Nestle,ice tea lemon flavor nestle,3,50.9,,,88.0,0.0,22.3,0.0,22.3,63.0,0.0,29.7,Group 4,FOOD-DATA-GROUP4.csv
Sprite Coca Cola,sprite coca cola,4,37.8,,,80.0,0.1,20.3,0.1,18.0,21.0,0.0,20.5,Group 4,FOOD-DATA-GROUP4.csv
Cola Coca Cola,cola coca cola,4,19.0,,,151.0,0.0,38.9,0.0,38.9,45.0,0.0,46.4,Group 4,FOOD-DATA-GROUP4.csv
Cola,cola,4,37.9,,,74.0,0.1,19.1,0.1,17.9,72.0,0.0,19.3,Group 4,FOOD-DATA-GROUP4.csv
Cream Soda,cream soda,4,19.0,Milk/Dairy,"E150d (Caramel color), E330 (Citric acid)",252.0,0.0,65.7,0.0,65.7,98.0,0.0,90.6,Group 4,FOOD-DATA-GROUP4.csv
Club Soda,club soda,4,40.0,,"E150d (Caramel color), E330 (Citric acid)",0.0,0.0,0.0,0.0,0.0,46.0,0.0,0.0,Group 4,FOOD-DATA-GROUP4.csv
Pink Lemonade,pink lemonade,3,53.0,,,86.0,0.1,21.6,0.3,20.6,10.0,0.2,36.5,Group 4,FOOD-DATA-GROUP4.csv
Grape Soda,"grape soda, fresh raw fruit, natural fruit sugars, plant dietary fiber, vitamin c",4,45.2,,"E150d (Caramel color), E330 (Citric acid)",160.0,0.0,41.7,0.0,0.0,42.0,0.0,53.2,Group 4,FOOD-DATA-GROUP4.csv
Cola Without Caffeine Coca Cola,cola without caffeine coca cola,4,19.0,,,151.0,0.0,38.9,0.0,38.9,40.0,0.0,46.4,Group 4,FOOD-DATA-GROUP4.csv
White Lemonade,white lemonade,3,53.0,,,80.0,0.1,20.8,0.0,20.0,20.0,0.0,21.0,Group 4,FOOD-DATA-GROUP4.csv
Chocolate Soda,chocolate soda,4,18.1,,"E150d (Caramel color), E330 (Citric acid)",207.0,0.0,52.6,0.0,52.6,31.0,0.0,72.8,Group 4,FOOD-DATA-GROUP4.csv
Sweet Tea Lipton,sweet tea lipton,3,39.5,,,130.0,0.0,35.0,0.0,35.0,0.0,0.0,35.0,Group 4,FOOD-DATA-GROUP4.csv
Hibiscus Tea,hibiscus tea,3,62.9,,,74.0,0.9,14.8,1.3,12.0,91.0,0.6,73.7,Group 4,FOOD-DATA-GROUP4.csv
Instant Lemon Tea,instant lemon tea,4,40.0,,,2.0,0.1,0.3,0.0,0.0,46.0,0.0,0.5,Group 4,FOOD-DATA-GROUP4.csv
Pesca Tea Santal,pesca tea santal,3,57.0,,,116.0,0.0,0.0,0.0,0.0,0.0,0.0,0.0,Group 4,FOOD-DATA-GROUP4.csv
Instant Lemon Tea Sweetened,instant lemon tea sweetened,4,35.3,,,91.0,0.1,22.3,0.2,21.6,89.0,0.3,28.1,Group 4,FOOD-DATA-GROUP4.csv
Tea With Milk And Sugar Yorkshire,tea with milk and sugar yorkshire,3,57.0,Milk/Dairy,,15.0,0.0,0.4,0.5,0.0,0.0,0.0,0.9,Group 4,FOOD-DATA-GROUP4.csv
Tea Blueberry Muffin Tekanne,"tea blueberry muffin tekanne, fresh raw fruit, natural fruit sugars, plant dietary fiber, vitamin c",3,57.0,,,4.0,0.0,0.4,0.2,0.0,0.0,0.0,0.6,Group 4,FOOD-DATA-GROUP4.csv
Chamomile Tea,chamomile tea,3,57.0,,,2.0,0.0,0.4,0.0,0.0,3.0,0.0,4.6,Group 4,FOOD-DATA-GROUP4.csv
Black Tea,black tea,3,57.0,,,2.0,0.0,0.7,0.0,0.0,91.0,0.0,0.7,Group 4,FOOD-DATA-GROUP4.csv
Herb Tea,herb tea,3,57.0,,,2.0,0.0,0.4,0.0,0.0,64.0,0.0,4.6,Group 4,FOOD-DATA-GROUP4.csv
Clam Tomato Juice,"clam tomato juice, fresh raw vegetable, dietary fiber, folate, antioxidants",3,60.8,Shellfish,,80.0,1.0,18.2,0.3,5.5,600.0,0.7,42.0,Group 4,FOOD-DATA-GROUP4.csv
Tomato Juice,"tomato juice, fresh raw vegetable, dietary fiber, folate, antioxidants",3,64.5,,,41.0,2.1,8.6,0.7,6.3,63.0,1.0,12.7,Group 4,FOOD-DATA-GROUP4.csv
Vegetable Juice,vegetable juice,3,66.8,,,53.0,1.5,11.1,0.2,7.9,100.0,1.9,15.5,Group 4,FOOD-DATA-GROUP4.csv
Tomato Vegetable Juice,"tomato vegetable juice, fresh raw vegetable, dietary fiber, folate, antioxidants",3,69.7,,,53.0,1.5,11.1,0.2,9.2,200.0,1.9,109.3,Group 4,FOOD-DATA-GROUP4.csv
Carrot Juice,carrot juice,3,67.9,,,80.0,1.9,18.6,0.3,7.8,100.0,1.6,88.3,Group 4,FOOD-DATA-GROUP4.csv
Acorn Dried,acorn dried,3,62.0,Tree Nuts,,144.0,2.3,15.2,8.9,0.0,0.0,0.0,42.0,Group 4,FOOD-DATA-GROUP4.csv
Fenugreek Seeds,fenugreek seeds,3,68.8,,,36.0,2.6,6.5,0.7,0.0,90.0,2.7,36.0,Group 4,FOOD-DATA-GROUP4.csv
Peanut Topping Mcdonalds,peanut topping mcdonalds,3,63.2,Peanuts,,181.0,7.9,4.6,15.0,1.2,0.0,0.0,40.9,Group 4,FOOD-DATA-GROUP4.csv
Beechnuts Dried,beechnuts dried,3,62.0,,,173.0,1.9,10.1,15.0,0.0,68.0,0.0,32.7,Group 4,FOOD-DATA-GROUP4.csv
Breadnut Tree Seeds Raw,"breadnut tree seeds raw, grain flour, water, yeast, salt",3,62.1,,,61.0,1.7,13.1,0.3,0.0,84.0,0.0,51.2,Group 4,FOOD-DATA-GROUP4.csv
Cumin Seeds,cumin seeds,3,62.5,,,8.0,0.4,0.9,0.5,0.1,73.0,0.2,23.2,Group 4,FOOD-DATA-GROUP4.csv
Pili Nuts Dried,pili nuts dried,3,69.9,,,863.0,13.0,4.8,95.5,0.0,14.0,0.0,292.2,Group 4,FOOD-DATA-GROUP4.csv
Hazelnuts Roasted,hazelnuts roasted,3,70.0,,,194.0,4.5,5.3,18.7,1.5,0.0,2.8,70.6,Group 4,FOOD-DATA-GROUP4.csv
Lupins Cooked,"lupins cooked, dietary fiber, high protein",3,86.3,,,193.0,25.8,15.4,4.8,0.0,400.0,4.6,139.1,Group 4,FOOD-DATA-GROUP4.csv
Hazelnuts Blanched,"hazelnuts blanched, dietary fiber",3,70.9,,,178.0,3.9,4.8,17.3,1.0,0.0,3.1,72.8,Group 4,FOOD-DATA-GROUP4.csv
Brazilnuts Dried,brazilnuts dried,3,63.0,,,33.0,0.7,0.6,3.3,0.1,73.0,0.4,13.1,Group 4,FOOD-DATA-GROUP4.csv
Sunflower Seeds Dry Roasted,sunflower seeds dry roasted,3,64.2,,,47.0,1.5,1.9,4.0,0.2,67.0,0.9,14.3,Group 4,FOOD-DATA-GROUP4.csv
Ginkgo Nuts Canned,"ginkgo nuts canned, dietary fiber",3,76.8,,,172.0,3.5,34.3,2.5,0.0,500.0,14.4,75.4,Group 4,FOOD-DATA-GROUP4.csv
Peanuts Cooked,"peanuts cooked, dietary fiber, high protein",3,76.7,,,572.0,24.3,38.3,39.6,4.4,1400.0,15.8,218.8,Group 4,FOOD-DATA-GROUP4.csv
Pumpkin Squash Seeds Dried,"pumpkin squash seeds dried, dietary fiber, high protein",3,89.9,,,721.0,39.0,13.8,63.3,1.8,13.0,7.7,197.0,Group 4,FOOD-DATA-GROUP4.csv
Cashew Nuts Raw,cashew nuts raw,3,64.3,Tree Nuts,,156.0,5.2,8.5,12.4,1.7,20.0,0.9,39.5,Group 4,FOOD-DATA-GROUP4.csv
Sunflower Seeds Dried,"sunflower seeds dried, dietary fiber",3,75.6,,,269.0,9.6,9.2,23.7,1.2,14.0,4.0,85.4,Group 4,FOOD-DATA-GROUP4.csv
Lotus Seeds Dried,lotus seeds dried,3,63.5,,,106.0,4.9,20.6,0.6,0.0,24.0,0.0,79.4,Group 4,FOOD-DATA-GROUP4.csv
Butternuts Dried,"butternuts dried, pasteurized cream, natural milk fat, dietary fiber, high protein",3,88.3,,,734.0,29.9,14.5,68.4,0.0,62.0,5.6,190.6,Group 4,FOOD-DATA-GROUP4.csv
Sesame Seeds Dried,sesame seeds dried,3,67.2,Sesame,,52.0,1.6,2.1,4.5,0.0,49.0,1.1,98.4,Group 4,FOOD-DATA-GROUP4.csv
Breadfruit Seeds,"breadfruit seeds, grain flour, water, yeast, salt",3,66.0,,,57.0,2.2,8.8,1.7,0.0,40.0,1.6,28.2,Group 4,FOOD-DATA-GROUP4.csv
Pinyon Pine Nuts Dried,pinyon pine nuts dried,3,57.0,,,1.0,0.1,0.0,0.1,0.0,70.0,0.0,0.4,Group 4,FOOD-DATA-GROUP4.csv
Pine Nuts Dried,"pine nuts dried, dietary fiber, high protein",3,77.4,,,909.0,18.5,17.7,92.3,4.8,86.0,5.0,163.7,Group 4,FOOD-DATA-GROUP4.csv
Flaxseeds,flaxseeds,3,69.0,,,55.0,1.9,3.0,4.3,0.2,35.0,2.8,39.0,Group 4,FOOD-DATA-GROUP4.csv
Safflower Seed Kernels Dried,safflower seed kernels dried,3,62.0,,,146.0,4.6,9.7,10.9,0.0,42.0,0.0,48.7,Group 4,FOOD-DATA-GROUP4.csv
Pistachio Nuts Raw,"pistachio nuts raw, dietary fiber, high protein",3,92.0,Tree Nuts,,691.0,24.9,33.8,55.8,9.4,37.0,12.7,268.1,Group 4,FOOD-DATA-GROUP4.csv
Peanuts Raw,"peanuts raw, dietary fiber, high protein",3,92.3,,,828.0,37.7,23.5,71.9,5.8,38.0,12.4,286.5,Group 4,FOOD-DATA-GROUP4.csv
Poppy Seeds,poppy seeds,3,70.6,,,46.0,1.6,2.5,3.7,0.3,79.0,1.7,136.9,Group 4,FOOD-DATA-GROUP4.csv
Valencia Peanuts Raw,"valencia peanuts raw, dietary fiber, high protein",3,90.0,,,832.0,36.6,30.5,69.5,0.0,94.0,12.7,242.9,Group 4,FOOD-DATA-GROUP4.csv
Spanish Peanuts,"spanish peanuts, dietary fiber, high protein",3,92.4,,,832.0,38.2,23.1,72.4,0.0,36.0,13.9,308.1,Group 4,FOOD-DATA-GROUP4.csv
Dill Seeds,dill seeds,3,68.5,,,20.0,1.1,3.6,1.0,0.0,37.0,1.4,109.7,Group 4,FOOD-DATA-GROUP4.csv
Caraway Seeds,caraway seeds,3,68.6,,,22.0,1.3,3.3,1.0,0.0,14.0,2.5,56.8,Group 4,FOOD-DATA-GROUP4.csv
Acorn Raw,acorn raw,3,62.0,Tree Nuts,,110.0,1.7,11.5,6.8,0.0,0.0,0.0,31.8,Group 4,FOOD-DATA-GROUP4.csv
Almonds Roasted,"almonds roasted, dietary fiber",3,74.1,,,182.0,6.4,5.3,16.6,1.4,29.0,3.2,119.9,Group 4,FOOD-DATA-GROUP4.csv
Lotus Seeds Raw,lotus seeds raw,3,62.0,,,25.0,1.2,4.9,0.1,0.0,20.0,0.0,19.0,Group 4,FOOD-DATA-GROUP4.csv
Chestnuts Cooked,chestnuts cooked,3,62.0,,,37.0,0.6,7.9,0.4,0.0,46.0,0.0,30.0,Group 4,FOOD-DATA-GROUP4.csv
Alfalfa Seeds,alfalfa seeds,3,57.0,,,1.0,0.1,0.0,0.1,0.1,48.0,0.0,1.4,Group 4,FOOD-DATA-GROUP4.csv
Virginia Peanuts Roasted,virginia peanuts roasted,3,70.2,,,173.0,7.8,6.0,14.6,0.0,18.0,2.7,57.4,Group 4,FOOD-DATA-GROUP4.csv
Hazelnuts Raw,"hazelnuts raw, dietary fiber",3,85.5,,,471.0,11.2,12.5,45.6,3.3,0.0,7.3,170.3,Group 4,FOOD-DATA-GROUP4.csv
Anise Seeds,anise seeds,3,62.8,,,7.0,0.4,1.1,0.3,0.0,100.0,0.3,16.9,Group 4,FOOD-DATA-GROUP4.csv
Macadamia Nuts Roasted,macadamia nuts roasted,3,68.2,Tree Nuts,,215.0,2.3,4.0,22.8,1.2,64.0,2.4,53.5,Group 4,FOOD-DATA-GROUP4.csv
Studentenfutter Alnatura,studentenfutter alnatura,3,60.5,,,139.0,3.1,13.2,7.8,11.7,0.0,0.0,24.2,Group 4,FOOD-DATA-GROUP4.csv
Pumpkin Squash Seeds Roasted,pumpkin squash seeds roasted,3,63.2,,,46.0,2.4,1.2,3.9,0.1,45.0,0.5,12.9,Group 4,FOOD-DATA-GROUP4.csv
Water Chestnut Raw,"water chestnut raw, dietary fiber",3,71.4,Tree Nuts,,120.0,1.7,29.7,0.1,6.0,97.0,3.7,53.8,Group 4,FOOD-DATA-GROUP4.csv
Chestnuts Roasted,chestnuts roasted,3,64.0,,,37.0,0.5,7.9,0.3,1.6,43.0,0.8,17.9,Group 4,FOOD-DATA-GROUP4.csv
Ginkgo Nuts Raw,ginkgo nuts raw,3,62.0,,,52.0,1.2,10.6,0.5,0.0,67.0,0.0,17.4,Group 4,FOOD-DATA-GROUP4.csv
Almonds Raw,almonds raw,3,57.5,,,9.0,0.3,0.3,0.7,0.0,43.0,0.2,5.6,Group 4,FOOD-DATA-GROUP4.csv
Peanuts Roasted,peanuts roasted,3,70.4,,,180.0,8.4,4.6,15.8,1.3,69.0,2.8,50.6,Group 4,FOOD-DATA-GROUP4.csv
Sunflower Seeds Toasted,"sunflower seeds toasted, dietary fiber, high protein",3,80.6,,,829.0,23.1,27.6,76.1,0.0,800.0,15.4,229.6,Group 4,FOOD-DATA-GROUP4.csv
Sisymbrium Seeds,sisymbrium seeds,3,75.6,,,235.0,9.0,43.1,3.4,0.0,47.0,0.0,1286.6,Group 4,FOOD-DATA-GROUP4.csv
Breadnut Tree Seeds Dried,"breadnut tree seeds dried, grain flour, water, yeast, salt, dietary fiber",3,90.8,,,587.0,13.8,127.0,2.7,0.0,91.0,23.8,399.7,Group 4,FOOD-DATA-GROUP4.csv
Pecans Raw,"pecans raw, dietary fiber",3,81.2,,,753.0,10.0,15.1,78.4,4.3,0.0,10.5,194.3,Group 4,FOOD-DATA-GROUP4.csv
Chia Seeds Dried,"chia seeds dried, dietary fiber",3,85.3,,,138.0,4.7,11.9,8.7,0.0,47.0,9.7,216.3,Group 4,FOOD-DATA-GROUP4.csv
Japanese Chestnuts Roasted,japanese chestnuts roasted,3,62.0,,,57.0,0.8,12.8,0.2,0.0,79.0,0.0,32.2,Group 4,FOOD-DATA-GROUP4.csv
Sesame Seeds Toasted,sesame seeds toasted,3,66.7,Sesame,,45.0,1.4,2.1,3.8,0.0,70.0,1.1,88.7,Group 4,FOOD-DATA-GROUP4.csv
Cashew Nuts Roasted,cashew nuts roasted,3,64.5,Tree Nuts,,174.0,5.1,9.0,14.3,1.5,91.0,1.0,44.1,Group 4,FOOD-DATA-GROUP4.csv
Lupins Raw,"lupins raw, dietary fiber, high protein",3,95.6,,,668.0,65.1,72.7,17.5,0.0,9.0,34.0,522.5,Group 4,FOOD-DATA-GROUP4.csv
Mustard Seeds Ground,mustard seeds ground,3,57.5,,,10.0,0.5,0.6,0.7,0.1,17.0,0.2,7.6,Group 4,FOOD-DATA-GROUP4.csv
Mixed Nuts Roasted,mixed nuts roasted,3,69.0,,,178.0,5.2,7.6,15.4,1.4,100.0,2.7,53.1,Group 4,FOOD-DATA-GROUP4.csv
Salat Mix Alestro,salat mix alestro,3,57.0,,,61.0,0.0,2.4,5.2,0.0,0.0,0.0,7.6,Group 4,FOOD-DATA-GROUP4.csv
Chestnuts Raw,"chestnuts raw, dietary fiber",3,83.9,,,309.0,3.5,66.0,3.3,0.0,20.0,11.7,187.6,Group 4,FOOD-DATA-GROUP4.csv
Pistachio Nuts Roasted,"pistachio nuts roasted, dietary fiber",3,70.3,Tree Nuts,,172.0,6.3,8.5,13.7,2.3,8.0,3.1,32.3,Group 4,FOOD-DATA-GROUP4.csv
Walnut,walnut,3,62.8,Tree Nuts,,33.0,0.8,0.7,3.3,0.1,41.0,0.3,10.1,Group 4,FOOD-DATA-GROUP4.csv
Celery Seeds,celery seeds,3,67.8,,,25.0,1.2,2.7,1.6,0.1,68.0,0.8,125.2,Group 4,FOOD-DATA-GROUP4.csv
Hickorynuts Dried,"hickorynuts dried, dietary fiber, high protein",3,82.9,,,788.0,15.3,21.9,77.2,0.0,53.0,7.7,200.2,Group 4,FOOD-DATA-GROUP4.csv
Spanish Peanuts Roasted,"spanish peanuts roasted, dietary fiber, high protein",3,89.0,,,851.0,41.2,25.7,72.1,0.0,600.0,13.1,302.5,Group 4,FOOD-DATA-GROUP4.csv
Woca Seeds Dried,"woca seeds dried, dietary fiber",3,75.5,,,102.0,2.2,22.6,0.3,0.1,48.0,5.4,38.5,Group 4,FOOD-DATA-GROUP4.csv
Pecans Roasted,pecans roasted,3,69.4,,,215.0,2.8,3.9,22.6,1.2,62.0,2.9,53.2,Group 4,FOOD-DATA-GROUP4.csv
Fennel Seeds,fennel seeds,3,64.0,,,7.0,0.3,1.0,0.3,0.0,97.0,0.8,27.1,Group 4,FOOD-DATA-GROUP4.csv
Chinese Chestnuts Roasted,chinese chestnuts roasted,3,62.0,,,68.0,1.3,14.8,0.3,0.0,52.0,0.0,33.1,Group 4,FOOD-DATA-GROUP4.csv
Watermelon Seed Kernels Dried,"watermelon seed kernels dried, high protein",3,75.7,,,602.0,30.6,16.5,51.2,0.0,100.0,0.0,164.5,Group 4,FOOD-DATA-GROUP4.csv
Macadamia Nuts Raw,macadamia nuts raw,3,63.2,Tree Nuts,,38.0,0.4,0.7,4.0,0.2,11.0,0.5,10.4,Group 4,FOOD-DATA-GROUP4.csv
Pectin,"pectin, dietary fiber",3,73.0,,,163.0,0.2,45.2,0.2,0.0,100.0,4.3,54.8,Group 4,FOOD-DATA-GROUP4.csv
Black Walnut Dried,black walnut dried,3,57.8,Tree Nuts,,31.0,1.2,0.5,3.0,0.0,28.0,0.3,8.3,Group 4,FOOD-DATA-GROUP4.csv
Water Chestnut Canned,"water chestnut canned, dietary fiber",3,70.8,Tree Nuts,,70.0,1.2,17.2,0.0,3.4,11.0,3.5,30.6,Group 4,FOOD-DATA-GROUP4.csv
Ginkgo Nuts Dried,ginkgo nuts dried,3,62.0,,,98.0,2.9,20.5,0.6,0.0,45.0,0.0,38.5,Group 4,FOOD-DATA-GROUP4.csv
Virginia Peanuts Raw,"virginia peanuts raw, dietary fiber, high protein",3,92.0,,,822.0,36.8,24.1,71.2,5.8,8.0,12.4,278.1,Group 4,FOOD-DATA-GROUP4.csv
Valencia Peanuts Roasted,valencia peanuts roasted,3,70.0,,,177.0,8.1,4.9,15.4,0.0,4.0,2.7,47.8,Group 4,FOOD-DATA-GROUP4.csv
Nesfit Diet Cereal Nestle,nesfit diet cereal nestle,3,57.0,,,75.0,0.0,0.0,0.0,0.0,0.0,0.0,0.0,Group 4,FOOD-DATA-GROUP4.csv
Corn Grits Cooked,corn grits cooked,3,64.2,,,182.0,4.4,37.9,1.2,0.3,600.0,2.1,49.7,Group 4,FOOD-DATA-GROUP4.csv
Amaranth Flakes,"amaranth flakes, dietary fiber",3,71.4,,,134.0,5.9,27.0,2.7,0.2,67.0,3.6,47.4,Group 4,FOOD-DATA-GROUP4.csv
Granola,"granola, dietary fiber",3,77.8,,,293.0,8.2,32.3,14.6,11.9,10.0,5.3,109.1,Group 4,FOOD-DATA-GROUP4.csv
Muesli With Fruit Nuts,"muesli with fruit nuts, fresh raw fruit, natural fruit sugars, plant dietary fiber, vitamin c, dietary fiber",3,74.8,,,231.0,4.3,45.7,3.4,14.2,100.0,5.8,91.1,Group 4,FOOD-DATA-GROUP4.csv
Muesli Master Crumble,muesli master crumble,3,57.0,,,124.0,2.4,4.5,2.4,0.0,0.0,0.0,9.3,Group 4,FOOD-DATA-GROUP4.csv
Bran Flakes,"bran flakes, dietary fiber",3,77.0,,,131.0,4.0,32.2,0.8,7.4,200.0,7.3,45.4,Group 4,FOOD-DATA-GROUP4.csv
Nut Cereal,"nut cereal, dietary fiber",3,69.8,,,245.0,4.0,46.2,5.9,17.2,300.0,3.6,156.5,Group 4,FOOD-DATA-GROUP4.csv
Corn Flakes,corn flakes,3,64.0,,,108.0,1.7,24.6,0.3,2.2,200.0,0.8,27.9,Group 4,FOOD-DATA-GROUP4.csv
Corn Grits Dry,corn grits dry,3,58.0,,,36.0,0.7,7.7,0.2,0.0,54.0,0.4,9.7,Group 4,FOOD-DATA-GROUP4.csv
Margarine With Yoghurt,"margarine with yoghurt, cultured milk, live active probiotic cultures",4,45.0,Milk/Dairy,"E471 (Mono and diglycerides), E322 (Lecithin), E160a (Beta-carotene)",88.0,0.1,0.1,9.8,0.0,18.0,0.0,13.0,Group 5,FOOD-DATA-GROUP5.csv
Sunflower Seed Butter,"sunflower seed butter, pasteurized cream, natural milk fat",2,72.2,Milk/Dairy,,99.0,2.8,3.7,8.8,1.7,65.0,0.9,27.5,Group 5,FOOD-DATA-GROUP5.csv
Hazelnut Oil,"hazelnut oil, hazelnut oil, pure extracted plant lipids",2,70.0,Tree Nuts,,120.0,0.0,0.0,13.6,0.0,0.0,0.0,13.6,Group 5,FOOD-DATA-GROUP5.csv
Menhaden Fish Oil,"menhaden fish oil, menhaden fish oil, pure extracted plant lipids",2,78.4,Fish,,1966.0,0.0,0.0,218.0,0.0,0.0,0.0,218.0,Group 5,FOOD-DATA-GROUP5.csv
Cod Liver Fish Oil,"cod liver fish oil, cod liver fish oil, pure extracted plant lipids",2,70.0,Fish,,123.0,0.0,0.0,13.6,0.0,0.0,0.0,17.7,Group 5,FOOD-DATA-GROUP5.csv
Sardine Oil,"sardine oil, sardine oil, pure extracted plant lipids",2,70.0,Fish,,123.0,0.0,0.0,13.6,0.0,0.0,0.0,13.6,Group 5,FOOD-DATA-GROUP5.csv
Cupu Assu Oil,"cupu assu oil, cupu assu oil, pure extracted plant lipids",2,70.0,,,120.0,0.0,0.0,13.6,0.0,0.0,0.0,13.6,Group 5,FOOD-DATA-GROUP5.csv
Lard,lard,2,70.0,,,115.0,0.0,0.0,12.8,0.0,0.0,0.0,12.8,Group 5,FOOD-DATA-GROUP5.csv
Sesame Butter,"sesame butter, pasteurized cream, natural milk fat",2,78.4,"Milk/Dairy, Sesame",,94.0,2.9,3.8,8.1,0.0,31.0,0.9,172.4,Group 5,FOOD-DATA-GROUP5.csv
Margarine Spread,"margarine spread, hydrogenated vegetable oil, water, salt, soy lecithin, mono and diglycerides",4,40.0,,"E471 (Mono and diglycerides), E322 (Lecithin), E160a (Beta-carotene)",59.0,0.1,0.1,6.7,0.0,19.0,0.0,7.5,Group 5,FOOD-DATA-GROUP5.csv
Lard Vegetable Oil,"lard vegetable oil, lard vegetable oil, pure extracted plant lipids",2,70.0,,,115.0,0.0,0.0,12.8,0.0,0.0,0.0,12.8,Group 5,FOOD-DATA-GROUP5.csv
Shortening,shortening,2,70.0,,,113.0,0.0,0.0,12.8,0.0,0.0,0.0,12.8,Group 5,FOOD-DATA-GROUP5.csv
Vegetable Oil Spread,"vegetable oil spread, vegetable oil spread, pure extracted plant lipids",2,70.0,,,75.0,0.0,0.1,8.4,0.0,81.0,0.0,11.6,Group 5,FOOD-DATA-GROUP5.csv
Cottonseed Oil,"cottonseed oil, cottonseed oil, pure extracted plant lipids",2,70.0,,,120.0,0.0,0.0,13.6,0.0,0.0,0.0,13.6,Group 5,FOOD-DATA-GROUP5.csv
Vegetable Oil Spread Fat Free,"vegetable oil spread fat free, vegetable oil spread fat free, pure extracted plant lipids",2,65.0,,,6.0,0.2,0.4,0.5,0.0,100.0,0.0,7.0,Group 5,FOOD-DATA-GROUP5.csv
Soy Margarine,"soy margarine, hydrogenated vegetable oil, water, salt, soy lecithin, mono and diglycerides",4,45.0,Soy,"E471 (Mono and diglycerides), E322 (Lecithin), E160a (Beta-carotene)",88.0,0.0,0.0,9.9,0.0,100.0,0.0,12.6,Group 5,FOOD-DATA-GROUP5.csv
Margarine With Salt,"margarine with salt, hydrogenated vegetable oil, water, salt, soy lecithin, mono and diglycerides",4,45.0,,"E471 (Mono and diglycerides), E322 (Lecithin), E160a (Beta-carotene)",100.0,0.0,0.0,11.3,0.0,100.0,0.0,13.6,Group 5,FOOD-DATA-GROUP5.csv
Margarine,"margarine, hydrogenated vegetable oil, water, salt, soy lecithin, mono and diglycerides",4,45.0,,"E471 (Mono and diglycerides), E322 (Lecithin), E160a (Beta-carotene)",102.0,0.0,0.0,11.5,0.0,91.0,0.0,13.7,Group 5,FOOD-DATA-GROUP5.csv
Salmon Fish Oil,"salmon fish oil, salmon fish oil, pure extracted plant lipids",2,70.0,Fish,,123.0,0.0,0.0,13.6,0.0,0.0,0.0,13.6,Group 5,FOOD-DATA-GROUP5.csv
Nutmeg Butter Oil,"nutmeg butter oil, pasteurized cream, natural milk fat",2,78.4,Milk/Dairy,,1927.0,0.0,0.0,218.0,0.0,0.0,0.0,218.0,Group 5,FOOD-DATA-GROUP5.csv
Almond Butter,"almond butter, pasteurized cream, natural milk fat",2,75.2,"Milk/Dairy, Tree Nuts",,98.0,3.4,3.0,8.9,0.7,37.0,1.6,73.0,Group 5,FOOD-DATA-GROUP5.csv
Sour Cream Shoprite,sour cream shoprite,1,75.0,Milk/Dairy,,60.0,0.0,1.0,5.0,0.0,0.0,0.0,6.0,Group 5,FOOD-DATA-GROUP5.csv
Ucuhuba Butter Oil,"ucuhuba butter oil, pasteurized cream, natural milk fat",2,70.0,Milk/Dairy,,120.0,0.0,0.0,13.6,0.0,0.0,0.0,13.6,Group 5,FOOD-DATA-GROUP5.csv
Chicken Fat,"chicken fat, fresh poultry meat, protein amino acids",1,80.0,,,115.0,0.0,0.0,12.8,0.0,0.0,0.0,12.8,Group 5,FOOD-DATA-GROUP5.csv
Herring Fish Oil,"herring fish oil, herring fish oil, pure extracted plant lipids",2,70.0,Fish,,123.0,0.0,0.0,13.6,0.0,0.0,0.0,13.6,Group 5,FOOD-DATA-GROUP5.csv
Bacon Grease,bacon grease,3,57.0,,,39.0,0.0,0.0,4.3,0.0,9.0,0.0,4.3,Group 5,FOOD-DATA-GROUP5.csv
Turkey Fat,"turkey fat, fresh poultry meat, protein amino acids",1,75.0,,,45.0,0.0,0.0,5.0,0.0,0.0,0.0,5.0,Group 5,FOOD-DATA-GROUP5.csv
Beef Tallow,"beef tallow, fresh meat, essential amino acids, heme iron",1,80.0,,,115.0,0.0,0.0,12.8,0.0,0.0,0.0,12.8,Group 5,FOOD-DATA-GROUP5.csv
Goose Fat,goose fat,1,75.0,,,45.0,0.0,0.0,5.0,0.0,0.0,0.0,5.0,Group 5,FOOD-DATA-GROUP5.csv
Duck Fat,"duck fat, fresh poultry meat, protein amino acids",1,75.0,,,44.0,0.0,0.0,5.0,0.0,0.0,0.0,5.0,Group 5,FOOD-DATA-GROUP5.csv
Mutton Tallow,mutton tallow,1,75.0,,,45.0,0.0,0.0,5.0,0.0,0.0,0.0,5.0,Group 5,FOOD-DATA-GROUP5.csv
Grapeseed Oil,"grapeseed oil, grapeseed oil, pure extracted plant lipids",2,70.0,,,120.0,0.0,0.0,13.6,0.0,0.0,0.0,13.6,Group 5,FOOD-DATA-GROUP5.csv
Sheanut Oil,"sheanut oil, sheanut oil, pure extracted plant lipids",2,78.4,,,1927.0,0.0,0.0,218.0,0.0,0.0,0.0,218.0,Group 5,FOOD-DATA-GROUP5.csv
Almond Oil,"almond oil, almond oil, pure extracted plant lipids",2,70.0,Tree Nuts,,120.0,0.0,0.0,13.6,0.0,0.0,0.0,13.6,Group 5,FOOD-DATA-GROUP5.csv
Sunflower Oil,"sunflower oil, sunflower oil, pure extracted plant lipids",2,70.0,,,120.0,0.0,0.0,13.6,0.0,0.0,0.0,13.6,Group 5,FOOD-DATA-GROUP5.csv
Cashew Butter,"cashew butter, pasteurized cream, natural milk fat",2,70.8,"Milk/Dairy, Tree Nuts",,94.0,2.8,4.4,7.9,0.8,71.0,0.3,23.1,Group 5,FOOD-DATA-GROUP5.csv
Canola Oil,"canola oil, canola oil, pure extracted plant lipids",2,70.0,,,124.0,0.0,0.0,14.0,0.0,0.0,0.0,14.1,Group 5,FOOD-DATA-GROUP5.csv
Babassu Oil,"babassu oil, babassu oil, pure extracted plant lipids",2,78.4,,,1927.0,0.0,0.0,218.0,0.0,0.0,0.0,218.0,Group 5,FOOD-DATA-GROUP5.csv
Teaseed Oil,"teaseed oil, teaseed oil, pure extracted plant lipids",2,70.0,,,120.0,0.0,0.0,13.6,0.0,0.0,0.0,13.6,Group 5,FOOD-DATA-GROUP5.csv
Avocado Oil,"avocado oil, avocado oil, pure extracted plant lipids",2,70.0,,,124.0,0.0,0.0,14.0,0.0,0.0,0.0,14.0,Group 5,FOOD-DATA-GROUP5.csv
Vegetable Palm Kernel Oil,"vegetable palm kernel oil, vegetable palm kernel oil, pure extracted plant lipids",2,70.0,,,117.0,0.0,0.0,13.6,0.0,0.0,0.0,13.6,Group 5,FOOD-DATA-GROUP5.csv
Coconut Oil,"coconut oil, coconut oil, pure extracted plant lipids",2,70.0,,,117.0,0.0,0.0,13.6,0.0,0.0,0.0,13.7,Group 5,FOOD-DATA-GROUP5.csv
Safflower Oil,"safflower oil, safflower oil, pure extracted plant lipids",2,70.0,,,120.0,0.0,0.0,13.6,0.0,0.0,0.0,13.6,Group 5,FOOD-DATA-GROUP5.csv
Vegetable Oil,"vegetable oil, vegetable oil, pure extracted plant lipids",2,70.0,,,120.0,0.0,0.0,13.6,0.0,0.0,0.0,13.7,Group 5,FOOD-DATA-GROUP5.csv
Apricot Kernel Oil,"apricot kernel oil, apricot kernel oil, pure extracted plant lipids",2,65.0,,,40.0,0.0,0.0,4.5,0.0,0.0,0.0,4.5,Group 5,FOOD-DATA-GROUP5.csv
Peanut Oil,"peanut oil, peanut oil, pure extracted plant lipids",2,70.0,Peanuts,,119.0,0.0,0.0,13.5,0.0,0.0,0.0,13.6,Group 5,FOOD-DATA-GROUP5.csv
Poppyseed Oil,"poppyseed oil, poppyseed oil, pure extracted plant lipids",2,70.0,,,120.0,0.0,0.0,13.6,0.0,0.0,0.0,13.6,Group 5,FOOD-DATA-GROUP5.csv
Flaxseed Oil,"flaxseed oil, flaxseed oil, pure extracted plant lipids",2,70.0,,,120.0,0.1,0.0,13.6,0.0,0.0,0.0,13.7,Group 5,FOOD-DATA-GROUP5.csv
Tomatoseed Oil,"tomatoseed oil, tomatoseed oil, pure extracted plant lipids",2,78.4,,,1927.0,0.0,0.0,218.0,0.0,0.0,0.0,218.0,Group 5,FOOD-DATA-GROUP5.csv
Wheat Germ Oil,"wheat germ oil, wheat germ oil, pure extracted plant lipids",2,70.0,Gluten/Wheat,,120.0,0.0,0.0,13.6,0.0,0.0,0.0,13.6,Group 5,FOOD-DATA-GROUP5.csv
Sesame Oil,"sesame oil, sesame oil, pure extracted plant lipids",2,65.0,Sesame,,40.0,0.0,0.0,4.5,0.0,0.0,0.0,4.5,Group 5,FOOD-DATA-GROUP5.csv
Corn Granola Oil,"corn granola oil, corn granola oil, pure extracted plant lipids",2,70.0,,,124.0,0.0,0.0,14.0,0.0,0.0,0.0,14.0,Group 5,FOOD-DATA-GROUP5.csv
Cocoa Butter Oil,"cocoa butter oil, pasteurized cream, natural milk fat",2,70.0,Milk/Dairy,,120.0,0.0,0.0,13.6,0.0,0.0,0.0,13.6,Group 5,FOOD-DATA-GROUP5.csv
Olive Oil,"olive oil, olive oil, pure extracted plant lipids",2,70.0,,,119.0,0.0,0.0,13.5,0.0,4.0,0.0,13.6,Group 5,FOOD-DATA-GROUP5.csv
Palm Kernel Oil,"palm kernel oil, palm kernel oil, pure extracted plant lipids",2,65.0,,,40.0,0.0,0.0,4.5,0.0,98.0,0.0,4.7,Group 5,FOOD-DATA-GROUP5.csv
Mustard Oil,"mustard oil, mustard oil, pure extracted plant lipids",2,70.0,,,124.0,0.0,0.0,14.0,0.0,0.0,0.0,14.0,Group 5,FOOD-DATA-GROUP5.csv
Rice Bran Oil,"rice bran oil, rice bran oil, pure extracted plant lipids",2,70.0,,,120.0,0.0,0.0,13.6,0.0,0.0,0.0,13.7,Group 5,FOOD-DATA-GROUP5.csv
Vegetable Macaroni Dry,"vegetable macaroni dry, dietary fiber",1,94.4,Gluten/Wheat,,308.0,11.0,62.9,0.9,0.0,60.0,3.6,110.6,Group 5,FOOD-DATA-GROUP5.csv
Chow Mein Noodles,chow mein noodles,1,83.5,,,257.0,5.9,37.5,9.9,0.5,500.0,1.5,68.6,Group 5,FOOD-DATA-GROUP5.csv
Chinese Noodles,chinese noodles,1,84.9,,,456.0,0.2,111.9,0.1,0.0,88.0,0.7,112.9,Group 5,FOOD-DATA-GROUP5.csv
Vegetable Macaroni Cooked,"vegetable macaroni cooked, dietary fiber",1,95.6,Gluten/Wheat,,172.0,6.1,35.7,0.1,1.5,15.0,5.8,63.1,Group 5,FOOD-DATA-GROUP5.csv
Corn Pasta Dry,"corn pasta dry, dietary fiber",3,81.1,Gluten/Wheat,,375.0,7.8,83.2,2.2,0.0,27.0,11.6,110.0,Group 5,FOOD-DATA-GROUP5.csv
Egg Noodles Dry,egg noodles dry,1,83.4,Eggs,,146.0,5.4,27.1,1.7,0.7,95.0,1.3,49.6,Group 5,FOOD-DATA-GROUP5.csv
Whole Wheat Spaghetti Dry,whole wheat spaghetti dry,1,80.0,Gluten/Wheat,,98.0,4.1,21.2,0.4,0.0,2.0,0.0,38.0,Group 5,FOOD-DATA-GROUP5.csv
Japanese Soba Noodles Dry,japanese soba noodles dry,1,80.0,,,95.0,4.1,21.1,0.2,0.0,200.0,0.0,36.1,Group 5,FOOD-DATA-GROUP5.csv
Rice Noodles Dry,rice noodles dry,1,81.2,,,103.0,1.0,23.6,0.2,0.0,6.0,0.5,30.6,Group 5,FOOD-DATA-GROUP5.csv
Spinach Spaghetti Dry,"spinach spaghetti dry, fresh raw vegetable, dietary fiber, folate, antioxidants",1,87.5,Gluten/Wheat,,105.0,3.8,21.2,0.4,0.8,94.0,3.0,45.4,Group 5,FOOD-DATA-GROUP5.csv
Egg Noodles Cooked,egg noodles cooked,1,82.5,Eggs,,110.0,3.6,20.1,1.7,0.3,27.0,1.0,26.5,Group 5,FOOD-DATA-GROUP5.csv
Japanese Somen Noodles Cooked,japanese somen noodles cooked,1,81.8,,,231.0,7.0,48.5,0.3,0.0,300.0,0.0,70.8,Group 5,FOOD-DATA-GROUP5.csv
Whole Wheat Macaroni Dry,"whole wheat macaroni dry, dietary fiber, high protein",1,98.0,Gluten/Wheat,,365.0,15.4,78.8,1.5,0.0,28.0,8.7,150.2,Group 5,FOOD-DATA-GROUP5.csv
Pasta Marinara And Ground Beef Sauce,"pasta marinara and ground beef sauce, fresh meat, essential amino acids, heme iron",3,58.2,Gluten/Wheat,,41.0,2.5,4.1,1.6,1.0,0.0,0.5,8.7,Group 5,FOOD-DATA-GROUP5.csv
Macaroni Raw,"macaroni raw, dietary fiber",1,95.6,Gluten/Wheat,,390.0,13.7,78.4,1.6,2.8,97.0,3.4,122.7,Group 5,FOOD-DATA-GROUP5.csv
Spaghetti Dry,spaghetti dry,1,82.2,Gluten/Wheat,,105.0,3.7,21.1,0.4,0.8,90.0,0.9,32.9,Group 5,FOOD-DATA-GROUP5.csv
Fusilli Cucina,fusilli cucina,1,75.0,,,100.0,0.0,3.4,0.4,0.0,0.0,0.0,3.8,Group 5,FOOD-DATA-GROUP5.csv
Japanese Somen Noodles Dry,japanese somen noodles dry,1,81.5,,,101.0,3.2,21.0,0.2,0.0,500.0,1.2,32.5,Group 5,FOOD-DATA-GROUP5.csv
Pasta Cooked,pasta cooked,3,66.6,Gluten/Wheat,,301.0,11.8,57.3,2.4,0.0,73.0,0.0,88.0,Group 5,FOOD-DATA-GROUP5.csv
Macaroni Cooked,macaroni cooked,1,87.8,Gluten/Wheat,,221.0,8.1,43.2,1.3,0.8,71.0,2.5,55.2,Group 5,FOOD-DATA-GROUP5.csv
Spinach Egg Noodles Dry,"spinach egg noodles dry, fresh raw vegetable, dietary fiber, folate, antioxidants",1,87.2,Eggs,,145.0,5.6,26.7,1.7,0.0,96.0,2.6,59.5,Group 5,FOOD-DATA-GROUP5.csv
Japanese Soba Noodles Cooked,japanese soba noodles cooked,1,80.3,,,113.0,5.8,24.4,0.1,0.0,100.0,0.0,35.4,Group 5,FOOD-DATA-GROUP5.csv
Rice Noodles Cooked,rice noodles cooked,1,84.7,,,190.0,3.2,42.3,0.4,0.1,75.0,1.8,54.9,Group 5,FOOD-DATA-GROUP5.csv
Whole Wheat Macaroni Cooked,"whole wheat macaroni cooked, dietary fiber",1,91.8,Gluten/Wheat,,174.0,7.5,37.2,0.8,1.1,57.0,3.9,71.9,Group 5,FOOD-DATA-GROUP5.csv
Spaghetti Cooked,"spaghetti cooked, dietary fiber",1,95.6,Gluten/Wheat,,363.0,13.3,71.0,2.1,1.3,89.0,4.1,90.8,Group 5,FOOD-DATA-GROUP5.csv
Whole Wheat Spaghetti Cooked,"whole wheat spaghetti cooked, dietary fiber",1,97.2,Gluten/Wheat,,174.0,7.5,37.2,0.8,1.1,91.0,6.3,74.3,Group 5,FOOD-DATA-GROUP5.csv
Waffle,waffle,1,89.6,,,218.0,5.9,24.7,10.6,0.0,400.0,0.0,234.5,Group 5,FOOD-DATA-GROUP5.csv
Baked Taco Shell,baked taco shell,1,82.2,,,61.0,0.8,8.3,2.7,0.2,4.0,0.9,25.4,Group 5,FOOD-DATA-GROUP5.csv
Puff Pastry,"puff pastry, dietary fiber, high protein",1,98.0,,,1367.0,18.1,112.0,94.3,1.8,600.0,3.7,259.0,Group 5,FOOD-DATA-GROUP5.csv
Blueberry Muffin,"blueberry muffin, fresh raw fruit, natural fruit sugars, plant dietary fiber, vitamin c",1,74.4,,,214.0,2.6,30.2,9.2,17.9,200.0,0.6,42.9,Group 5,FOOD-DATA-GROUP5.csv
Bread Crumbs,"bread crumbs, grain flour, water, yeast, salt, dietary fiber",3,84.0,Gluten/Wheat,,427.0,14.4,77.7,5.7,6.7,800.0,4.9,305.5,Group 5,FOOD-DATA-GROUP5.csv
Warm Cinnamon Roll Mcdonalds,"warm cinnamon roll mcdonalds, grain flour, water, yeast, salt",3,63.2,,,113.0,2.0,15.0,5.1,7.0,100.0,0.5,39.3,Group 5,FOOD-DATA-GROUP5.csv
Corn Muffin,corn muffin,1,86.3,,,201.0,3.9,33.7,5.5,11.7,300.0,2.2,96.1,Group 5,FOOD-DATA-GROUP5.csv
Tortilla,"tortilla, dietary fiber",1,98.0,,,467.0,14.3,98.4,1.9,5.4,900.0,4.7,264.7,Group 5,FOOD-DATA-GROUP5.csv
Croutons Seasoned,croutons seasoned,1,86.4,,,186.0,4.3,25.4,7.3,1.8,400.0,2.0,78.5,Group 5,FOOD-DATA-GROUP5.csv
Buttermilk Waffle,"buttermilk waffle, pasteurized cream, natural milk fat",2,75.9,,,102.0,2.4,16.0,3.1,1.5,200.0,0.9,123.4,Group 5,FOOD-DATA-GROUP5.csv
Flour Tortilla,flour tortilla,1,86.2,Gluten/Wheat,,146.0,3.9,24.1,3.7,1.3,400.0,1.2,114.4,Group 5,FOOD-DATA-GROUP5.csv
Glazed Donut,glazed donut,1,80.8,,,55.0,0.8,6.2,3.0,3.0,82.0,0.3,23.9,Group 5,FOOD-DATA-GROUP5.csv
Corn Tortilla,corn tortilla,1,83.8,,,52.0,1.4,10.7,0.7,0.2,75.0,1.5,34.0,Group 5,FOOD-DATA-GROUP5.csv
Muffin,muffin,1,88.8,,,169.0,3.9,23.6,6.5,0.0,300.0,1.5,151.2,Group 5,FOOD-DATA-GROUP5.csv
Croutons,croutons,1,81.0,,,33.0,1.0,5.9,0.5,0.0,35.0,0.4,14.2,Group 5,FOOD-DATA-GROUP5.csv
Donut With Jelly Filling,donut with jelly filling,1,76.3,,,289.0,5.0,33.2,15.9,17.9,400.0,0.8,77.7,Group 5,FOOD-DATA-GROUP5.csv
Sweet Cinnamon Rolls,"sweet cinnamon rolls, grain flour, water, yeast, salt",3,48.2,,,309.0,5.1,42.2,13.6,26.3,300.0,2.0,125.8,Group 5,FOOD-DATA-GROUP5.csv
Oat Bran Muffin,oat bran muffin,1,82.0,Gluten/Wheat,,46.0,1.2,8.2,1.3,1.4,67.0,0.8,22.9,Group 5,FOOD-DATA-GROUP5.csv
French Cruller Donut,french cruller donut,1,77.3,,,169.0,1.3,24.4,7.5,14.4,100.0,0.5,45.4,Group 5,FOOD-DATA-GROUP5.csv
Pancakes,pancakes,1,82.5,,,86.0,2.4,10.8,3.7,0.0,200.0,0.0,100.9,Group 5,FOOD-DATA-GROUP5.csv
Chocolate Donut,chocolate donut,4,46.5,,,250.0,2.7,34.4,11.9,19.2,100.0,1.3,179.6,Group 5,FOOD-DATA-GROUP5.csv
Sweet Cheese Rolls,"sweet cheese rolls, pasteurized milk, cheese cultures, salt, enzymes",3,67.7,Milk/Dairy,,238.0,4.7,28.8,12.1,0.0,200.0,0.8,124.9,Group 5,FOOD-DATA-GROUP5.csv
Eclair,eclair,1,81.9,Gluten/Wheat,,234.0,4.4,11.2,19.2,2.0,100.0,0.4,68.0,Group 5,FOOD-DATA-GROUP5.csv
Donut With Cream Filling,donut with cream filling,1,81.0,Milk/Dairy,,307.0,5.4,25.5,20.8,12.4,300.0,0.7,75.3,Group 5,FOOD-DATA-GROUP5.csv
Fruit Toaster Pastry,"fruit toaster pastry, fresh raw fruit, natural fruit sugars, plant dietary fiber, vitamin c",1,77.1,,,209.0,2.4,37.1,5.6,14.8,200.0,0.5,53.4,Group 5,FOOD-DATA-GROUP5.csv
Donut,donut,1,82.4,,,192.0,2.3,22.9,10.3,0.0,200.0,0.7,63.8,Group 5,FOOD-DATA-GROUP5.csv
Pancakes Whole Wheat,pancakes whole wheat,1,87.1,Gluten/Wheat,,92.0,3.7,12.9,2.9,0.0,300.0,1.2,132.4,Group 5,FOOD-DATA-GROUP5.csv
Keikitos,keikitos,1,81.2,,,196.0,2.9,22.3,10.6,10.8,200.0,0.5,63.9,Group 5,FOOD-DATA-GROUP5.csv
Zwieback,zwieback,1,75.5,,,30.0,0.7,5.2,0.7,0.9,50.0,0.2,7.1,Group 5,FOOD-DATA-GROUP5.csv
Chocolate Coated Donut,chocolate coated donut,4,45.8,,,81.0,0.9,9.2,4.5,4.8,99.0,0.3,20.2,Group 5,FOOD-DATA-GROUP5.csv
Waffle Toasted,waffle toasted,1,85.8,,,103.0,2.4,16.3,3.2,1.7,200.0,0.8,126.4,Group 5,FOOD-DATA-GROUP5.csv
Cinnamon Toaster Pastry,cinnamon toaster pastry,1,81.9,,,206.0,2.6,34.1,7.1,0.0,200.0,0.5,63.5,Group 5,FOOD-DATA-GROUP5.csv
Wheat Bran Bread,"wheat bran bread, grain flour, water, yeast, salt",3,65.5,Gluten/Wheat,,89.0,3.2,17.2,1.2,3.5,200.0,1.4,50.7,Group 5,FOOD-DATA-GROUP5.csv
White Bread,"white bread, grain flour, water, yeast, salt",3,64.0,Gluten/Wheat,,77.0,2.6,14.3,1.0,1.6,100.0,0.8,18.9,Group 5,FOOD-DATA-GROUP5.csv
Oat Bran Bread,"oat bran bread, grain flour, water, yeast, salt",3,65.5,Gluten/Wheat,,71.0,3.1,11.9,1.3,2.3,100.0,1.4,38.1,Group 5,FOOD-DATA-GROUP5.csv
Whole Wheat Bread Natures Own,"whole wheat bread natures own, grain flour, water, yeast, salt",3,57.0,Gluten/Wheat,,50.0,0.0,0.0,1.0,0.0,0.0,0.0,1.0,Group 5,FOOD-DATA-GROUP5.csv
High Protein Bread Dr Zaks,"high protein bread dr zaks, grain flour, water, yeast, salt",3,62.0,Gluten/Wheat,,152.0,0.0,15.3,3.0,0.6,0.0,0.0,18.3,Group 5,FOOD-DATA-GROUP5.csv
Wheat Bread,"wheat bread, grain flour, water, yeast, salt",3,65.0,Gluten/Wheat,,79.0,3.1,13.8,1.3,1.7,100.0,1.2,19.6,Group 5,FOOD-DATA-GROUP5.csv
Egg Bread Toasted,"egg bread toasted, grain flour, water, yeast, salt",3,65.0,"Gluten/Wheat, Eggs",,117.0,3.9,19.5,2.4,0.7,200.0,0.9,65.6,Group 5,FOOD-DATA-GROUP5.csv
Butter Toastbrot Ja,"butter toastbrot ja, pasteurized cream, natural milk fat",2,65.0,Milk/Dairy,,66.0,0.0,2.0,0.9,0.4,0.0,0.0,2.9,Group 5,FOOD-DATA-GROUP5.csv
Vienna Bread Toasted,"vienna bread toasted, grain flour, water, yeast, salt",3,64.2,Gluten/Wheat,,93.0,3.8,18.0,0.6,1.0,200.0,0.9,38.1,Group 5,FOOD-DATA-GROUP5.csv
Vienna Bread,"vienna bread, grain flour, water, yeast, salt",3,64.0,Gluten/Wheat,,92.0,3.8,18.1,0.6,0.8,200.0,0.8,38.6,Group 5,FOOD-DATA-GROUP5.csv
Protein Bread,"protein bread, grain flour, water, yeast, salt",3,63.5,Gluten/Wheat,,47.0,2.3,8.3,0.4,0.3,8.0,0.6,36.0,Group 5,FOOD-DATA-GROUP5.csv
Banana Bread,"banana bread, grain flour, water, yeast, salt",3,63.7,Gluten/Wheat,,186.0,2.5,31.1,6.0,0.0,200.0,0.6,54.1,Group 5,FOOD-DATA-GROUP5.csv
Rice Bran Bread,"rice bran bread, grain flour, water, yeast, salt",3,65.2,Gluten/Wheat,,66.0,2.4,11.7,1.2,1.3,81.0,1.3,36.2,Group 5,FOOD-DATA-GROUP5.csv
White Fibre Wonder Bread,"white fibre wonder bread, grain flour, water, yeast, salt",3,65.8,Gluten/Wheat,,95.0,3.5,18.0,1.0,2.0,0.0,1.5,24.0,Group 5,FOOD-DATA-GROUP5.csv
Focaccia,focaccia,1,82.6,,,142.0,5.0,20.4,4.5,1.0,300.0,1.0,52.7,Group 5,FOOD-DATA-GROUP5.csv
Oat Bran Bread Toasted,"oat bran bread toasted, grain flour, water, yeast, salt",3,65.2,Gluten/Wheat,,70.0,3.1,11.8,1.3,2.3,100.0,1.3,37.6,Group 5,FOOD-DATA-GROUP5.csv
Rye Bread,"rye bread, grain flour, water, yeast, salt",3,66.8,Gluten/Wheat,,83.0,2.7,15.5,1.1,1.2,200.0,1.9,45.6,Group 5,FOOD-DATA-GROUP5.csv
Wheat Germ Bread,"wheat germ bread, grain flour, water, yeast, salt",3,63.5,Gluten/Wheat,,73.0,2.7,13.5,0.8,1.0,200.0,0.6,43.6,Group 5,FOOD-DATA-GROUP5.csv
Protein Bread Toasted,"protein bread toasted, grain flour, water, yeast, salt",3,63.5,Gluten/Wheat,,46.0,2.2,8.2,0.4,0.2,49.0,0.6,35.3,Group 5,FOOD-DATA-GROUP5.csv
Oatmeal Bread,"oatmeal bread, grain flour, water, yeast, salt",3,64.8,Gluten/Wheat,,73.0,2.3,13.1,1.2,2.2,100.0,1.1,36.2,Group 5,FOOD-DATA-GROUP5.csv
Arepa,arepa,1,90.8,,,215.0,5.4,36.4,5.3,0.9,300.0,2.5,137.9,Group 5,FOOD-DATA-GROUP5.csv
Raisin Bread Toasted,"raisin bread toasted, grain flour, water, yeast, salt",3,65.5,Gluten/Wheat,,86.0,2.5,16.5,1.4,1.8,100.0,1.4,43.7,Group 5,FOOD-DATA-GROUP5.csv
Cracked Wheat Bread,"cracked wheat bread, grain flour, water, yeast, salt",3,66.0,Gluten/Wheat,,74.0,2.5,14.0,1.1,0.0,200.0,1.6,32.2,Group 5,FOOD-DATA-GROUP5.csv
Garlic Bread,"garlic bread, grain flour, water, yeast, salt",3,64.8,Gluten/Wheat,,151.0,3.6,17.9,7.1,1.6,200.0,1.1,42.6,Group 5,FOOD-DATA-GROUP5.csv
Rye Bread Toasted,"rye bread toasted, grain flour, water, yeast, salt",3,66.8,Gluten/Wheat,,82.0,2.7,15.4,1.0,1.2,200.0,1.9,45.1,Group 5,FOOD-DATA-GROUP5.csv
Whole Wheat Bread,"whole wheat bread, grain flour, water, yeast, salt",3,69.0,Gluten/Wheat,,128.0,3.9,23.6,2.5,1.8,200.0,2.8,49.4,Group 5,FOOD-DATA-GROUP5.csv
Whole Wheat Bread Toasted,"whole wheat bread toasted, grain flour, water, yeast, salt",3,69.0,Gluten/Wheat,,128.0,3.9,23.7,2.5,1.8,200.0,2.8,49.4,Group 5,FOOD-DATA-GROUP5.csv
Pan Dulce Bread,"pan dulce bread, grain flour, water, yeast, salt",3,68.7,Gluten/Wheat,,231.0,5.9,35.5,7.3,7.9,100.0,1.4,106.9,Group 5,FOOD-DATA-GROUP5.csv
Rice Bran Bread Toasted,"rice bran bread toasted, grain flour, water, yeast, salt",3,65.2,Gluten/Wheat,,66.0,2.4,11.8,1.3,1.3,26.0,1.3,36.6,Group 5,FOOD-DATA-GROUP5.csv
Pita Bread Whole Wheat,"pita bread whole wheat, grain flour, water, yeast, salt",3,67.2,Gluten/Wheat,,74.0,2.7,15.4,0.7,0.2,100.0,2.1,26.0,Group 5,FOOD-DATA-GROUP5.csv
Wheat Germ Bread Toasted,"wheat germ bread toasted, grain flour, water, yeast, salt",3,63.5,Gluten/Wheat,,73.0,2.7,13.6,0.8,1.0,200.0,0.6,43.7,Group 5,FOOD-DATA-GROUP5.csv
Pumpernickel Bread,"pumpernickel bread, grain flour, water, yeast, salt",3,66.2,Gluten/Wheat,,65.0,2.3,12.4,0.8,0.1,200.0,1.7,35.6,Group 5,FOOD-DATA-GROUP5.csv
Frybread,"frybread, grain flour, water, yeast, salt",3,69.8,,,502.0,10.2,73.4,18.6,3.1,500.0,0.0,194.9,Group 5,FOOD-DATA-GROUP5.csv
White Bread Toasted,"white bread toasted, grain flour, water, yeast, salt",3,64.0,Gluten/Wheat,,83.0,2.5,15.4,1.1,1.3,200.0,0.7,54.3,Group 5,FOOD-DATA-GROUP5.csv
Piki Bread,"piki bread, grain flour, water, yeast, salt",3,70.0,Gluten/Wheat,,109.0,2.5,20.2,2.0,0.4,28.0,2.6,80.5,Group 5,FOOD-DATA-GROUP5.csv
Wheat Bread Toasted,"wheat bread toasted, grain flour, water, yeast, salt",3,65.2,Gluten/Wheat,,75.0,3.1,13.4,1.0,1.5,100.0,1.1,59.2,Group 5,FOOD-DATA-GROUP5.csv
Pita Bread,"pita bread, grain flour, water, yeast, salt",3,67.7,Gluten/Wheat,,165.0,5.5,33.4,0.7,0.8,300.0,1.3,94.1,Group 5,FOOD-DATA-GROUP5.csv
Potato Bread,"potato bread, grain flour, water, yeast, salt",3,67.0,Gluten/Wheat,,85.0,4.0,15.1,1.0,3.0,100.0,2.0,22.3,Group 5,FOOD-DATA-GROUP5.csv
Egg Bread,"egg bread, grain flour, water, yeast, salt",3,65.0,"Gluten/Wheat, Eggs",,115.0,3.8,19.1,2.4,0.7,200.0,0.9,64.6,Group 5,FOOD-DATA-GROUP5.csv
Oatmeal Bread Toasted,"oatmeal bread toasted, grain flour, water, yeast, salt",3,64.8,Gluten/Wheat,,73.0,2.3,13.2,1.2,2.2,100.0,1.1,36.6,Group 5,FOOD-DATA-GROUP5.csv
Cheese Bread,"cheese bread, pasteurized milk, cheese cultures, salt, enzymes",3,66.1,"Milk/Dairy, Gluten/Wheat",,196.0,5.0,21.5,10.0,1.0,400.0,1.0,81.9,Group 5,FOOD-DATA-GROUP5.csv
Pumpernickel Bread Toasted,"pumpernickel bread toasted, grain flour, water, yeast, salt",3,67.2,Gluten/Wheat,,80.0,2.8,15.1,1.0,0.2,200.0,2.1,43.4,Group 5,FOOD-DATA-GROUP5.csv
Raisin Bread,"raisin bread, grain flour, water, yeast, salt",3,65.5,Gluten/Wheat,,88.0,2.5,16.7,1.4,1.8,100.0,1.4,44.1,Group 5,FOOD-DATA-GROUP5.csv
Pumpernickel Roll,"pumpernickel roll, grain flour, water, yeast, salt",3,65.8,,,77.0,3.0,14.8,0.8,0.1,100.0,1.5,39.7,Group 5,FOOD-DATA-GROUP5.csv
Cinnamon Raisin Bagel,cinnamon raisin bagel,1,81.5,,,71.0,2.5,14.4,0.4,1.6,47.0,0.6,24.0,Group 5,FOOD-DATA-GROUP5.csv
English Muffin,english muffin,1,90.9,,,127.0,5.0,25.5,1.1,0.9,200.0,2.6,137.3,Group 5,FOOD-DATA-GROUP5.csv
Rye Dinner Roll,"rye dinner roll, grain flour, water, yeast, salt",3,67.2,Gluten/Wheat,,123.0,4.4,22.8,1.5,0.5,300.0,2.1,44.9,Group 5,FOOD-DATA-GROUP5.csv
English Muffin Whole Wheat,"english muffin whole wheat, dietary fiber",1,98.0,Gluten/Wheat,,134.0,5.8,26.7,1.4,5.3,200.0,4.4,214.8,Group 5,FOOD-DATA-GROUP5.csv
Dinner Roll Whole Wheat,"dinner roll whole wheat, grain flour, water, yeast, salt",3,67.3,Gluten/Wheat,,74.0,2.4,14.3,1.3,2.4,100.0,2.1,50.5,Group 5,FOOD-DATA-GROUP5.csv
Dinner Roll,"dinner roll, grain flour, water, yeast, salt",3,65.7,,,76.0,2.4,12.9,1.8,0.5,100.0,1.1,68.5,Group 5,FOOD-DATA-GROUP5.csv
Hotdog Roll,"hotdog roll, grain flour, water, yeast, salt",3,64.0,,,117.0,4.1,21.1,1.6,3.1,200.0,0.8,27.8,Group 5,FOOD-DATA-GROUP5.csv
Bagel,"bagel, dietary fiber",1,92.7,,,245.0,10.0,47.9,1.5,6.0,400.0,4.0,63.8,Group 5,FOOD-DATA-GROUP5.csv
Oat Bran Bagel,oat bran bagel,1,87.6,Gluten/Wheat,,176.0,7.4,36.8,0.8,1.1,400.0,2.5,58.1,Group 5,FOOD-DATA-GROUP5.csv
Pain Au Chocolat De La Boulangerie,pain au chocolat de la boulangerie,4,45.0,,,235.0,0.0,0.0,12.0,0.0,0.0,0.0,12.0,Group 5,FOOD-DATA-GROUP5.csv
Egg Bagel,egg bagel,1,81.5,Eggs,,72.0,2.8,13.8,0.5,0.0,100.0,0.6,22.3,Group 5,FOOD-DATA-GROUP5.csv
English Muffin Toasted,english muffin toasted,1,88.5,,,140.0,5.4,27.4,1.1,1.8,200.0,1.5,141.1,Group 5,FOOD-DATA-GROUP5.csv
English Muffin Whole Wheat Toasted,"english muffin whole wheat toasted, dietary fiber",1,98.0,Gluten/Wheat,,135.0,5.9,26.9,1.4,5.4,200.0,4.5,216.0,Group 5,FOOD-DATA-GROUP5.csv
Biscuit,biscuit,1,93.6,,,357.0,7.1,45.0,16.5,2.2,600.0,1.5,310.6,Group 5,FOOD-DATA-GROUP5.csv
French Roll,"french roll, grain flour, water, yeast, salt",3,65.5,,,105.0,3.3,19.1,1.6,0.1,200.0,1.2,60.8,Group 5,FOOD-DATA-GROUP5.csv
Oat Bran Dinner Roll,"oat bran dinner roll, grain flour, water, yeast, salt",3,65.5,Gluten/Wheat,,78.0,3.1,13.3,1.5,2.2,100.0,1.4,48.8,Group 5,FOOD-DATA-GROUP5.csv
Pecan Shortbread Cookies,"pecan shortbread cookies, grain flour, water, yeast, salt",4,45.8,"Gluten/Wheat, Tree Nuts",,76.0,0.7,8.2,4.6,0.0,2.0,0.3,18.3,Group 5,FOOD-DATA-GROUP5.csv
Oatmeal Cookies,oatmeal cookies,1,81.8,,,113.0,1.6,17.2,4.5,6.2,100.0,0.7,34.1,Group 5,FOOD-DATA-GROUP5.csv
Chocolate Wafers,"chocolate wafers, dietary fiber",4,25.5,,,485.0,7.4,81.1,15.9,33.2,800.0,3.8,147.4,Group 5,FOOD-DATA-GROUP5.csv
Vanilla Wafers Low Fat,vanilla wafers low fat,1,61.1,,,353.0,4.0,58.9,12.2,30.0,300.0,1.5,117.0,Group 5,FOOD-DATA-GROUP5.csv
Chocolate Chip Cookies Mcdonalds,chocolate chip cookies mcdonalds,4,46.5,,,136.0,1.6,18.7,6.4,9.6,58.0,0.6,38.1,Group 5,FOOD-DATA-GROUP5.csv
Gingersnap Cookies,gingersnap cookies,1,80.5,,,29.0,0.4,5.4,0.7,1.4,12.0,0.2,12.5,Group 5,FOOD-DATA-GROUP5.csv
Biscotti Abbracci Mulino Bianco,biscotti abbracci mulino bianco,1,75.0,,,54.0,0.4,0.8,2.6,0.1,0.0,0.0,3.8,Group 5,FOOD-DATA-GROUP5.csv
Chocolate Chip Cookie,chocolate chip cookie,4,45.8,Gluten/Wheat,,63.0,0.5,9.3,2.8,5.3,47.0,0.3,13.1,Group 5,FOOD-DATA-GROUP5.csv
Brownie,brownie,1,73.5,,,243.0,2.9,38.3,9.8,22.0,200.0,1.3,71.2,Group 5,FOOD-DATA-GROUP5.csv
Shortbread Cookies,"shortbread cookies, grain flour, water, yeast, salt",4,45.2,Gluten/Wheat,,40.0,0.5,5.2,1.9,1.2,97.0,0.1,10.7,Group 5,FOOD-DATA-GROUP5.csv
Oatmeal Cookies With Raisins,oatmeal cookies with raisins,1,80.0,,,65.0,1.0,10.3,2.4,0.0,22.0,0.0,29.2,Group 5,FOOD-DATA-GROUP5.csv
Peanut Butter Sandwich Cookies,"peanut butter sandwich cookies, pasteurized cream, natural milk fat",2,70.8,"Milk/Dairy, Peanuts",,67.0,1.2,9.2,3.0,5.0,98.0,0.3,21.6,Group 5,FOOD-DATA-GROUP5.csv
Sugar Cookies,sugar cookies,2,70.2,,,72.0,0.8,10.2,3.2,5.7,7.0,0.1,18.0,Group 5,FOOD-DATA-GROUP5.csv
Chocolate Covered Graham Crackers,chocolate covered graham crackers,4,46.0,,,68.0,0.8,9.3,3.2,5.8,67.0,0.4,22.3,Group 5,FOOD-DATA-GROUP5.csv
Raisin Cookies,raisin cookies,1,80.5,,,60.0,0.6,10.2,2.0,7.1,77.0,0.2,20.2,Group 5,FOOD-DATA-GROUP5.csv
Vanilla Wafers,vanilla wafers,1,75.2,,,28.0,0.3,4.3,1.2,0.0,45.0,0.1,7.5,Group 5,FOOD-DATA-GROUP5.csv
Graham Crackers,graham crackers,3,48.6,,,355.0,5.8,64.5,8.5,26.1,400.0,2.4,104.5,Group 5,FOOD-DATA-GROUP5.csv
Peanut Butter Cookies,"peanut butter cookies, pasteurized cream, natural milk fat",2,70.0,"Milk/Dairy, Peanuts",,95.0,1.8,11.8,4.8,0.0,100.0,0.0,26.7,Group 5,FOOD-DATA-GROUP5.csv
Vanilla Sandwich Cookie,vanilla sandwich cookie,1,80.5,Gluten/Wheat,,72.0,0.7,10.8,3.0,5.9,44.0,0.2,19.1,Group 5,FOOD-DATA-GROUP5.csv
Sugar Wafers With Creme Filling,sugar wafers with creme filling,2,70.5,,,51.0,0.4,7.1,2.3,4.3,60.0,0.2,13.1,Group 5,FOOD-DATA-GROUP5.csv
Cheese Puffs,"cheese puffs, pasteurized milk, cheese cultures, salt, enzymes",3,63.7,Milk/Dairy,,197.0,2.1,18.6,12.8,1.1,300.0,0.6,54.9,Group 5,FOOD-DATA-GROUP5.csv
Saltine Crackers,saltine crackers,2,65.1,,,13.0,0.3,2.2,0.3,0.1,67.0,0.0,3.1,Group 5,FOOD-DATA-GROUP5.csv
Trail Mix,trail mix,1,80.1,,,139.0,4.1,13.5,8.8,0.0,14.0,0.0,51.1,Group 5,FOOD-DATA-GROUP5.csv
Corn Cones,corn cones,1,80.8,,,144.0,1.6,17.8,7.6,0.0,300.0,0.3,28.8,Group 5,FOOD-DATA-GROUP5.csv
Chocolate Pretzels,chocolate pretzels,4,45.0,,,50.0,0.8,7.8,1.8,0.0,37.0,0.0,18.7,Group 5,FOOD-DATA-GROUP5.csv
French Toast Sticks,french toast sticks,1,80.8,,,73.0,1.3,8.9,3.8,2.1,1.0,0.3,26.1,Group 5,FOOD-DATA-GROUP5.csv
Crackers,crackers,3,63.0,,,82.0,1.1,9.8,4.2,1.3,100.0,0.4,15.8,Group 5,FOOD-DATA-GROUP5.csv
Sesame Sticks,sesame sticks,1,80.8,Sesame,,54.0,1.1,4.7,3.7,0.1,90.0,0.3,26.8,Group 5,FOOD-DATA-GROUP5.csv
Cheese Crackers,"cheese crackers, pasteurized milk, cheese cultures, salt, enzymes",3,57.5,Milk/Dairy,,34.0,0.8,4.2,1.6,0.3,65.0,0.2,7.1,Group 5,FOOD-DATA-GROUP5.csv
Oriental Rice Cracker Mix,"oriental rice cracker mix, dietary fiber",3,71.2,Gluten/Wheat,,143.0,4.9,14.6,7.2,0.8,100.0,3.7,46.4,Group 5,FOOD-DATA-GROUP5.csv
Breadsticks,"breadsticks, grain flour, water, yeast, salt",3,64.0,,,103.0,3.0,17.1,2.4,0.3,200.0,0.8,29.9,Group 5,FOOD-DATA-GROUP5.csv
Milk Crackers,milk crackers,3,62.5,Milk/Dairy,,50.0,0.8,7.7,1.7,1.8,95.0,0.2,29.8,Group 5,FOOD-DATA-GROUP5.csv
Matzo Crackers Whole Wheat,"matzo crackers whole wheat, dietary fiber",3,70.2,Gluten/Wheat,,98.0,3.7,22.1,0.4,0.0,2.0,3.3,37.2,Group 5,FOOD-DATA-GROUP5.csv
Matzo Crackers With Egg,matzo crackers with egg,3,64.0,Eggs,,109.0,3.4,22.0,0.6,0.0,57.0,0.8,39.0,Group 5,FOOD-DATA-GROUP5.csv
Granola Bites,granola bites,1,75.8,,,23.0,0.4,3.3,0.9,1.5,67.0,0.3,5.0,Group 5,FOOD-DATA-GROUP5.csv
Crackers Whole Wheat,crackers whole wheat,3,69.2,Gluten/Wheat,,120.0,3.0,19.5,4.0,0.3,200.0,2.9,40.4,Group 5,FOOD-DATA-GROUP5.csv
Tropical Trail Mix,tropical trail mix,1,89.9,,,619.0,8.8,91.8,23.9,0.0,100.0,0.0,218.6,Group 5,FOOD-DATA-GROUP5.csv
Soft Pretzels,soft pretzels,1,83.1,,,389.0,9.4,79.8,3.6,0.3,900.0,2.0,125.8,Group 5,FOOD-DATA-GROUP5.csv
Corn Tostada Shell,corn tostada shell,1,81.8,,,58.0,0.8,7.9,2.9,0.0,84.0,0.7,21.8,Group 5,FOOD-DATA-GROUP5.csv
Matzo Crackers,matzo crackers,3,64.0,,,111.0,2.8,23.4,0.4,0.1,0.0,0.8,31.9,Group 5,FOOD-DATA-GROUP5.csv
Sesame Crunch,sesame crunch,1,80.2,Sesame,,9.0,0.2,0.9,0.6,0.6,27.0,0.1,13.4,Group 5,FOOD-DATA-GROUP5.csv
Trail Mix With Chocolate Chips,"trail mix with chocolate chips, high protein",4,59.1,,,707.0,20.7,65.6,46.6,0.0,200.0,0.0,298.8,Group 5,FOOD-DATA-GROUP5.csv
Cracker Meal,cracker meal,3,76.3,Gluten/Wheat,,440.0,10.7,93.0,2.0,0.4,78.0,3.0,140.5,Group 5,FOOD-DATA-GROUP5.csv
Puffed Rice,puffed rice,1,81.6,,,153.0,2.4,34.1,0.2,0.0,53.0,0.6,51.6,Group 5,FOOD-DATA-GROUP5.csv
Filinchen Gutena,filinchen gutena,1,75.0,,,19.0,0.4,0.5,0.2,0.0,0.0,0.0,1.1,Group 5,FOOD-DATA-GROUP5.csv
Melba Toast Crackers,melba toast crackers,3,67.2,,,117.0,3.6,23.0,1.0,0.3,200.0,1.9,58.5,Group 5,FOOD-DATA-GROUP5.csv
Matzo Crackers With Egg Onion,matzo crackers with egg onion,3,65.5,Eggs,,109.0,2.8,21.6,1.1,0.0,52.0,1.4,38.3,Group 5,FOOD-DATA-GROUP5.csv
Cornnuts,cornnuts,1,85.0,,,126.0,2.4,20.3,4.4,0.2,200.0,2.0,32.1,Group 5,FOOD-DATA-GROUP5.csv
Bagel Chips,"bagel chips, dietary fiber, high protein",1,98.0,,,789.0,21.6,116.1,26.5,10.5,400.0,7.2,222.2,Group 5,FOOD-DATA-GROUP5.csv
Pretzels,pretzels,1,82.5,,,115.0,3.0,24.1,0.9,0.7,400.0,1.0,29.2,Group 5,FOOD-DATA-GROUP5.csv
Potato Raw,"potato raw, dietary fiber",1,95.0,,,164.0,4.3,37.2,0.2,1.7,72.0,4.7,115.7,Group 5,FOOD-DATA-GROUP5.csv
Gatto Di Patate Home Made,gatto di patate home made,1,80.0,,,202.0,0.0,4.0,9.4,3.6,0.0,0.0,13.4,Group 5,FOOD-DATA-GROUP5.csv
Baked Potato,"baked potato, dietary fiber",1,89.5,,,161.0,4.3,36.6,0.2,2.0,97.0,3.8,45.7,Group 5,FOOD-DATA-GROUP5.csv
Potato Sticks,potato sticks,1,83.5,,,188.0,2.4,19.2,12.4,0.0,200.0,1.2,59.5,Group 5,FOOD-DATA-GROUP5.csv
Potato Cooked,potato cooked,1,83.0,,,52.0,1.1,12.1,0.0,0.5,35.0,1.2,25.5,Group 5,FOOD-DATA-GROUP5.csv
Vivaldi Potatoes Sainsburys,vivaldi potatoes sainsburys,1,75.0,,,23.0,0.0,0.0,0.1,0.0,0.0,0.0,0.1,Group 5,FOOD-DATA-GROUP5.csv
Potato Ham Chowder Soup,potato ham chowder soup,3,58.6,,,192.0,6.5,13.4,12.5,0.0,900.0,1.4,35.5,Group 5,FOOD-DATA-GROUP5.csv
Russet Potato Raw,"russet potato raw, dietary fiber",1,98.0,,,292.0,7.9,66.7,0.3,2.3,68.0,4.8,151.9,Group 5,FOOD-DATA-GROUP5.csv
Russet Potato Baked,"russet potato baked, dietary fiber",1,98.0,,,290.0,7.9,64.1,0.4,3.2,84.0,6.9,161.1,Group 5,FOOD-DATA-GROUP5.csv
French Fries,french fries,4,40.5,,,13.0,0.2,2.2,0.4,0.1,56.0,0.2,5.4,Group 5,FOOD-DATA-GROUP5.csv
Potato Scalloped,"potato scalloped, dietary fiber",1,94.8,,,216.0,7.0,26.4,9.0,0.0,800.0,4.7,214.2,Group 5,FOOD-DATA-GROUP5.csv
Cottage Fries,cottage fries,4,40.5,,,11.0,0.2,1.9,0.4,0.0,58.0,0.2,4.4,Group 5,FOOD-DATA-GROUP5.csv
Mashed Potatoes,"mashed potatoes, dietary fiber",1,85.4,,,215.0,4.0,35.5,6.8,1.2,700.0,3.1,93.8,Group 5,FOOD-DATA-GROUP5.csv
Mashed Potato With Milk And Butter,"mashed potato with milk and butter, pasteurized cream, natural milk fat, dietary fiber",2,76.7,Milk/Dairy,,237.0,3.9,35.3,8.9,3.0,700.0,3.2,114.9,Group 5,FOOD-DATA-GROUP5.csv
Red Potato Raw,"red potato raw, dietary fiber",1,90.7,,,149.0,4.0,33.9,0.3,2.7,20.0,3.6,83.0,Group 5,FOOD-DATA-GROUP5.csv
Potato Pancake,potato pancake,1,81.8,,,59.0,1.3,6.1,3.2,0.4,200.0,0.7,24.9,Group 5,FOOD-DATA-GROUP5.csv
Potato Puffs,"potato puffs, dietary fiber",1,86.5,,,243.0,2.6,35.5,11.0,0.3,600.0,3.2,79.1,Group 5,FOOD-DATA-GROUP5.csv
Red Potato Baked,red potato baked,1,83.8,,,74.0,2.0,16.7,0.1,1.2,37.0,1.5,20.7,Group 5,FOOD-DATA-GROUP5.csv
Potatoes Canned,"potatoes canned, dietary fiber",3,74.5,,,132.0,3.6,29.7,0.3,0.0,700.0,4.2,179.8,Group 5,FOOD-DATA-GROUP5.csv
Potato Skin Raw,potato skin raw,1,82.5,,,22.0,1.0,4.7,0.1,0.0,53.0,1.0,23.7,Group 5,FOOD-DATA-GROUP5.csv
Shoestring French Fries,shoestring french fries,4,40.2,,,4.0,0.1,0.7,0.1,0.1,55.0,0.1,1.6,Group 5,FOOD-DATA-GROUP5.csv
Hash Brown Potato,hash brown potato,1,83.5,,,144.0,1.4,15.3,9.0,0.3,300.0,1.4,27.2,Group 5,FOOD-DATA-GROUP5.csv
Baked Chips Lays,baked chips lays,1,75.0,,,130.0,0.0,0.0,2.0,0.0,0.0,0.0,2.0,Group 5,FOOD-DATA-GROUP5.csv
Corn Chips,corn chips,1,83.0,,,162.0,1.9,17.2,10.0,0.0,200.0,1.2,30.5,Group 5,FOOD-DATA-GROUP5.csv
Nacho Cheese Tortilla Chips Low Fat,"nacho cheese tortilla chips low fat, pasteurized milk, cheese cultures, salt, enzymes",3,67.1,Milk/Dairy,,90.0,2.4,18.5,1.0,0.8,200.0,1.8,62.9,Group 5,FOOD-DATA-GROUP5.csv
Corn Chips Barbecue,"corn chips barbecue, dietary fiber",1,94.1,,,1036.0,13.9,111.3,64.7,0.0,1500.0,10.3,466.0,Group 5,FOOD-DATA-GROUP5.csv
Corn Chips Unsalted,"corn chips unsalted, dietary fiber",3,79.7,,,490.0,5.8,50.5,29.4,1.2,24.0,3.9,202.0,Group 5,FOOD-DATA-GROUP5.csv
Potato Chips Fat Free,"potato chips fat free, dietary fiber, high protein",1,97.3,,,860.0,21.9,190.1,1.4,8.4,1500.0,17.0,339.1,Group 5,FOOD-DATA-GROUP5.csv
Sweet Chilli Kettle Baked Chips,sweet chilli kettle baked chips,1,75.0,,,99.0,2.0,2.1,2.2,0.4,0.0,0.0,6.3,Group 5,FOOD-DATA-GROUP5.csv
Taro Chips,taro chips,1,75.5,,,11.0,0.0,1.6,0.6,0.0,22.0,0.2,4.0,Group 5,FOOD-DATA-GROUP5.csv
Potato Chips Reduced Fat,"potato chips reduced fat, dietary fiber",1,98.0,,,801.0,12.1,113.7,35.4,0.4,800.0,10.0,252.9,Group 5,FOOD-DATA-GROUP5.csv
Onion Snacks,onion snacks,1,83.0,,,150.0,2.3,19.5,6.8,1.4,300.0,1.2,40.2,Group 5,FOOD-DATA-GROUP5.csv
Potato Chips Cheese,"potato chips cheese, pasteurized milk, cheese cultures, salt, enzymes, dietary fiber",3,79.9,Milk/Dairy,,843.0,14.5,98.1,46.2,0.0,800.0,8.8,385.1,Group 5,FOOD-DATA-GROUP5.csv
Yuca Cassava Chips,yuca cassava chips,1,75.0,,,9.0,0.1,1.2,0.4,0.0,41.0,0.0,2.6,Group 5,FOOD-DATA-GROUP5.csv
Tortilla Chips Low Fat,tortilla chips low fat,1,85.0,,,117.0,3.1,22.6,1.6,0.2,100.0,1.5,74.4,Group 5,FOOD-DATA-GROUP5.csv
Ranch Flavor Tortilla Chips,"ranch flavor tortilla chips, dietary fiber",1,98.0,,,992.0,14.2,124.2,48.8,6.0,1000.0,7.9,463.1,Group 5,FOOD-DATA-GROUP5.csv
Potato Chips,potato chips,1,83.5,,,161.0,2.1,15.9,10.4,0.0,21.0,1.4,46.8,Group 5,FOOD-DATA-GROUP5.csv
Tortilla Chips,tortilla chips,1,84.0,,,142.0,2.1,20.3,6.2,0.2,77.0,1.6,30.7,Group 5,FOOD-DATA-GROUP5.csv
Sweet Potato Chips,sweet potato chips,1,86.2,,,149.0,0.8,15.9,9.1,2.5,50.0,2.5,45.4,Group 5,FOOD-DATA-GROUP5.csv
Nacho Cheese Tortilla Chips,"nacho cheese tortilla chips, pasteurized milk, cheese cultures, salt, enzymes",3,65.8,Milk/Dairy,,156.0,2.2,18.2,8.2,0.8,200.0,1.5,30.4,Group 5,FOOD-DATA-GROUP5.csv
Vegetable Chips,vegetable chips,1,83.2,,,134.0,1.5,17.1,6.6,1.1,300.0,1.3,43.0,Group 5,FOOD-DATA-GROUP5.csv
Taco Flavor Tortilla Chips,"taco flavor tortilla chips, dietary fiber, high protein",1,92.2,,,1090.0,17.9,143.2,54.9,0.0,1800.0,12.0,586.5,Group 5,FOOD-DATA-GROUP5.csv
Potato Chips Barbecue,"potato chips barbecue, dietary fiber, high protein",1,94.0,,,970.0,15.2,104.5,64.2,14.0,1300.0,8.7,362.5,Group 5,FOOD-DATA-GROUP5.csv
Pita Chips,pita chips,1,82.8,,,137.0,3.5,20.5,4.6,1.4,300.0,1.1,29.9,Group 5,FOOD-DATA-GROUP5.csv
Potato Chips Sour Cream And Onion,"potato chips sour cream and onion, dietary fiber, high protein",1,98.0,Milk/Dairy,,1051.0,16.0,102.0,67.1,0.0,1100.0,10.3,415.2,Group 5,FOOD-DATA-GROUP5.csv
Adobo Fresco,"adobo fresco, dietary fiber",4,41.0,,,780.0,5.8,53.6,60.2,5.8,49400.0,3.7,503.4,Group 5,FOOD-DATA-GROUP5.csv
Chili Pepper Sauce Red,chili pepper sauce red,1,75.2,,,3.0,0.1,0.6,0.1,0.4,3.0,0.1,6.8,Group 5,FOOD-DATA-GROUP5.csv
Creamy Ranch Sauce Mcdonalds,creamy ranch sauce mcdonalds,1,80.0,,,132.0,0.3,1.0,14.7,1.0,200.0,0.0,24.3,Group 5,FOOD-DATA-GROUP5.csv
Catsup,catsup,1,75.1,,,19.0,0.2,4.5,0.1,3.7,200.0,0.1,8.3,Group 5,FOOD-DATA-GROUP5.csv
Chili Pepper Sauce Green,chili pepper sauce green,1,80.8,,,3.0,0.1,0.8,0.0,0.4,30.0,0.3,12.2,Group 5,FOOD-DATA-GROUP5.csv
Red Wine Vinegar,"red wine vinegar, fermented grape juice, sulfites",3,57.0,,E220 (Sulfur dioxide),3.0,0.1,0.0,0.0,0.0,92.0,0.0,1.2,Group 5,FOOD-DATA-GROUP5.csv
Fish Sauce,"fish sauce, fresh fish fillet, omega 3 fatty acids",1,60.0,Fish,,6.0,0.9,0.7,0.0,0.7,1400.0,0.0,9.5,Group 5,FOOD-DATA-GROUP5.csv
Coleslaw Dressing Reduced Fat,coleslaw dressing reduced fat,1,80.1,,,56.0,0.0,6.8,3.4,6.6,300.0,0.0,16.4,Group 5,FOOD-DATA-GROUP5.csv
Sour Dressing,sour dressing,1,80.0,,,21.0,0.4,0.6,2.0,0.6,94.0,0.0,16.9,Group 5,FOOD-DATA-GROUP5.csv
Guava Sauce Cooked,"guava sauce cooked, dietary fiber",1,98.0,,,86.0,0.8,22.6,0.3,14.0,17.0,8.6,397.8,Group 5,FOOD-DATA-GROUP5.csv
Pizza Sauce,"pizza sauce, dietary fiber",1,85.2,,,136.0,5.5,21.8,2.9,9.5,900.0,5.0,35.8,Group 5,FOOD-DATA-GROUP5.csv
Sweetn Sour Sauce Mcdonalds,sweetn sour sauce mcdonalds,1,80.0,,,48.0,0.2,11.0,0.3,10.0,200.0,0.0,13.7,Group 5,FOOD-DATA-GROUP5.csv
Nance Syrup,nance syrup,2,65.8,,,4.0,0.0,0.8,0.0,0.6,35.0,0.3,3.2,Group 5,FOOD-DATA-GROUP5.csv
French Dressing Reduced Fat,french dressing reduced fat,1,75.5,,,37.0,0.1,4.7,2.2,4.6,72.0,0.2,9.1,Group 5,FOOD-DATA-GROUP5.csv
Peppercorn Dressing,peppercorn dressing,1,80.0,,,76.0,0.2,0.5,8.2,0.3,100.0,0.0,11.9,Group 5,FOOD-DATA-GROUP5.csv
Sorghum Syrup,sorghum syrup,2,64.9,,,61.0,0.0,15.7,0.0,15.7,96.0,0.0,48.0,Group 5,FOOD-DATA-GROUP5.csv
Ranch Dressing Fat Free,ranch dressing fat free,1,80.2,,,17.0,0.0,3.7,0.3,0.7,100.0,0.1,11.2,Group 5,FOOD-DATA-GROUP5.csv
Caesar Dressing Low Calorie,caesar dressing low calorie,1,75.1,,,17.0,0.0,2.8,0.7,2.4,200.0,0.1,7.3,Group 5,FOOD-DATA-GROUP5.csv
Sweet Sour Dressing,sweet sour dressing,1,75.0,,,2.0,0.1,0.6,0.0,0.6,65.0,0.0,2.6,Group 5,FOOD-DATA-GROUP5.csv
Mayonnaise Imitation Fat Free,mayonnaise imitation fat free,4,40.8,Eggs,,13.0,0.0,2.5,0.4,1.6,100.0,0.3,4.3,Group 5,FOOD-DATA-GROUP5.csv
Sofrito,"sofrito, dietary fiber, high protein",4,48.0,,,488.0,26.4,11.2,37.5,0.0,2400.0,3.5,163.7,Group 5,FOOD-DATA-GROUP5.csv
Turkey Gravy Instant,"turkey gravy instant, fresh poultry meat, protein amino acids",4,45.8,,,27.0,0.8,3.9,1.0,0.5,300.0,0.3,14.3,Group 5,FOOD-DATA-GROUP5.csv
Teriyaki Sauce,teriyaki sauce,1,70.5,,,16.0,1.1,2.8,0.0,2.5,700.0,0.0,8.7,Group 5,FOOD-DATA-GROUP5.csv
Tomato Sauce,"tomato sauce, fresh raw vegetable, dietary fiber, folate, antioxidants, dietary fiber",1,89.2,,,59.0,2.9,13.0,0.7,8.7,83.0,3.7,20.9,Group 5,FOOD-DATA-GROUP5.csv
Barbecue Sauce Kraft,barbecue sauce kraft,1,80.1,,,28.0,0.1,6.5,0.1,5.2,200.0,0.0,14.4,Group 5,FOOD-DATA-GROUP5.csv
Cranberry Sauce Sweetened,"cranberry sauce sweetened, fresh raw fruit, natural fruit sugars, plant dietary fiber, vitamin c",4,19.9,,,418.0,0.6,107.8,0.4,105.0,76.0,2.8,128.8,Group 5,FOOD-DATA-GROUP5.csv
Coleslaw Dressing,coleslaw dressing,1,80.1,,,62.0,0.1,3.8,5.3,3.2,100.0,0.0,11.6,Group 5,FOOD-DATA-GROUP5.csv
Onion Gravy Dry,onion gravy dry,1,76.5,,,77.0,2.2,16.2,0.7,0.0,1000.0,1.4,89.6,Group 5,FOOD-DATA-GROUP5.csv
Corn Syrup Light,corn syrup light,2,63.8,,,62.0,0.0,16.9,0.1,16.9,65.0,0.0,19.8,Group 5,FOOD-DATA-GROUP5.csv
Bacon Tomato Dressing,"bacon tomato dressing, fresh raw vegetable, dietary fiber, folate, antioxidants",3,57.1,,,49.0,0.3,0.3,5.3,0.3,100.0,0.0,7.9,Group 5,FOOD-DATA-GROUP5.csv
Pancake Syrup,pancake syrup,2,70.0,,,53.0,0.0,13.9,0.1,8.4,64.0,0.0,15.0,Group 5,FOOD-DATA-GROUP5.csv
Balsamic Vinegar,balsamic vinegar,1,75.0,,,14.0,0.0,2.7,0.0,2.4,71.0,0.0,7.1,Group 5,FOOD-DATA-GROUP5.csv
Ranch Dressing Reduced Fat,ranch dressing reduced fat,1,80.5,,,29.0,0.2,3.2,1.9,0.6,200.0,0.2,11.7,Group 5,FOOD-DATA-GROUP5.csv
Barbecue Sauce Mcdonalds,barbecue sauce mcdonalds,1,81.0,,,46.0,0.4,10.3,0.3,9.6,300.0,0.4,14.6,Group 5,FOOD-DATA-GROUP5.csv
Vinegar Oil Dressing,"vinegar oil dressing, vinegar oil dressing, pure extracted plant lipids",2,65.0,,,72.0,0.0,0.4,8.0,0.4,76.0,0.0,8.4,Group 5,FOOD-DATA-GROUP5.csv
Poppyseed Dressing,poppyseed dressing,1,80.1,,,66.0,0.2,4.0,5.5,3.9,100.0,0.0,19.6,Group 5,FOOD-DATA-GROUP5.csv
Honey Mustard Dressing,honey mustard dressing,1,80.1,,,70.0,0.1,3.5,6.1,2.4,19.0,0.1,11.8,Group 5,FOOD-DATA-GROUP5.csv
French Dressing Fat Free,french dressing fat free,1,76.0,,,21.0,0.0,5.1,0.0,2.6,100.0,0.4,6.4,Group 5,FOOD-DATA-GROUP5.csv
Vinegar,vinegar,1,75.0,,,3.0,0.0,0.1,0.0,0.1,24.0,0.0,1.0,Group 5,FOOD-DATA-GROUP5.csv
Spray Dressing,spray dressing,1,75.2,,,13.0,0.1,1.3,0.9,1.1,12.0,0.1,2.9,Group 5,FOOD-DATA-GROUP5.csv
Honey Mustard Dressing Fat Free,honey mustard dressing fat free,1,80.5,,,25.0,0.2,5.8,0.2,2.7,200.0,0.2,10.4,Group 5,FOOD-DATA-GROUP5.csv
Mushroom Gravy,mushroom gravy,1,67.5,,,119.0,3.0,13.0,6.4,0.0,1400.0,1.0,41.7,Group 5,FOOD-DATA-GROUP5.csv
White Sauce,white sauce,1,86.7,,,368.0,9.6,22.9,26.6,11.0,900.0,0.5,357.7,Group 5,FOOD-DATA-GROUP5.csv
Marinara Pasta Sauce,"marinara pasta sauce, dietary fiber",3,62.5,Gluten/Wheat,,129.0,3.7,19.9,3.9,14.5,1100.0,4.8,111.0,Group 5,FOOD-DATA-GROUP5.csv
Tomato Sauce With Mushrooms,"tomato sauce with mushrooms, fresh raw vegetable, dietary fiber, folate, antioxidants, dietary fiber",1,77.2,,,86.0,3.6,20.7,0.3,14.1,1100.0,3.7,92.8,Group 5,FOOD-DATA-GROUP5.csv
Pork Gravy Powder,"pork gravy powder, fresh meat, essential amino acids, heme iron",4,45.5,,,25.0,0.6,4.3,0.6,1.7,400.0,0.2,15.4,Group 5,FOOD-DATA-GROUP5.csv
Beef Gravy,"beef gravy, fresh meat, essential amino acids, heme iron",1,67.2,,,123.0,8.7,11.2,5.5,0.5,1500.0,0.9,42.0,Group 5,FOOD-DATA-GROUP5.csv
Green Goddess Dressing,green goddess dressing,1,80.2,,,64.0,0.3,1.1,6.5,1.0,100.0,0.1,13.2,Group 5,FOOD-DATA-GROUP5.csv
Salsa Con Queso,salsa con queso,4,42.7,,,358.0,7.9,27.9,23.8,4.9,2000.0,1.8,307.8,Group 5,FOOD-DATA-GROUP5.csv
Cocktail Sauce,cocktail sauce,1,80.8,,,19.0,0.2,4.2,0.2,1.8,200.0,0.3,10.7,Group 5,FOOD-DATA-GROUP5.csv
Worcestershire Sauce,worcestershire sauce,1,80.0,,,13.0,0.0,3.3,0.0,1.7,200.0,0.0,24.7,Group 5,FOOD-DATA-GROUP5.csv
Barbecue Sauce,barbecue sauce,1,80.5,,,29.0,0.1,6.9,0.1,5.7,200.0,0.2,13.1,Group 5,FOOD-DATA-GROUP5.csv
Tomato Sauce With Onions,"tomato sauce with onions, fresh raw vegetable, dietary fiber, folate, antioxidants, dietary fiber",1,80.4,,,103.0,3.8,24.4,0.5,0.0,1300.0,4.4,108.2,Group 5,FOOD-DATA-GROUP5.csv
Brown Gravy Dry,brown gravy dry,1,80.2,,,22.0,0.6,3.6,0.6,0.0,300.0,0.1,13.0,Group 5,FOOD-DATA-GROUP5.csv
Blue Cheese Dressing Light,"blue cheese dressing light, pasteurized milk, cheese cultures, salt, enzymes",3,62.0,Milk/Dairy,,14.0,0.3,2.1,0.4,0.6,200.0,0.0,13.8,Group 5,FOOD-DATA-GROUP5.csv
Spanish Tomato Sauce,"spanish tomato sauce, fresh raw vegetable, dietary fiber, folate, antioxidants, dietary fiber",1,78.8,,,81.0,3.5,17.7,0.7,0.0,1200.0,3.4,96.3,Group 5,FOOD-DATA-GROUP5.csv
Oyster Sauce,oyster sauce,1,73.6,Shellfish,,9.0,0.2,2.0,0.1,0.0,500.0,0.0,8.1,Group 5,FOOD-DATA-GROUP5.csv
Cheese Sauce,"cheese sauce, pasteurized milk, cheese cultures, salt, enzymes",3,62.2,Milk/Dairy,,30.0,1.5,0.8,2.2,0.0,2.0,0.1,51.3,Group 5,FOOD-DATA-GROUP5.csv
Hoisin Sauce,hoisin sauce,1,81.0,,,35.0,0.5,7.1,0.5,4.4,300.0,0.4,13.9,Group 5,FOOD-DATA-GROUP5.csv
Pickle Relish,pickle relish,1,75.5,,,20.0,0.1,5.3,0.1,4.4,100.0,0.2,6.4,Group 5,FOOD-DATA-GROUP5.csv
Tomato Sauce With Herbs Cheese,"tomato sauce with herbs cheese, pasteurized milk, cheese cultures, salt, enzymes, dietary fiber",3,67.4,Milk/Dairy,,144.0,5.2,25.0,4.7,0.0,1300.0,5.4,157.1,Group 5,FOOD-DATA-GROUP5.csv
French Dressing,french dressing,1,80.0,,,73.0,0.1,2.5,7.2,2.6,100.0,0.0,14.3,Group 5,FOOD-DATA-GROUP5.csv
Mayonnaise Hellmanns,mayonnaise hellmanns,1,75.0,Eggs,,15.0,0.0,0.1,1.7,0.2,0.0,0.0,1.7,Group 5,FOOD-DATA-GROUP5.csv
Canadian Maple Syrup,canadian maple syrup,2,63.7,,,76.0,0.0,19.1,0.0,17.0,86.0,0.0,50.0,Group 5,FOOD-DATA-GROUP5.csv
Maple Syrup,maple syrup,2,66.8,,,52.0,0.1,13.4,0.0,13.6,59.0,0.0,33.9,Group 5,FOOD-DATA-GROUP5.csv
Barbecue Sauce Bulls Eye,barbecue sauce bulls eye,1,80.5,,,27.0,0.1,6.4,0.1,5.6,200.0,0.2,13.9,Group 5,FOOD-DATA-GROUP5.csv
Ranch Dressing,ranch dressing,1,75.0,,,65.0,0.2,0.9,6.7,0.7,100.0,0.0,8.0,Group 5,FOOD-DATA-GROUP5.csv
Tomato Ketchup Mp,"tomato ketchup mp, fresh raw vegetable, dietary fiber, folate, antioxidants",1,75.0,,,15.0,0.0,0.2,0.0,0.0,0.0,0.0,0.2,Group 5,FOOD-DATA-GROUP5.csv
Mayonnaise Light,mayonnaise light,1,75.0,Eggs,,36.0,0.0,1.4,3.3,0.5,100.0,0.0,5.0,Group 5,FOOD-DATA-GROUP5.csv
Mayonnaise Dressing,mayonnaise dressing,1,80.0,Eggs,,103.0,0.0,0.1,11.7,0.1,81.0,0.0,12.9,Group 5,FOOD-DATA-GROUP5.csv
Malt Syrup,malt syrup,2,65.5,Gluten/Wheat,,67.0,1.3,15.0,0.0,15.0,50.0,0.0,29.3,Group 5,FOOD-DATA-GROUP5.csv
Gravy Dry,gravy dry,1,65.5,,,86.0,3.3,14.5,2.0,0.0,1400.0,0.0,59.4,Group 5,FOOD-DATA-GROUP5.csv
Cranberry Orange Relish,"cranberry orange relish, fresh raw fruit, natural fruit sugars, plant dietary fiber, vitamin c",1,87.9,,,490.0,0.8,127.1,0.3,0.0,63.0,0.0,208.6,Group 5,FOOD-DATA-GROUP5.csv
Caesar Dressing,caesar dressing,1,80.1,,,80.0,0.3,0.5,8.5,0.4,200.0,0.0,16.7,Group 5,FOOD-DATA-GROUP5.csv
Italian Dressing,italian dressing,1,75.0,,,35.0,0.0,1.8,3.1,1.6,100.0,0.0,5.1,Group 5,FOOD-DATA-GROUP5.csv
Brown Gravy Instant,brown gravy instant,4,45.5,,,25.0,0.6,4.0,0.8,0.6,300.0,0.2,14.0,Group 5,FOOD-DATA-GROUP5.csv
Roquefort Cheese Dressing,"roquefort cheese dressing, pasteurized milk, cheese cultures, salt, enzymes",3,62.0,Milk/Dairy,,15.0,0.8,0.4,1.1,0.4,100.0,0.0,15.9,Group 5,FOOD-DATA-GROUP5.csv
Blue Cheese Dressing,"blue cheese dressing, pasteurized milk, cheese cultures, salt, enzymes",3,62.1,Milk/Dairy,,71.0,0.2,0.7,7.7,0.5,200.0,0.0,14.4,Group 5,FOOD-DATA-GROUP5.csv
Duck Sauce,"duck sauce, fresh poultry meat, protein amino acids",1,80.5,,,80.0,0.1,19.7,0.1,9.9,100.0,0.2,24.0,Group 5,FOOD-DATA-GROUP5.csv
Au Jus,au jus,1,69.5,,,38.0,2.8,5.9,0.5,0.0,1100.0,0.0,22.4,Group 5,FOOD-DATA-GROUP5.csv
Corn Syrup Dark,corn syrup dark,2,65.0,,,57.0,0.0,15.5,0.0,15.5,47.0,0.0,19.1,Group 5,FOOD-DATA-GROUP5.csv
Buttermilk Dressing Light,"buttermilk dressing light, pasteurized cream, natural milk fat",2,70.5,,,30.0,0.2,3.2,1.9,0.6,200.0,0.2,11.7,Group 5,FOOD-DATA-GROUP5.csv
Cider Vinegar,cider vinegar,1,75.0,,,3.0,0.0,0.1,0.0,0.0,11.0,0.0,1.1,Group 5,FOOD-DATA-GROUP5.csv
Tartar Sauce,tartar sauce,1,75.2,,,32.0,0.2,2.0,2.5,0.6,100.0,0.1,9.1,Group 5,FOOD-DATA-GROUP5.csv
Pepper Hot Sauce,pepper hot sauce,1,75.2,,,1.0,0.0,0.0,0.0,0.1,100.0,0.1,4.2,Group 5,FOOD-DATA-GROUP5.csv
Tomato Chili Sauce,"tomato chili sauce, fresh raw vegetable, dietary fiber, folate, antioxidants",1,76.0,,,6.0,0.2,1.2,0.1,0.6,83.0,0.4,4.1,Group 5,FOOD-DATA-GROUP5.csv
Turkey Gravy Dry,"turkey gravy dry, fresh poultry meat, protein amino acids",1,80.0,,,26.0,0.7,4.6,0.5,0.0,300.0,0.0,16.3,Group 5,FOOD-DATA-GROUP5.csv
Salsa Sauce,salsa sauce,1,75.8,,,5.0,0.3,1.2,0.0,0.7,100.0,0.3,7.5,Group 5,FOOD-DATA-GROUP5.csv
Steak Sauce,steak sauce,1,75.8,,,16.0,0.2,3.7,0.0,1.7,300.0,0.3,8.8,Group 5,FOOD-DATA-GROUP5.csv
Molasses,molasses,1,75.9,,,58.0,0.0,14.9,0.1,14.9,7.0,0.0,56.8,Group 5,FOOD-DATA-GROUP5.csv
Italian Dressing Fat Free,italian dressing fat free,1,75.2,,,7.0,0.1,1.2,0.1,1.2,200.0,0.1,5.7,Group 5,FOOD-DATA-GROUP5.csv
Plum Sauce,plum sauce,1,80.2,,,35.0,0.2,8.1,0.2,0.0,100.0,0.1,11.2,Group 5,FOOD-DATA-GROUP5.csv
Chow Mein Stir Fry Master Foods,chow mein stir fry master foods,1,75.0,,,26.0,0.0,0.0,0.2,0.0,0.0,0.0,0.2,Group 5,FOOD-DATA-GROUP5.csv
Beef Gravy Instant,"beef gravy instant, fresh meat, essential amino acids, heme iron",4,45.8,,,25.0,0.7,4.1,0.6,1.6,300.0,0.3,15.6,Group 5,FOOD-DATA-GROUP5.csv
Horseradish,horseradish,1,75.5,,,2.0,0.0,0.6,0.1,0.4,39.0,0.2,1.1,Group 5,FOOD-DATA-GROUP5.csv
Grenadine,grenadine,1,80.0,,,54.0,0.0,13.4,0.0,9.3,38.0,0.0,14.6,Group 5,FOOD-DATA-GROUP5.csv
Tabasco Sauce,tabasco sauce,1,75.0,,,1.0,0.0,0.0,0.0,0.1,75.0,0.0,1.1,Group 5,FOOD-DATA-GROUP5.csv
Sweet Sour Sauce,sweet sour sauce,1,80.2,,,26.0,0.0,6.7,0.1,3.3,24.0,0.1,10.2,Group 5,FOOD-DATA-GROUP5.csv
Salsa Verde,salsa verde,1,75.8,,,6.0,0.2,1.0,0.1,0.5,34.0,0.3,4.8,Group 5,FOOD-DATA-GROUP5.csv
Miso,miso,1,78.2,Soy,,40.0,2.6,5.1,1.2,1.2,700.0,1.1,10.2,Group 5,FOOD-DATA-GROUP5.csv
Sprouted Soybean Cooked,sprouted soybean cooked,1,84.9,Soy,,76.0,8.0,6.1,4.2,0.4,200.0,0.8,83.6,Group 5,FOOD-DATA-GROUP5.csv
Soy Flour Roasted,"soy flour roasted, dietary fiber, high protein",1,98.0,"Gluten/Wheat, Soy",,375.0,29.6,28.6,18.6,6.5,83.0,8.2,249.7,Group 5,FOOD-DATA-GROUP5.csv
Soy Flour Low Fat,"soy flour low fat, dietary fiber, high protein",1,98.0,"Gluten/Wheat, Soy",,330.0,40.0,30.7,7.8,9.3,85.0,14.1,350.6,Group 5,FOOD-DATA-GROUP5.csv
Green Soybean Cooked,"green soybean cooked, dietary fiber",1,91.9,Soy,,127.0,11.1,9.9,5.8,0.0,200.0,3.8,30.8,Group 5,FOOD-DATA-GROUP5.csv
Azumaya Tofu Vitasoy,"azumaya tofu vitasoy, high protein",1,98.0,Soy,,316.0,32.8,9.1,16.6,1.6,30.0,2.4,777.0,Group 5,FOOD-DATA-GROUP5.csv
Soy Proteins Isolate,"soy proteins isolate, high protein",1,92.7,Soy,,96.0,22.8,2.1,1.0,0.0,300.0,1.6,82.0,Group 5,FOOD-DATA-GROUP5.csv
Tofu Yogurt,"tofu yogurt, cultured milk, live active probiotic cultures",1,83.3,"Milk/Dairy, Soy",,246.0,9.2,41.8,4.7,3.2,30.0,0.5,56.6,Group 5,FOOD-DATA-GROUP5.csv
Bacon Meatless,"bacon meatless, dietary fiber, high protein",3,58.3,,,446.0,15.4,9.1,42.5,0.0,2100.0,3.7,107.3,Group 5,FOOD-DATA-GROUP5.csv
Meatless Chicken Fried,"meatless chicken fried, fresh poultry meat, protein amino acids, dietary fiber, high protein",1,98.0,,,304.0,27.7,11.1,16.6,0.0,500.0,5.6,120.6,Group 5,FOOD-DATA-GROUP5.csv
Soymilk,soymilk,1,83.3,,,109.0,7.1,8.4,4.8,6.1,100.0,1.0,22.2,Group 5,FOOD-DATA-GROUP5.csv
Soy Vermicelli,"soy vermicelli, dietary fiber",1,80.3,Soy,,463.0,0.1,115.2,0.1,24.4,32.0,5.5,200.4,Group 5,FOOD-DATA-GROUP5.csv
Tofu Fried,tofu fried,1,76.2,Soy,,35.0,2.4,1.2,2.6,0.4,21.0,0.5,6.8,Group 5,FOOD-DATA-GROUP5.csv
Tempeh,"tempeh, high protein",1,98.0,Soy,,320.0,30.8,15.6,17.9,0.0,68.0,0.0,253.1,Group 5,FOOD-DATA-GROUP5.csv
Koyadofu,koyadofu,1,84.6,,,81.0,8.9,1.7,5.2,0.0,81.0,1.2,17.2,Group 5,FOOD-DATA-GROUP5.csv
Meatless Meatloaf,meatless meatloaf,1,89.2,,,110.0,11.8,4.5,5.0,0.7,300.0,2.6,41.3,Group 5,FOOD-DATA-GROUP5.csv
Soya Vanille Joghurt Alpro,soya vanille joghurt alpro,1,75.0,Soy,,21.0,0.3,1.0,0.6,0.1,0.0,0.0,1.9,Group 5,FOOD-DATA-GROUP5.csv
Soybean Curd Cheese,"soybean curd cheese, pasteurized milk, cheese cultures, salt, enzymes, high protein",3,83.2,"Milk/Dairy, Soy",,340.0,28.1,15.5,18.2,3.6,94.0,0.0,497.4,Group 5,FOOD-DATA-GROUP5.csv
Soy Sauce,soy sauce,1,67.8,Soy,,8.0,1.3,0.8,0.1,0.1,900.0,0.1,2.3,Group 5,FOOD-DATA-GROUP5.csv
Soybean Dry Roasted,"soybean dry roasted, dietary fiber, high protein",1,98.0,Soy,,419.0,36.8,30.4,20.1,0.0,77.0,7.5,233.0,Group 5,FOOD-DATA-GROUP5.csv
Soybean Oil,"soybean oil, soybean oil, pure extracted plant lipids",2,70.0,Soy,,120.0,0.0,0.0,13.6,0.0,0.0,0.0,13.7,Group 5,FOOD-DATA-GROUP5.csv
Meatless Chicken,"meatless chicken, fresh poultry meat, protein amino acids, dietary fiber, high protein",1,97.4,,,376.0,39.7,6.1,21.4,0.0,1200.0,6.0,137.5,Group 5,FOOD-DATA-GROUP5.csv
Soybean Cooked,"soybean cooked, dietary fiber, high protein",1,98.0,Soy,,296.0,28.6,17.1,15.4,5.2,75.0,10.3,72.5,Group 5,FOOD-DATA-GROUP5.csv
Soymilk Nonfat,soymilk nonfat,1,93.7,,,68.0,6.0,10.1,0.0,8.9,100.0,0.5,299.5,Group 5,FOOD-DATA-GROUP5.csv
Soy Flour,soy flour,1,76.2,"Gluten/Wheat, Soy",,23.0,1.8,1.8,1.1,0.4,23.0,0.5,5.5,Group 5,FOOD-DATA-GROUP5.csv
Soybean Lecithin Oil,"soybean lecithin oil, soybean lecithin oil, pure extracted plant lipids",2,70.0,Soy,,104.0,0.0,0.0,13.6,0.0,0.0,0.0,13.6,Group 5,FOOD-DATA-GROUP5.csv
Tofu Raw,"tofu raw, high protein",1,98.0,Soy,,188.0,20.0,4.7,11.9,0.0,60.0,0.7,918.8,Group 5,FOOD-DATA-GROUP5.csv
Soy Chips,soy chips,1,84.8,Soy,,109.0,7.5,15.0,2.1,0.5,200.0,1.0,75.5,Group 5,FOOD-DATA-GROUP5.csv
Green Soybean Raw,"green soybean raw, dietary fiber, high protein",1,98.0,Soy,,376.0,33.2,28.3,17.4,0.0,17.0,10.8,677.3,Group 5,FOOD-DATA-GROUP5.csv
Soy Proteins Concentrate,"soy proteins concentrate, high protein",1,93.3,Soy,,93.0,18.0,7.2,0.1,0.0,300.0,1.6,132.7,Group 5,FOOD-DATA-GROUP5.csv
Soybean Margarine,"soybean margarine, hydrogenated vegetable oil, water, salt, soy lecithin, mono and diglycerides",4,40.0,Soy,"E471 (Mono and diglycerides), E322 (Lecithin), E160a (Beta-carotene)",34.0,0.1,0.0,3.8,0.0,5.0,0.0,5.3,Group 5,FOOD-DATA-GROUP5.csv
Chocolate Soymilk Nonfat,chocolate soymilk nonfat,4,58.6,,,107.0,6.0,20.7,0.0,8.9,100.0,0.5,310.1,Group 5,FOOD-DATA-GROUP5.csv
Okara,okara,1,80.0,,,93.0,3.9,15.3,2.1,0.0,70.0,0.0,21.6,Group 5,FOOD-DATA-GROUP5.csv
Meatless Meatballs,"meatless meatballs, dietary fiber, high protein",1,98.0,,,284.0,30.2,11.5,13.0,1.8,800.0,6.6,100.4,Group 5,FOOD-DATA-GROUP5.csv
Vanilla Soymilk,vanilla soymilk,1,87.0,,,131.0,7.9,15.3,4.3,9.7,100.0,1.5,91.4,Group 5,FOOD-DATA-GROUP5.csv
Soy Meal Raw,"soy meal raw, high protein",1,98.0,Soy,,414.0,54.8,49.0,2.9,0.0,17.0,0.0,421.1,Group 5,FOOD-DATA-GROUP5.csv
Soymilk Low Fat,soymilk low fat,1,93.5,,,104.0,4.0,17.5,1.5,8.5,40.0,1.9,225.3,Group 5,FOOD-DATA-GROUP5.csv
Sprouted Soybean Raw,sprouted soybean raw,1,83.7,Soy,,85.0,9.2,6.7,4.7,0.0,5.0,0.8,21.8,Group 5,FOOD-DATA-GROUP5.csv
Soybean Raw,"soybean raw, dietary fiber, high protein",1,98.0,Soy,,830.0,67.9,56.1,37.1,13.6,23.0,17.3,734.0,Group 5,FOOD-DATA-GROUP5.csv
Tempeh Cooked,tempeh cooked,1,80.0,Soy,,55.0,5.1,2.6,3.2,0.0,84.0,0.0,38.7,Group 5,FOOD-DATA-GROUP5.csv
Vanilla Soymilk Light,vanilla soymilk light,1,96.3,,,83.0,6.4,9.4,2.1,1.0,200.0,1.5,319.4,Group 5,FOOD-DATA-GROUP5.csv
Chocolate Soymilk,chocolate soymilk,4,39.5,,,153.0,5.5,24.2,3.7,19.1,100.0,1.0,35.2,Group 5,FOOD-DATA-GROUP5.csv
Soy Oil,"soy oil, soy oil, pure extracted plant lipids",2,70.0,Soy,,120.0,0.0,0.0,13.6,0.0,0.0,0.0,13.6,Group 5,FOOD-DATA-GROUP5.csv
Natto,"natto, dietary fiber",1,94.4,,,169.0,14.2,11.5,8.8,3.9,26.0,4.3,39.4,Group 5,FOOD-DATA-GROUP5.csv
Chrysanthemum Raw,chrysanthemum raw,1,78.8,,,12.0,1.7,1.5,0.3,0.0,12.0,1.5,5.3,Group 5,FOOD-DATA-GROUP5.csv
Gourd Cooked,"gourd cooked, dietary fiber",1,93.0,,,100.0,1.2,25.5,0.6,9.2,65.0,5.2,32.9,Group 5,FOOD-DATA-GROUP5.csv
Cauliflower Raw,cauliflower raw,1,75.8,,,3.0,0.2,0.6,0.1,0.2,42.0,0.3,1.3,Group 5,FOOD-DATA-GROUP5.csv
Red Cabbage Raw,"red cabbage raw, fresh raw vegetable, dietary fiber, folate, antioxidants, dietary fiber",1,96.2,,,53.0,2.4,12.5,0.3,6.5,79.0,3.6,193.6,Group 5,FOOD-DATA-GROUP5.csv
Broccoli Raab Raw,broccoli raab raw,1,77.8,,,9.0,1.3,1.1,0.2,0.2,40.0,1.1,3.9,Group 5,FOOD-DATA-GROUP5.csv
Napa Cabbage Cooked,"napa cabbage cooked, fresh raw vegetable, dietary fiber, folate, antioxidants",1,80.0,,,13.0,1.2,2.4,0.2,0.0,12.0,0.0,39.7,Group 5,FOOD-DATA-GROUP5.csv
Kelp,kelp,1,75.0,,,2.0,0.1,0.5,0.1,0.1,19.0,0.0,9.3,Group 5,FOOD-DATA-GROUP5.csv
Shallots Raw,shallots raw,1,77.0,,,18.0,0.6,4.2,0.1,2.0,44.0,0.8,5.8,Group 5,FOOD-DATA-GROUP5.csv
Bamboo Shoots Raw,"bamboo shoots raw, fresh raw vegetable, dietary fiber, folate, antioxidants, dietary fiber",1,90.0,,,49.0,4.7,9.4,0.5,5.4,67.0,4.0,19.3,Group 5,FOOD-DATA-GROUP5.csv
Jute Cooked,jute cooked,1,93.1,,,32.0,3.2,6.3,0.2,0.9,43.0,1.7,226.4,Group 5,FOOD-DATA-GROUP5.csv
Red Lettuce,red lettuce,1,75.8,,,4.0,0.4,0.6,0.1,0.1,57.0,0.3,1.6,Group 5,FOOD-DATA-GROUP5.csv
Broccoli Cooked,"broccoli cooked, dietary fiber",1,95.7,,,98.0,6.7,20.1,1.1,3.9,100.0,9.2,38.3,Group 5,FOOD-DATA-GROUP5.csv
Romanesco Raw,romanesco raw,1,86.8,,,20.0,1.9,3.9,0.2,1.9,25.0,2.0,86.0,Group 5,FOOD-DATA-GROUP5.csv
Eggplant Raw,"eggplant raw, dietary fiber",1,91.8,,,115.0,4.5,26.9,0.8,16.2,28.0,13.7,98.3,Group 5,FOOD-DATA-GROUP5.csv
Leeks Raw,leeks raw,1,84.0,,,54.0,1.3,12.6,0.3,3.5,3.0,1.6,16.1,Group 5,FOOD-DATA-GROUP5.csv
Lemongrass Citronella,lemongrass citronella,1,75.0,,,5.0,0.0,1.2,0.1,0.0,24.0,0.0,4.9,Group 5,FOOD-DATA-GROUP5.csv
Pumpkin Cooked,pumpkin cooked,1,86.8,,,49.0,1.8,12.0,0.2,5.1,6.0,2.7,17.0,Group 5,FOOD-DATA-GROUP5.csv
Celery Cooked,celery cooked,1,81.5,,,7.0,0.3,1.5,0.1,0.9,93.0,0.6,20.8,Group 5,FOOD-DATA-GROUP5.csv
Serrano Pepper,serrano pepper,1,75.5,,,2.0,0.1,0.4,0.1,0.2,67.0,0.2,0.9,Group 5,FOOD-DATA-GROUP5.csv
Nopales Raw,nopales raw,1,90.0,,,14.0,1.1,2.9,0.1,1.0,76.0,1.9,155.5,Group 5,FOOD-DATA-GROUP5.csv
Sweet Potato Leaves Cooked,sweet potato leaves cooked,1,83.0,,,22.0,1.4,4.7,0.2,3.5,200.0,1.2,30.0,Group 5,FOOD-DATA-GROUP5.csv
Eggplant Cooked,eggplant cooked,1,86.2,,,33.0,0.8,8.1,0.2,3.2,200.0,2.5,19.0,Group 5,FOOD-DATA-GROUP5.csv
Asparagus Cooked,asparagus cooked,1,75.8,,,3.0,0.4,0.6,0.1,0.2,0.0,0.3,1.5,Group 5,FOOD-DATA-GROUP5.csv
Rutabaga Cooked,"rutabaga cooked, dietary fiber",1,93.8,,,72.0,2.2,16.4,0.4,9.5,49.0,4.3,112.0,Group 5,FOOD-DATA-GROUP5.csv
Parsnips Raw,"parsnips raw, dietary fiber",1,95.0,,,128.0,2.0,30.6,0.5,8.2,68.0,8.3,41.8,Group 5,FOOD-DATA-GROUP5.csv
Sour Pickles,sour pickles,4,24.8,,,17.0,0.5,3.5,0.3,1.6,1900.0,1.9,8.4,Group 5,FOOD-DATA-GROUP5.csv
Turnip Greens Cooked,"turnip greens cooked, fresh raw vegetable, dietary fiber, folate, antioxidants, dietary fiber",1,98.0,,,29.0,1.6,6.3,0.3,0.8,400.0,5.0,251.2,Group 5,FOOD-DATA-GROUP5.csv
Jerusalem Artichokes,jerusalem artichokes,1,82.7,,,110.0,3.0,26.2,0.0,14.4,11.0,2.4,63.7,Group 5,FOOD-DATA-GROUP5.csv
Collard Raw,collard raw,1,78.5,,,12.0,1.1,2.0,0.2,0.2,14.0,1.4,5.0,Group 5,FOOD-DATA-GROUP5.csv
Chrysanthemum Cooked,chrysanthemum cooked,1,80.8,,,20.0,1.6,4.3,0.0,2.0,42.0,2.3,8.6,Group 5,FOOD-DATA-GROUP5.csv
Oriental Radish Dried,"oriental radish dried, dietary fiber",4,37.7,,,314.0,9.2,73.5,0.8,43.3,300.0,27.7,848.6,Group 5,FOOD-DATA-GROUP5.csv
Tomatillos,tomatillos,1,86.2,,,42.0,1.3,7.7,1.3,5.2,19.0,2.5,38.2,Group 5,FOOD-DATA-GROUP5.csv
Taro Shoots Raw,"taro shoots raw, fresh raw vegetable, dietary fiber, folate, antioxidants",1,80.0,,,9.0,0.8,2.0,0.1,0.0,56.0,0.0,31.7,Group 5,FOOD-DATA-GROUP5.csv
Acorn Squash Raw,"acorn squash raw, dietary fiber",1,98.0,Tree Nuts,,172.0,3.4,44.9,0.4,0.0,17.0,6.5,247.8,Group 5,FOOD-DATA-GROUP5.csv
Leeks Dried,leeks dried,1,80.8,,,10.0,0.5,2.4,0.0,0.0,77.0,0.3,18.7,Group 5,FOOD-DATA-GROUP5.csv
Cabbage Raw,"cabbage raw, fresh raw vegetable, dietary fiber, folate, antioxidants, dietary fiber",1,95.0,,,70.0,3.6,16.2,0.3,9.0,6.0,7.0,27.6,Group 5,FOOD-DATA-GROUP5.csv
Sweet Red Peppers Cooked,sweet red peppers cooked,1,86.6,,,19.0,0.7,4.5,0.1,3.2,200.0,0.9,137.9,Group 5,FOOD-DATA-GROUP5.csv
Sweet Red Peppers Raw,"sweet red peppers raw, dietary fiber",1,96.0,,,46.0,1.5,9.0,0.4,6.3,92.0,3.1,215.3,Group 5,FOOD-DATA-GROUP5.csv
Cucumber Peeled,cucumber peeled,1,77.2,,,16.0,0.8,2.9,0.2,1.8,98.0,0.9,4.9,Group 5,FOOD-DATA-GROUP5.csv
Purslane Raw,purslane raw,1,80.0,,,9.0,0.9,1.5,0.2,0.0,66.0,0.0,40.5,Group 5,FOOD-DATA-GROUP5.csv
Peas Onions Cooked,"peas onions cooked, dietary fiber",1,89.2,,,81.0,4.6,15.5,0.4,6.8,500.0,4.0,63.8,Group 5,FOOD-DATA-GROUP5.csv
Tomato Cooked,"tomato cooked, fresh raw vegetable, dietary fiber, folate, antioxidants",1,77.2,,,22.0,1.2,4.9,0.1,3.1,29.0,0.9,7.4,Group 5,FOOD-DATA-GROUP5.csv
Taro Shoots Cooked,"taro shoots cooked, fresh raw vegetable, dietary fiber, folate, antioxidants",1,80.1,,,20.0,1.0,4.5,0.1,0.0,300.0,0.0,52.3,Group 5,FOOD-DATA-GROUP5.csv
Scots Kale Raw,scots kale raw,1,92.0,,,28.0,1.9,5.6,0.4,0.0,59.0,1.1,235.5,Group 5,FOOD-DATA-GROUP5.csv
Artichoke Raw,"artichoke raw, dietary fiber",1,95.0,,,60.0,4.2,13.5,0.2,1.3,100.0,6.9,25.3,Group 5,FOOD-DATA-GROUP5.csv
Navy Bean Sprouts Raw,navy bean sprouts raw,1,81.0,,,70.0,6.4,13.6,0.7,0.0,63.0,0.0,57.9,Group 5,FOOD-DATA-GROUP5.csv
Sweet Pickles,sweet pickles,1,66.5,,,146.0,0.9,33.8,0.7,29.2,700.0,1.6,136.1,Group 5,FOOD-DATA-GROUP5.csv
Oriental Radish Cooked,oriental radish cooked,1,86.3,,,25.0,1.0,5.0,0.4,2.7,400.0,2.4,56.2,Group 5,FOOD-DATA-GROUP5.csv
Sweet Potato Leaves Raw,sweet potato leaves raw,1,84.8,,,15.0,0.9,3.1,0.2,0.0,73.0,1.9,37.6,Group 5,FOOD-DATA-GROUP5.csv
Irishmoss,irishmoss,1,75.2,,,2.0,0.0,0.6,0.0,0.1,84.0,0.1,5.0,Group 5,FOOD-DATA-GROUP5.csv
Drumstick Leaves Cooked,drumstick leaves cooked,3,65.8,,,25.0,2.2,4.7,0.4,0.4,100.0,0.8,85.5,Group 5,FOOD-DATA-GROUP5.csv
Winter Squash Raw,winter squash raw,1,84.8,,,39.0,1.1,10.0,0.2,2.6,27.0,1.7,60.5,Group 5,FOOD-DATA-GROUP5.csv
Pumpkin Raw,pumpkin raw,1,81.5,,,30.0,1.2,7.5,0.1,3.2,62.0,0.6,45.1,Group 5,FOOD-DATA-GROUP5.csv
Chicory Greens,"chicory greens, fresh raw vegetable, dietary fiber, folate, antioxidants",1,78.0,,,7.0,0.5,1.4,0.1,0.2,17.0,1.2,3.3,Group 5,FOOD-DATA-GROUP5.csv
Spinach Cooked,"spinach cooked, fresh raw vegetable, dietary fiber, folate, antioxidants, dietary fiber",1,90.9,,,41.0,5.3,6.8,0.5,0.8,100.0,4.3,18.5,Group 5,FOOD-DATA-GROUP5.csv
Radish Pickled,"radish pickled, dietary fiber",3,58.5,,,42.0,1.7,7.8,0.5,3.0,1200.0,3.3,55.6,Group 5,FOOD-DATA-GROUP5.csv
Sweet Onion,sweet onion,1,81.6,,,106.0,2.6,25.0,0.3,16.6,63.0,3.0,31.6,Group 5,FOOD-DATA-GROUP5.csv
Salsify Cooked,"salsify cooked, dietary fiber",1,93.0,,,92.0,3.7,20.7,0.2,3.9,28.0,4.2,99.2,Group 5,FOOD-DATA-GROUP5.csv
Radish Seeds Sprouted,radish seeds sprouted,1,80.0,,,16.0,1.4,1.4,1.0,0.0,67.0,0.0,34.5,Group 5,FOOD-DATA-GROUP5.csv
Turnips Raw,"turnips raw, dietary fiber",1,88.2,,,51.0,1.6,11.8,0.2,7.0,100.0,3.3,17.4,Group 5,FOOD-DATA-GROUP5.csv
Burdock Root Raw,"burdock root raw, dietary fiber",1,91.2,,,85.0,1.8,20.5,0.2,3.4,8.0,3.9,79.2,Group 5,FOOD-DATA-GROUP5.csv
Red Cabbage Cooked,"red cabbage cooked, fresh raw vegetable, dietary fiber, folate, antioxidants, dietary fiber",1,91.0,,,49.0,2.6,11.8,0.2,5.6,47.0,4.4,19.5,Group 5,FOOD-DATA-GROUP5.csv
Jute Raw,jute raw,1,75.0,,,10.0,1.3,1.6,0.0,0.0,42.0,0.0,3.2,Group 5,FOOD-DATA-GROUP5.csv
Hot Chile Pepper Dried,hot chile pepper dried,1,75.2,,,2.0,0.1,0.3,0.1,0.2,41.0,0.1,1.1,Group 5,FOOD-DATA-GROUP5.csv
Salsify Raw,"salsify raw, dietary fiber",1,91.0,,,109.0,4.4,24.7,0.3,0.0,93.0,4.4,34.3,Group 5,FOOD-DATA-GROUP5.csv
Crookneck Squash Raw,crookneck squash raw,1,83.7,,,24.0,1.3,4.9,0.3,4.5,47.0,1.3,59.6,Group 5,FOOD-DATA-GROUP5.csv
Indian Squash Cooked,"indian squash cooked, dietary fiber",1,88.8,,,38.0,0.7,7.6,0.4,4.7,0.0,3.5,12.2,Group 5,FOOD-DATA-GROUP5.csv
Poi,poi,1,83.4,,,269.0,0.9,65.4,0.3,0.9,91.0,1.0,68.8,Group 5,FOOD-DATA-GROUP5.csv
Sesbania Flower Cooked,sesbania flower cooked,1,80.9,,,22.0,1.2,5.3,0.0,0.0,300.0,0.0,68.5,Group 5,FOOD-DATA-GROUP5.csv
Acorn Squash Cooked,"acorn squash cooked, dietary fiber",1,98.0,Tree Nuts,,115.0,2.3,29.9,0.3,0.0,500.0,9.0,155.7,Group 5,FOOD-DATA-GROUP5.csv
Cauliflower Cooked,cauliflower cooked,1,87.2,,,29.0,2.3,5.1,0.6,2.6,94.0,2.9,11.3,Group 5,FOOD-DATA-GROUP5.csv
Crookneck Squash Cooked,crookneck squash cooked,1,86.1,,,34.0,1.9,6.8,0.7,4.5,400.0,2.0,72.6,Group 5,FOOD-DATA-GROUP5.csv
Laver Seaweed,laver seaweed,1,75.2,,,1.0,0.2,0.1,0.0,0.1,75.0,0.1,3.2,Group 5,FOOD-DATA-GROUP5.csv
Mountain Yam Cooked,mountain yam cooked,1,80.0,,,119.0,2.5,29.0,0.1,0.0,400.0,0.0,43.8,Group 5,FOOD-DATA-GROUP5.csv
Pumpkin Flowers Raw,pumpkin flowers raw,1,80.0,,,5.0,0.3,1.1,0.1,0.0,66.0,0.0,23.7,Group 5,FOOD-DATA-GROUP5.csv
Mustard Greens Raw,"mustard greens raw, fresh raw vegetable, dietary fiber, folate, antioxidants",1,87.5,,,15.0,1.6,2.6,0.2,0.7,4.0,1.8,110.7,Group 5,FOOD-DATA-GROUP5.csv
Arrowhead,arrowhead,1,75.0,,,12.0,0.6,2.4,0.1,0.0,82.0,0.0,4.7,Group 5,FOOD-DATA-GROUP5.csv
Japanese Cabbage,"japanese cabbage, fresh raw vegetable, dietary fiber, folate, antioxidants, dietary fiber",1,93.7,,,45.0,2.4,8.5,0.2,2.0,400.0,4.7,89.6,Group 5,FOOD-DATA-GROUP5.csv
Mung Bean Sprouts Cooked,mung bean sprouts cooked,1,82.5,,,24.0,2.5,4.5,0.1,3.5,300.0,1.0,37.9,Group 5,FOOD-DATA-GROUP5.csv
Scallop Squash Cooked,"scallop squash cooked, dietary fiber",1,88.9,Shellfish,,29.0,1.9,5.9,0.3,2.7,400.0,3.4,58.5,Group 5,FOOD-DATA-GROUP5.csv
Pumpkin Leaves Cooked,pumpkin leaves cooked,1,84.8,,,15.0,1.9,2.4,0.2,0.5,200.0,1.9,39.9,Group 5,FOOD-DATA-GROUP5.csv
Hungarian Pepper,hungarian pepper,1,80.8,,,8.0,0.2,1.8,0.1,1.0,28.0,0.3,30.8,Group 5,FOOD-DATA-GROUP5.csv
Sweet Potato Baked,"sweet potato baked, dietary fiber",1,91.8,,,103.0,2.3,23.6,0.2,7.4,70.0,3.8,96.3,Group 5,FOOD-DATA-GROUP5.csv
Chinese Cabbage Pe Tsai Raw,"chinese cabbage pe tsai raw, fresh raw vegetable, dietary fiber, folate, antioxidants",1,83.9,,,12.0,0.9,2.5,0.2,1.1,49.0,0.9,83.7,Group 5,FOOD-DATA-GROUP5.csv
Taro Raw,"taro raw, dietary fiber",1,92.4,,,116.0,1.6,27.5,0.2,0.4,54.0,4.3,83.6,Group 5,FOOD-DATA-GROUP5.csv
Yam Bean Jicama,"yam bean jicama, dietary fiber",1,95.6,,,49.0,0.9,11.5,0.1,2.3,47.0,6.4,61.6,Group 5,FOOD-DATA-GROUP5.csv
Olives,olives,1,75.2,,,10.0,0.1,0.5,0.9,0.0,1.0,0.1,9.5,Group 5,FOOD-DATA-GROUP5.csv
Mustard Greens Cooked,"mustard greens cooked, fresh raw vegetable, dietary fiber, folate, antioxidants",1,95.3,,,36.0,3.6,6.3,0.7,2.0,400.0,2.8,215.2,Group 5,FOOD-DATA-GROUP5.csv
Pumpkin Flowers Cooked,pumpkin flowers cooked,1,83.7,,,20.0,1.5,4.4,0.1,3.2,82.0,1.2,64.7,Group 5,FOOD-DATA-GROUP5.csv
Tree Fern Cooked,"tree fern cooked, dietary fiber",1,94.5,,,57.0,0.4,15.3,0.1,0.0,300.0,5.3,75.3,Group 5,FOOD-DATA-GROUP5.csv
Yellow Corn Raw,"yellow corn raw, dietary fiber, high protein",1,98.0,,,606.0,15.6,123.3,7.9,1.1,60.0,12.1,175.0,Group 5,FOOD-DATA-GROUP5.csv
Endive,endive,1,84.0,,,9.0,0.6,1.7,0.1,0.1,80.0,1.6,33.7,Group 5,FOOD-DATA-GROUP5.csv
Wakame,wakame,1,80.7,,,36.0,2.4,7.3,0.5,0.5,700.0,0.4,134.7,Group 5,FOOD-DATA-GROUP5.csv
Tahitian Taro Raw,tahitian taro raw,1,92.0,,,55.0,3.5,8.6,1.2,0.0,3.0,0.0,296.2,Group 5,FOOD-DATA-GROUP5.csv
Broccoli Raw,broccoli raw,1,86.0,,,31.0,2.6,6.0,0.3,1.5,49.0,2.4,11.5,Group 5,FOOD-DATA-GROUP5.csv
Sweet Green Peppers Raw,sweet green peppers raw,1,91.1,,,30.0,1.3,6.9,0.3,3.6,23.0,2.5,146.2,Group 5,FOOD-DATA-GROUP5.csv
Chinese Cabbage Pak Choi Cooked,"chinese cabbage pak choi cooked, fresh raw vegetable, dietary fiber, folate, antioxidants",1,90.8,,,20.0,2.7,3.0,0.3,1.4,500.0,1.7,211.8,Group 5,FOOD-DATA-GROUP5.csv
Agar,agar,1,75.1,,,1.0,0.1,0.3,0.1,0.0,49.0,0.0,0.6,Group 5,FOOD-DATA-GROUP5.csv
Watercress,watercress,1,75.5,,,4.0,0.8,0.4,0.0,0.1,38.0,0.2,1.6,Group 5,FOOD-DATA-GROUP5.csv
Beet Greens Cooked,"beet greens cooked, fresh raw vegetable, dietary fiber, folate, antioxidants, dietary fiber",1,98.0,,,39.0,3.7,7.9,0.3,0.9,300.0,4.2,218.9,Group 5,FOOD-DATA-GROUP5.csv
Winter Squash Cooked,"winter squash cooked, dietary fiber",1,95.5,,,76.0,1.8,18.1,0.7,6.8,68.0,5.7,76.0,Group 5,FOOD-DATA-GROUP5.csv
New Zealand Spinach Raw,"new zealand spinach raw, fresh raw vegetable, dietary fiber, folate, antioxidants",1,82.1,,,8.0,0.8,1.4,0.1,0.2,17.0,0.8,52.8,Group 5,FOOD-DATA-GROUP5.csv
Okra,okra,1,81.0,,,4.0,0.2,0.9,0.1,0.2,98.0,0.4,14.1,Group 5,FOOD-DATA-GROUP5.csv
Yautia Tannier,yautia tannier,1,85.3,,,132.0,2.0,31.9,0.5,0.0,31.0,2.0,56.9,Group 5,FOOD-DATA-GROUP5.csv
Mustard Spinach Cooked,"mustard spinach cooked, fresh raw vegetable, dietary fiber, folate, antioxidants, dietary fiber",1,98.0,,,29.0,3.1,5.0,0.4,0.0,500.0,3.6,414.9,Group 5,FOOD-DATA-GROUP5.csv
Rhubarb Cooked,"rhubarb cooked, dietary fiber",4,30.5,,,278.0,0.9,74.9,0.1,68.9,7.0,4.8,80.9,Group 5,FOOD-DATA-GROUP5.csv
Beets Raw,"beets raw, dietary fiber",1,89.5,,,58.0,2.2,13.0,0.2,9.2,100.0,3.8,19.4,Group 5,FOOD-DATA-GROUP5.csv
Drumstick Pods Raw,"drumstick pods raw, dietary fiber",3,76.8,,,37.0,2.1,8.5,0.2,0.0,77.0,3.2,185.4,Group 5,FOOD-DATA-GROUP5.csv
Baby Zucchini,baby zucchini,1,75.2,,,2.0,0.3,0.3,0.1,0.0,41.0,0.1,6.9,Group 5,FOOD-DATA-GROUP5.csv
Onion Raw,onion raw,1,76.8,,,16.0,0.4,3.7,0.0,1.7,65.0,0.7,5.0,Group 5,FOOD-DATA-GROUP5.csv
Romanesco Cooked,"romanesco cooked, dietary fiber",1,94.7,,,39.0,3.7,7.7,0.4,0.0,300.0,4.0,144.3,Group 5,FOOD-DATA-GROUP5.csv
Butternut Squash Raw,"butternut squash raw, pasteurized cream, natural milk fat, dietary fiber",2,80.0,,,90.0,2.0,23.4,0.2,4.4,67.0,4.0,30.1,Group 5,FOOD-DATA-GROUP5.csv
Amaranth Leaves,amaranth leaves,1,81.2,,,6.0,0.7,1.1,0.1,0.0,71.0,0.0,74.7,Group 5,FOOD-DATA-GROUP5.csv
Turnip Greens Raw,"turnip greens raw, fresh raw vegetable, dietary fiber, folate, antioxidants",1,89.2,,,18.0,0.8,3.9,0.2,0.4,12.0,1.8,144.8,Group 5,FOOD-DATA-GROUP5.csv
Spaghetti Squash Raw,spaghetti squash raw,1,83.8,Gluten/Wheat,,31.0,0.6,7.0,0.6,2.8,81.0,1.5,35.3,Group 5,FOOD-DATA-GROUP5.csv
Seaweed Dry,"seaweed dry, dietary fiber",1,89.9,,,52.0,3.1,9.2,0.3,0.0,900.0,7.3,98.8,Group 5,FOOD-DATA-GROUP5.csv
Yam Cooked,"yam cooked, dietary fiber",1,93.2,,,158.0,2.0,37.4,0.2,0.7,17.0,5.3,45.5,Group 5,FOOD-DATA-GROUP5.csv
Corn Dried,"corn dried, dietary fiber",1,94.5,,,119.0,4.1,18.8,3.0,6.0,29.0,5.8,39.5,Group 5,FOOD-DATA-GROUP5.csv
Cucumber,cucumber,1,82.0,,,23.0,1.0,5.4,0.2,2.5,61.0,0.8,36.0,Group 5,FOOD-DATA-GROUP5.csv
Arrowroot,arrowroot,1,84.0,,,78.0,5.1,16.1,0.2,0.0,52.0,1.6,35.2,Group 5,FOOD-DATA-GROUP5.csv
Cardoon Raw,cardoon raw,1,87.0,,,30.0,1.2,7.2,0.2,0.0,300.0,2.8,12.0,Group 5,FOOD-DATA-GROUP5.csv
Bamboo Shoots Cooked,"bamboo shoots cooked, fresh raw vegetable, dietary fiber, folate, antioxidants",1,78.0,,,14.0,1.8,2.3,0.3,0.0,40.0,1.2,5.8,Group 5,FOOD-DATA-GROUP5.csv
Summer Squash Raw,summer squash raw,1,87.2,,,42.0,3.1,8.7,0.5,5.7,51.0,2.9,16.0,Group 5,FOOD-DATA-GROUP5.csv
Sweet Potato Raw,"sweet potato raw, dietary fiber",1,89.8,,,112.0,2.0,26.2,0.0,5.4,79.0,3.9,32.7,Group 5,FOOD-DATA-GROUP5.csv
Green Tomato,"green tomato, fresh raw vegetable, dietary fiber, folate, antioxidants",1,86.6,,,42.0,2.2,9.3,0.4,7.3,55.0,2.0,81.1,Group 5,FOOD-DATA-GROUP5.csv
Beet Greens Raw,"beet greens raw, fresh raw vegetable, dietary fiber, folate, antioxidants",1,84.0,,,8.0,0.8,1.6,0.1,0.2,13.0,1.4,60.8,Group 5,FOOD-DATA-GROUP5.csv
Savoy Cabbage Cooked,"savoy cabbage cooked, fresh raw vegetable, dietary fiber, folate, antioxidants, dietary fiber",1,92.0,,,41.0,3.1,9.2,0.2,0.0,50.0,4.8,17.6,Group 5,FOOD-DATA-GROUP5.csv
Witloof Chicory,witloof chicory,1,84.0,,,9.0,0.5,2.1,0.0,0.0,22.0,1.6,16.0,Group 5,FOOD-DATA-GROUP5.csv
Turnips Cooked,"turnips cooked, dietary fiber",1,87.8,,,34.0,1.1,7.9,0.1,4.7,17.0,3.1,12.4,Group 5,FOOD-DATA-GROUP5.csv
Dried Tomatoes,"dried tomatoes, fresh raw vegetable, dietary fiber, folate, antioxidants",1,75.5,,,5.0,0.3,1.1,0.1,0.8,69.0,0.2,4.8,Group 5,FOOD-DATA-GROUP5.csv
Radicchio,radicchio,1,81.5,,,15.0,0.9,2.9,0.2,0.4,33.0,0.6,22.6,Group 5,FOOD-DATA-GROUP5.csv
Mixed Vegetables Cooked,"mixed vegetables cooked, dietary fiber",1,95.1,,,118.0,5.2,23.8,0.3,5.7,89.0,8.0,37.7,Group 5,FOOD-DATA-GROUP5.csv
Yellow Tomato,"yellow tomato, fresh raw vegetable, dietary fiber, folate, antioxidants",1,83.8,,,32.0,2.1,6.3,0.6,0.0,88.0,1.5,10.8,Group 5,FOOD-DATA-GROUP5.csv
Cardoon Cooked,cardoon cooked,1,87.4,,,26.0,0.9,6.4,0.1,0.0,200.0,2.0,98.7,Group 5,FOOD-DATA-GROUP5.csv
Spinach Raw,"spinach raw, fresh raw vegetable, dietary fiber, folate, antioxidants",1,81.8,,,7.0,0.9,1.1,0.1,0.1,36.0,0.7,41.7,Group 5,FOOD-DATA-GROUP5.csv
Kale Raw,kale raw,1,83.5,,,7.0,0.6,0.9,0.3,0.2,45.0,0.9,76.0,Group 5,FOOD-DATA-GROUP5.csv
Drumstick Pods Cooked,"drumstick pods cooked, dietary fiber",3,79.8,,,42.0,2.5,9.7,0.2,0.0,300.0,5.0,156.0,Group 5,FOOD-DATA-GROUP5.csv
Kohlrabi Raw,"kohlrabi raw, dietary fiber",1,95.0,,,72.0,4.5,16.4,0.3,6.9,63.0,9.5,31.5,Group 5,FOOD-DATA-GROUP5.csv
Lentil Sprouts,lentil sprouts,1,81.2,,,82.0,6.9,17.0,0.4,0.0,44.0,0.0,58.8,Group 5,FOOD-DATA-GROUP5.csv
Carrots Raw,carrots raw,1,79.2,,,25.0,0.6,5.8,0.1,2.9,24.0,1.7,8.4,Group 5,FOOD-DATA-GROUP5.csv
Red Chili Peppers,red chili peppers,1,83.1,,,18.0,0.8,4.0,0.2,2.4,30.0,0.7,77.2,Group 5,FOOD-DATA-GROUP5.csv
Fennel,"fennel, dietary fiber",1,95.0,,,73.0,2.9,17.1,0.5,0.0,100.0,7.3,28.2,Group 5,FOOD-DATA-GROUP5.csv
Sweet Corn White,sweet corn white,1,85.0,,,63.0,2.4,13.9,0.9,2.4,16.0,2.0,19.4,Group 5,FOOD-DATA-GROUP5.csv
Celeriac Raw,celeriac raw,1,87.0,,,66.0,2.3,14.4,0.5,2.5,200.0,2.8,20.5,Group 5,FOOD-DATA-GROUP5.csv
Hubbard Squash Raw,"hubbard squash raw, dietary fiber",1,91.2,,,46.0,2.3,10.1,0.6,4.6,94.0,4.5,17.8,Group 5,FOOD-DATA-GROUP5.csv
Brussels Sprouts Cooked,brussels sprouts cooked,1,81.2,,,8.0,0.5,1.5,0.1,0.4,51.0,0.5,23.5,Group 5,FOOD-DATA-GROUP5.csv
Carrots Cooked,carrots cooked,1,83.5,,,16.0,0.3,3.8,0.1,1.6,25.0,1.4,21.2,Group 5,FOOD-DATA-GROUP5.csv
Lambs Quarters Raw,"lambs quarters raw, fresh meat, essential amino acids, heme iron",1,75.1,,,0.0,0.1,0.1,0.1,0.0,33.0,0.0,3.7,Group 5,FOOD-DATA-GROUP5.csv
Lotus Root Cooked,lotus root cooked,1,75.8,,,6.0,0.1,1.4,0.1,0.0,0.0,0.3,6.6,Group 5,FOOD-DATA-GROUP5.csv
Split Peas Raw,"split peas raw, dietary fiber, high protein",1,98.0,,,672.0,48.4,118.9,2.3,15.8,75.0,50.2,340.4,Group 5,FOOD-DATA-GROUP5.csv
Scots Kale Cooked,scots kale cooked,1,90.2,,,36.0,2.5,7.3,0.5,0.0,400.0,0.0,253.0,Group 5,FOOD-DATA-GROUP5.csv
Corn Cooked,corn cooked,1,86.2,,,99.0,3.5,21.6,1.5,4.7,39.0,2.5,29.3,Group 5,FOOD-DATA-GROUP5.csv
Radish Raw,radish raw,1,75.0,,,1.0,0.0,0.2,0.0,0.1,33.0,0.0,0.6,Group 5,FOOD-DATA-GROUP5.csv
Stinging Nettles,"stinging nettles, dietary fiber",1,98.0,,,37.0,2.4,6.7,0.0,0.2,90.0,6.1,444.8,Group 5,FOOD-DATA-GROUP5.csv
Baby Carrots,baby carrots,1,76.0,,,5.0,0.0,1.2,0.1,0.7,97.0,0.4,7.0,Group 5,FOOD-DATA-GROUP5.csv
Sweet Yellow Peppers,sweet yellow peppers,1,96.2,,,50.0,1.9,11.8,0.4,0.0,17.0,1.7,378.5,Group 5,FOOD-DATA-GROUP5.csv
Taro Leaves Raw,taro leaves raw,1,82.5,,,12.0,1.4,1.9,0.2,0.8,83.0,1.0,49.7,Group 5,FOOD-DATA-GROUP5.csv
Corn Raw,corn raw,1,87.2,,,123.0,4.7,26.7,1.9,9.0,83.0,2.9,36.3,Group 5,FOOD-DATA-GROUP5.csv
Roselle,roselle,1,84.4,,,28.0,0.5,6.4,0.4,0.0,79.0,0.0,137.5,Group 5,FOOD-DATA-GROUP5.csv
Drumstick Leaves Raw,drumstick leaves raw,3,63.2,,,13.0,2.0,1.7,0.3,0.0,71.0,0.4,55.0,Group 5,FOOD-DATA-GROUP5.csv
Scallop Squash Raw,scallop squash raw,1,84.4,Shellfish,,23.0,1.6,5.0,0.3,3.1,75.0,1.6,57.1,Group 5,FOOD-DATA-GROUP5.csv
Chicory Roots,chicory roots,1,83.5,,,65.0,1.3,15.8,0.2,7.9,55.0,1.4,19.0,Group 5,FOOD-DATA-GROUP5.csv
Brussels Sprouts Raw,brussels sprouts raw,1,81.8,,,8.0,0.6,1.7,0.1,0.4,49.0,0.7,27.6,Group 5,FOOD-DATA-GROUP5.csv
Kale Cooked,"kale cooked, dietary fiber",1,91.8,,,42.0,3.5,6.3,1.4,1.4,18.0,4.7,16.7,Group 5,FOOD-DATA-GROUP5.csv
Pupusas Con Frijoles,"pupusas con frijoles, dietary fiber",1,98.0,,,289.0,7.0,39.7,11.4,1.6,400.0,7.3,131.5,Group 5,FOOD-DATA-GROUP5.csv
Mustard Cabbage,"mustard cabbage, fresh raw vegetable, dietary fiber, folate, antioxidants, dietary fiber",1,82.5,,,36.0,1.4,7.2,0.1,1.8,900.0,4.0,13.3,Group 5,FOOD-DATA-GROUP5.csv
Gourd Raw,gourd raw,1,77.5,,,19.0,1.1,4.1,0.2,1.9,30.0,1.0,6.6,Group 5,FOOD-DATA-GROUP5.csv
Butternut Squash Cooked,"butternut squash cooked, pasteurized cream, natural milk fat, dietary fiber",2,89.6,,,80.0,1.8,21.0,0.2,3.9,2.0,6.4,142.8,Group 5,FOOD-DATA-GROUP5.csv
Burdock Root Cooked,burdock root cooked,1,91.4,,,146.0,3.5,35.1,0.2,5.9,400.0,3.0,128.7,Group 5,FOOD-DATA-GROUP5.csv
Cassava,"cassava, dietary fiber",1,91.0,,,330.0,2.8,78.4,0.6,3.5,99.0,3.7,86.0,Group 5,FOOD-DATA-GROUP5.csv
Peas Carrots Cooked,"peas carrots cooked, dietary fiber",1,92.4,,,77.0,4.9,16.2,0.7,7.0,500.0,5.0,78.1,Group 5,FOOD-DATA-GROUP5.csv
Romaine Lettuce,romaine lettuce,1,82.5,,,8.0,0.6,1.5,0.1,0.6,83.0,1.0,21.1,Group 5,FOOD-DATA-GROUP5.csv
Yam Raw,"yam raw, dietary fiber",1,95.1,,,177.0,2.3,41.8,0.3,0.8,17.0,6.2,51.4,Group 5,FOOD-DATA-GROUP5.csv
Chowchow Pickles,"chowchow pickles, dietary fiber",4,17.7,,,296.0,3.7,65.3,2.2,58.5,1300.0,3.7,149.4,Group 5,FOOD-DATA-GROUP5.csv
Prairie Turnips Raw,prairie turnips raw,1,82.5,,,20.0,0.3,4.5,0.0,0.1,59.0,1.0,23.3,Group 5,FOOD-DATA-GROUP5.csv
Savoy Cabbage Raw,"savoy cabbage raw, fresh raw vegetable, dietary fiber, folate, antioxidants",1,80.5,,,19.0,1.4,4.3,0.0,1.6,7.0,2.2,8.2,Group 5,FOOD-DATA-GROUP5.csv
Celery Raw,celery raw,1,76.5,,,6.0,0.3,1.2,0.0,0.5,19.0,0.6,2.2,Group 5,FOOD-DATA-GROUP5.csv
Celeriac Cooked,celeriac cooked,1,80.4,,,42.0,1.5,9.1,0.3,0.0,84.0,0.0,57.5,Group 5,FOOD-DATA-GROUP5.csv
Mustard Spinach Raw,"mustard spinach raw, fresh raw vegetable, dietary fiber, folate, antioxidants, dietary fiber",1,98.0,,,33.0,3.3,5.9,0.5,0.0,25.0,4.2,526.2,Group 5,FOOD-DATA-GROUP5.csv
Zucchini Raw,zucchini raw,1,86.5,,,44.0,3.1,8.1,0.8,6.5,23.0,2.6,15.2,Group 5,FOOD-DATA-GROUP5.csv
Okra Cooked,"okra cooked, dietary fiber",1,95.7,,,35.0,3.0,7.2,0.3,3.8,400.0,4.0,164.2,Group 5,FOOD-DATA-GROUP5.csv
White Icicle Radish,white icicle radish,1,84.1,,,14.0,1.1,2.6,0.1,0.0,49.0,1.4,62.0,Group 5,FOOD-DATA-GROUP5.csv
Orange Tomato,"orange tomato, fresh raw fruit, natural fruit sugars, plant dietary fiber, vitamin c",1,77.5,,,18.0,1.3,3.5,0.2,0.0,1.0,1.0,6.1,Group 5,FOOD-DATA-GROUP5.csv
Pumpkin Leaves Raw,pumpkin leaves raw,1,80.0,,,7.0,1.2,0.9,0.2,0.0,57.0,0.0,22.7,Group 5,FOOD-DATA-GROUP5.csv
Spaghetti Squash Cooked,spaghetti squash cooked,1,85.6,Gluten/Wheat,,42.0,1.0,10.0,0.4,3.9,400.0,2.2,52.1,Group 5,FOOD-DATA-GROUP5.csv
White Corn Cooked,white corn cooked,1,87.0,,,100.0,3.4,22.4,1.5,8.0,82.0,2.8,30.3,Group 5,FOOD-DATA-GROUP5.csv
Artichoke Cooked,"artichoke cooked, dietary fiber",1,95.0,,,64.0,3.5,14.3,0.4,1.2,87.0,10.3,28.8,Group 5,FOOD-DATA-GROUP5.csv
Avocado,"avocado, dietary fiber",1,97.0,,,432.0,5.4,23.0,39.6,1.8,45.0,18.1,87.3,Group 5,FOOD-DATA-GROUP5.csv
String Beans Wellsley Farms,string beans wellsley farms,1,75.2,,,8.0,0.3,1.7,0.0,0.3,0.0,0.1,2.1,Group 5,FOOD-DATA-GROUP5.csv
Lambs Quarters Cooked,"lambs quarters cooked, fresh meat, essential amino acids, heme iron, dietary fiber",1,98.0,,,58.0,5.8,9.0,1.3,1.1,500.0,3.8,552.2,Group 5,FOOD-DATA-GROUP5.csv
Peas Cooked,"peas cooked, dietary fiber",1,96.4,,,134.0,8.6,25.0,0.4,9.5,74.0,8.8,43.5,Group 5,FOOD-DATA-GROUP5.csv
Beets Cooked,beets cooked,1,77.5,,,22.0,0.8,5.0,0.1,4.0,35.0,1.0,7.0,Group 5,FOOD-DATA-GROUP5.csv
Shallots Dried,shallots dried,1,75.2,,,3.0,0.1,0.7,0.0,0.3,59.0,0.1,1.1,Group 5,FOOD-DATA-GROUP5.csv
Green Lettuce,green lettuce,1,80.0,,,23.0,2.0,4.3,0.2,1.2,50.0,2.0,8.8,Group 5,FOOD-DATA-GROUP5.csv
Kohlrabi Cooked,kohlrabi cooked,1,84.5,,,48.0,3.0,11.0,0.2,4.6,35.0,1.8,16.5,Group 5,FOOD-DATA-GROUP5.csv
Kanpyo Dried,"kanpyo dried, dietary fiber",1,93.2,,,139.0,4.6,35.1,0.3,0.0,56.0,5.3,45.8,Group 5,FOOD-DATA-GROUP5.csv
Prairie Turnips Boiled,"prairie turnips boiled, prairie turnips boiled, pure extracted plant lipids",1,82.5,,,18.0,0.2,4.2,0.1,0.7,12.0,1.0,20.3,Group 5,FOOD-DATA-GROUP5.csv
Broccoli Raab Cooked,broccoli raab cooked,1,81.0,,,21.0,3.3,2.7,0.4,0.5,77.0,2.4,9.3,Group 5,FOOD-DATA-GROUP5.csv
Summer Squash Cooked,summer squash cooked,1,87.2,,,49.0,2.7,9.9,1.0,6.4,36.0,2.9,17.1,Group 5,FOOD-DATA-GROUP5.csv
Taro Cooked,"taro cooked, dietary fiber",1,95.2,,,187.0,0.7,45.7,0.1,0.6,55.0,6.7,54.0,Group 5,FOOD-DATA-GROUP5.csv
Spring Onion Scallions,spring onion scallions,1,76.2,,,6.0,0.4,1.5,0.1,0.5,48.0,0.5,2.6,Group 5,FOOD-DATA-GROUP5.csv
Hubbard Squash Cooked,"hubbard squash cooked, dietary fiber",1,92.2,,,57.0,2.8,12.3,0.7,5.6,500.0,5.5,21.6,Group 5,FOOD-DATA-GROUP5.csv
Jalapeno Pepper,jalapeno pepper,1,76.0,,,4.0,0.1,0.9,0.0,0.6,28.0,0.4,1.6,Group 5,FOOD-DATA-GROUP5.csv
New Zealand Spinach Cooked,"new zealand spinach cooked, fresh raw vegetable, dietary fiber, folate, antioxidants",1,87.0,,,22.0,2.3,3.8,0.3,0.5,600.0,2.5,125.3,Group 5,FOOD-DATA-GROUP5.csv
Sesbania Flower Raw,sesbania flower raw,1,75.0,,,1.0,0.0,0.2,0.1,0.0,7.0,0.0,3.2,Group 5,FOOD-DATA-GROUP5.csv
Spirulina Dried,spirulina dried,1,80.8,,,20.0,4.0,1.7,0.5,0.2,31.0,0.3,17.6,Group 5,FOOD-DATA-GROUP5.csv
Chinese Cabbage Pe Tsai Cooked,"chinese cabbage pe tsai cooked, fresh raw vegetable, dietary fiber, folate, antioxidants",1,85.7,,,17.0,1.8,2.9,0.2,0.0,300.0,2.0,64.2,Group 5,FOOD-DATA-GROUP5.csv
Zucchini Cooked,zucchini cooked,1,85.3,,,27.0,2.1,4.8,0.6,3.1,77.0,1.8,65.6,Group 5,FOOD-DATA-GROUP5.csv
Green Olives Pickled,green olives pickled,3,57.1,,,4.0,0.1,0.1,0.4,0.1,100.0,0.1,0.8,Group 5,FOOD-DATA-GROUP5.csv
Lotus Root Raw,"lotus root raw, dietary fiber",1,98.0,,,85.0,3.0,19.8,0.1,0.0,60.0,5.6,132.2,Group 5,FOOD-DATA-GROUP5.csv
Grape Leaves,"grape leaves, fresh raw fruit, natural fruit sugars, plant dietary fiber, vitamin c",1,84.1,,,13.0,0.8,2.4,0.3,0.9,5.0,1.5,57.8,Group 5,FOOD-DATA-GROUP5.csv
Dill Pickled Cucumber,dill pickled cucumber,3,53.4,,,17.0,0.9,3.7,0.2,1.9,1300.0,1.6,68.1,Group 5,FOOD-DATA-GROUP5.csv
Skunk Cabbage,"skunk cabbage, fresh raw vegetable, dietary fiber, folate, antioxidants",1,84.5,,,11.0,1.5,1.8,0.1,0.0,16.0,1.2,79.4,Group 5,FOOD-DATA-GROUP5.csv
Banana Pepper,"banana pepper, fresh raw fruit, natural fruit sugars, plant dietary fiber, vitamin c",1,82.8,,,9.0,0.5,1.8,0.1,0.6,39.0,1.1,35.6,Group 5,FOOD-DATA-GROUP5.csv
Oriental Radish Raw,"oriental radish raw, dietary fiber",1,98.0,,,61.0,2.0,13.9,0.3,8.5,14.0,5.4,188.7,Group 5,FOOD-DATA-GROUP5.csv
Purslane Cooked,purslane cooked,1,82.9,,,21.0,1.7,4.1,0.2,0.0,300.0,0.0,108.7,Group 5,FOOD-DATA-GROUP5.csv
Rhubarb Raw,rhubarb raw,1,77.2,,,11.0,0.5,2.3,0.1,0.6,58.0,0.9,4.0,Group 5,FOOD-DATA-GROUP5.csv
Swamp Cabbage,"swamp cabbage, fresh raw vegetable, dietary fiber, folate, antioxidants",1,86.1,,,20.0,2.0,3.6,0.2,0.0,400.0,1.9,77.6,Group 5,FOOD-DATA-GROUP5.csv
Mung Bean Sprouts Raw,mung bean sprouts raw,1,76.0,,,6.0,0.6,1.2,0.0,0.8,80.0,0.4,2.4,Group 5,FOOD-DATA-GROUP5.csv
Onion Cooked,onion cooked,1,75.5,,,7.0,0.2,1.5,0.0,0.7,40.0,0.2,2.2,Group 5,FOOD-DATA-GROUP5.csv
Swiss Chard Raw,swiss chard raw,1,81.5,,,7.0,0.6,1.3,0.0,0.4,89.0,0.6,32.3,Group 5,FOOD-DATA-GROUP5.csv
Peas Raw,"peas raw, dietary fiber",1,98.0,,,117.0,7.9,21.0,0.6,8.2,17.0,7.4,133.3,Group 5,FOOD-DATA-GROUP5.csv
Cabbage Cooked,"cabbage cooked, fresh raw vegetable, dietary fiber, folate, antioxidants",1,87.2,,,35.0,1.9,8.3,0.0,4.2,11.0,2.9,13.6,Group 5,FOOD-DATA-GROUP5.csv
Taro Leaves Cooked,taro leaves cooked,1,94.3,,,35.0,3.9,5.6,0.6,0.0,300.0,2.9,190.9,Group 5,FOOD-DATA-GROUP5.csv
Leeks Cooked,leeks cooked,1,83.3,,,38.0,1.0,9.4,0.2,2.6,67.0,1.2,55.6,Group 5,FOOD-DATA-GROUP5.csv
Split Peas Cooked,"split peas cooked, dietary fiber, high protein",1,98.0,,,227.0,16.3,40.2,0.8,5.7,500.0,16.3,104.3,Group 5,FOOD-DATA-GROUP5.csv
Sweet Corn Yellow,sweet corn yellow,1,83.8,,,58.0,4.1,14.2,0.4,2.6,50.0,1.5,20.3,Group 5,FOOD-DATA-GROUP5.csv
Asparagus Raw,asparagus raw,1,75.8,,,2.0,0.3,0.5,0.0,0.2,47.0,0.3,1.3,Group 5,FOOD-DATA-GROUP5.csv
Collard Cooked,"collard cooked, dietary fiber",1,98.0,,,63.0,5.1,10.7,1.4,0.0,13.0,7.6,329.4,Group 5,FOOD-DATA-GROUP5.csv
Swiss Chard Cooked,"swiss chard cooked, dietary fiber",1,89.8,,,35.0,3.3,7.2,0.1,1.9,700.0,3.7,151.3,Group 5,FOOD-DATA-GROUP5.csv
Nopales Cooked,nopales cooked,1,98.0,,,22.0,2.0,4.9,0.0,1.7,87.0,3.0,263.0,Group 5,FOOD-DATA-GROUP5.csv
Tahitian Taro Cooked,tahitian taro cooked,1,91.5,,,60.0,5.7,9.4,0.9,0.0,400.0,0.0,274.3,Group 5,FOOD-DATA-GROUP5.csv
Chinese Cabbage Pak Choi Raw,"chinese cabbage pak choi raw, fresh raw vegetable, dietary fiber, folate, antioxidants",1,84.7,,,9.0,1.1,1.5,0.1,0.8,87.0,0.7,109.0,Group 5,FOOD-DATA-GROUP5.csv
Green Chili Pepper,green chili pepper,1,76.8,,,18.0,0.9,4.3,0.1,2.3,23.0,0.7,6.2,Group 5,FOOD-DATA-GROUP5.csv
Mountain Yam Raw,"mountain yam raw, dietary fiber",1,89.3,,,91.0,1.8,22.2,0.1,0.4,21.0,3.4,67.0,Group 5,FOOD-DATA-GROUP5.csv
Parsnips Cooked,"parsnips cooked, dietary fiber",1,95.0,,,114.0,2.1,27.2,0.5,7.7,21.0,6.4,36.6,Group 5,FOOD-DATA-GROUP5.csv
Tomato Stewed,"tomato stewed, fresh raw vegetable, dietary fiber, folate, antioxidants",3,64.2,,,97.0,2.4,16.1,3.3,0.0,600.0,2.1,24.1,Group 5,FOOD-DATA-GROUP5.csv
Sweet Green Peppers Cooked,sweet green peppers cooked,1,83.1,,,19.0,0.7,4.5,0.1,2.3,200.0,0.9,67.4,Group 5,FOOD-DATA-GROUP5.csv
White Corn Raw,"white corn raw, dietary fiber",1,91.4,,,143.0,5.3,31.6,2.0,5.3,88.0,4.5,44.0,Group 5,FOOD-DATA-GROUP5.csv
Rutabaga Raw,"rutabaga raw, dietary fiber",4,51.4,,,286.0,8.3,66.5,1.2,34.4,61.0,17.8,622.2,Group 5,FOOD-DATA-GROUP5.csv
Jalapeno Peppers Canned,"jalapeno peppers canned, dietary fiber",3,51.2,,,37.0,1.3,6.4,1.3,2.9,2300.0,3.5,60.0,Group 5,FOOD-DATA-GROUP5.csv
Pumpkin Canned,"pumpkin canned, dietary fiber",3,76.9,,,83.0,2.7,19.8,0.7,8.1,600.0,7.1,107.7,Group 5,FOOD-DATA-GROUP5.csv
Peas Onions Canned,peas onions canned,3,67.5,,,61.0,3.9,10.3,0.5,0.0,500.0,2.8,42.5,Group 5,FOOD-DATA-GROUP5.csv
Sweet Mashed Potato Canned,"sweet mashed potato canned, dietary fiber",3,74.8,,,258.0,5.0,59.1,0.5,13.9,200.0,4.3,162.1,Group 5,FOOD-DATA-GROUP5.csv
Hominy Canned,"hominy canned, dietary fiber",3,69.2,,,119.0,2.4,23.5,1.5,3.0,600.0,4.1,49.0,Group 5,FOOD-DATA-GROUP5.csv
Tomato Puree Canned,"tomato puree canned, fresh raw vegetable, dietary fiber, folate, antioxidants, dietary fiber",3,72.1,,,95.0,4.1,22.5,0.5,12.1,2.0,4.8,32.9,Group 5,FOOD-DATA-GROUP5.csv
Dried Tomatoes Canned In Oil,"dried tomatoes canned in oil, dried tomatoes canned in oil, pure extracted plant lipids",2,65.5,,,6.0,0.2,0.7,0.4,0.0,56.0,0.2,6.0,Group 5,FOOD-DATA-GROUP5.csv
Mixed Vegetables Canned,"mixed vegetables canned, dietary fiber",3,75.5,,,88.0,3.5,17.5,0.6,0.0,500.0,9.3,31.4,Group 5,FOOD-DATA-GROUP5.csv
Straw Mushrooms Canned,straw mushrooms canned,3,57.2,,,2.0,0.2,0.3,0.1,0.0,49.0,0.1,0.8,Group 5,FOOD-DATA-GROUP5.csv
Capers Canned,capers canned,3,57.8,,,2.0,0.2,0.4,0.1,0.0,200.0,0.3,4.9,Group 5,FOOD-DATA-GROUP5.csv
Red Peppers Canned,red peppers canned,3,57.3,,,15.0,0.7,3.7,0.1,2.4,900.0,0.9,60.4,Group 5,FOOD-DATA-GROUP5.csv
Carrots Canned,"carrots canned, dietary fiber",3,75.9,,,104.0,2.6,24.4,0.6,11.2,200.0,8.2,36.9,Group 5,FOOD-DATA-GROUP5.csv
Tomatoes In Tomato Juice Canned,"tomatoes in tomato juice canned, fresh raw vegetable, dietary fiber, folate, antioxidants",3,71.2,,,41.0,1.9,9.6,0.3,5.7,300.0,2.4,113.2,Group 5,FOOD-DATA-GROUP5.csv
Asparagus Canned,"asparagus canned, dietary fiber",3,78.4,,,62.0,7.4,10.2,0.7,4.1,100.0,4.1,154.4,Group 5,FOOD-DATA-GROUP5.csv
Sweet Red Peppers Canned,sweet red peppers canned,3,50.4,,,25.0,1.1,5.5,0.4,0.0,1900.0,1.7,132.3,Group 5,FOOD-DATA-GROUP5.csv
Onions Canned,onions canned,3,64.0,,,12.0,0.5,2.5,0.1,1.4,200.0,0.8,34.9,Group 5,FOOD-DATA-GROUP5.csv
Turnip Greens Canned,"turnip greens canned, fresh raw vegetable, dietary fiber, folate, antioxidants",3,74.4,,,27.0,2.0,4.0,0.4,0.6,82.0,1.9,202.7,Group 5,FOOD-DATA-GROUP5.csv
Hearts Of Palm,hearts of palm,1,82.0,,,9.0,0.8,1.5,0.2,0.0,100.0,0.8,26.0,Group 5,FOOD-DATA-GROUP5.csv
Spinach Canned,"spinach canned, fresh raw vegetable, dietary fiber, folate, antioxidants, dietary fiber",3,76.5,,,44.0,4.9,6.8,0.9,0.0,700.0,3.7,245.8,Group 5,FOOD-DATA-GROUP5.csv
Sweet Potato Canned,"sweet potato canned, dietary fiber",3,60.2,,,568.0,6.3,133.5,1.3,98.3,300.0,16.0,324.9,Group 5,FOOD-DATA-GROUP5.csv
Corn Canned,corn canned,3,65.5,,,49.0,1.6,11.1,0.6,3.3,200.0,1.4,14.8,Group 5,FOOD-DATA-GROUP5.csv
Peas Carrots Canned,"peas carrots canned, dietary fiber",3,72.7,,,97.0,5.5,21.6,0.7,7.2,700.0,8.4,36.7,Group 5,FOOD-DATA-GROUP5.csv
Crookneck Squash Canned,crookneck squash canned,3,69.2,,,27.0,1.3,6.2,0.1,2.5,6.0,2.9,42.9,Group 5,FOOD-DATA-GROUP5.csv
Tomatoes Canned,"tomatoes canned, fresh raw vegetable, dietary fiber, folate, antioxidants, dietary fiber",3,77.2,,,77.0,4.0,17.6,0.7,10.6,300.0,4.6,134.6,Group 5,FOOD-DATA-GROUP5.csv
Pimento Canned,"pimento canned, dietary fiber",3,78.2,,,44.0,2.1,9.8,0.6,5.2,6.0,3.6,193.8,Group 5,FOOD-DATA-GROUP5.csv
Sweet Green Peppers Canned,sweet green peppers canned,3,50.4,,,25.0,1.1,5.5,0.4,0.0,1900.0,1.7,132.3,Group 5,FOOD-DATA-GROUP5.csv
Peas Canned,peas canned,3,62.0,,,57.0,3.5,9.5,0.8,0.0,200.0,0.0,13.9,Group 5,FOOD-DATA-GROUP5.csv
Chili Peppers Canned,chili peppers canned,3,68.0,,,29.0,1.0,6.4,0.4,0.0,600.0,2.4,109.5,Group 5,FOOD-DATA-GROUP5.csv
Green Peppers Canned,green peppers canned,3,57.3,,,15.0,0.7,3.7,0.1,2.3,900.0,0.9,60.5,Group 5,FOOD-DATA-GROUP5.csv
Grape Leaves Canned,"grape leaves canned, fresh raw fruit, natural fruit sugars, plant dietary fiber, vitamin c",3,65.2,,,20.0,1.2,3.3,0.6,0.0,800.0,2.8,93.7,Group 5,FOOD-DATA-GROUP5.csv
Sauerkraut Canned,"sauerkraut canned, dietary fiber",3,64.8,,,27.0,1.3,6.1,0.2,2.5,900.0,4.1,12.1,Group 5,FOOD-DATA-GROUP5.csv
Beets Canned,beets canned,3,67.2,,,69.0,2.0,16.2,0.2,13.2,20.0,3.0,61.8,Group 5,FOOD-DATA-GROUP5.csv
Stewed Tomatoes Canned,"stewed tomatoes canned, fresh raw vegetable, dietary fiber, folate, antioxidants",3,65.5,,,66.0,2.3,15.8,0.5,9.0,600.0,2.6,21.7,Group 5,FOOD-DATA-GROUP5.csv
Tomato Paste Canned,"tomato paste canned, fresh raw vegetable, dietary fiber, folate, antioxidants, dietary fiber",3,48.9,,,215.0,11.3,49.5,1.2,31.9,2100.0,10.7,232.2,Group 5,FOOD-DATA-GROUP5.csv
Bacon Ranch Salad Mcdonalds,"bacon ranch salad mcdonalds, fresh raw vegetable, dietary fiber, folate, antioxidants, dietary fiber, high protein",3,81.8,,,389.0,28.1,19.4,20.1,4.9,900.0,3.2,250.3,Group 5,FOOD-DATA-GROUP5.csv
Caesar Salad With Grilled Chicken Mcdonalds,"caesar salad with grilled chicken mcdonalds, fresh poultry meat, protein amino acids, dietary fiber, high protein",1,98.0,,,201.0,29.1,11.3,5.6,4.8,600.0,3.3,271.9,Group 5,FOOD-DATA-GROUP5.csv
Caesar Salad Mcdonalds,"caesar salad mcdonalds, fresh raw vegetable, dietary fiber, folate, antioxidants, dietary fiber",1,98.0,,,94.0,6.8,9.1,4.4,4.4,200.0,3.4,238.2,Group 5,FOOD-DATA-GROUP5.csv
Vegetable Salad,"vegetable salad, fresh raw vegetable, dietary fiber, folate, antioxidants",1,80.3,,,22.0,1.7,4.4,0.1,0.0,25.0,0.0,56.9,Group 5,FOOD-DATA-GROUP5.csv
Vegetable Salad With Chicken,"vegetable salad with chicken, fresh poultry meat, protein amino acids",1,82.8,,,70.0,11.6,2.5,1.5,0.0,100.0,0.0,52.7,Group 5,FOOD-DATA-GROUP5.csv
Potato Salad,"potato salad, fresh raw vegetable, dietary fiber, folate, antioxidants, dietary fiber",1,79.6,,,358.0,6.7,27.9,20.5,0.0,1300.0,3.3,132.5,Group 5,FOOD-DATA-GROUP5.csv
Taco Salad Taco Bell,"taco salad taco bell, fresh raw vegetable, dietary fiber, folate, antioxidants, dietary fiber, high protein",4,53.9,,,906.0,35.7,80.5,48.9,0.0,1900.0,16.0,696.9,Group 5,FOOD-DATA-GROUP5.csv
Iceberg Lettuce,iceberg lettuce,1,76.8,,,8.0,0.5,1.7,0.0,1.1,22.0,0.7,3.1,Group 5,FOOD-DATA-GROUP5.csv
Cornsalad,"cornsalad, fresh raw vegetable, dietary fiber, folate, antioxidants",1,75.0,,,12.0,1.1,2.0,0.2,0.0,67.0,0.0,3.6,Group 5,FOOD-DATA-GROUP5.csv
Potato Salad With Egg,"potato salad with egg, fresh raw vegetable, dietary fiber, folate, antioxidants, dietary fiber",1,83.2,Eggs,,393.0,4.9,40.5,23.5,12.4,800.0,3.3,113.0,Group 5,FOOD-DATA-GROUP5.csv
Side Salad Mcdonalds,"side salad mcdonalds, fresh raw vegetable, dietary fiber, folate, antioxidants",1,83.5,,,17.0,0.9,3.7,0.2,1.9,37.0,1.4,41.4,Group 5,FOOD-DATA-GROUP5.csv
Caesar Salad With Crispy Chicken Mcdonalds,"caesar salad with crispy chicken mcdonalds, fresh poultry meat, protein amino acids, dietary fiber, high protein",1,98.0,,,349.0,25.7,19.2,16.4,4.5,700.0,3.4,285.9,Group 5,FOOD-DATA-GROUP5.csv
Grape Apple Salad With Walnuts,"grape apple salad with walnuts, fresh raw fruit, natural fruit sugars, plant dietary fiber, vitamin c, dietary fiber",1,83.2,,,191.0,3.5,25.6,8.2,20.3,87.0,3.6,119.4,Group 5,FOOD-DATA-GROUP5.csv
Vegetable Salad With Cheese Egg,"vegetable salad with cheese egg, pasteurized milk, cheese cultures, salt, enzymes",3,64.1,"Milk/Dairy, Eggs",,68.0,5.8,3.2,3.9,0.0,44.0,0.0,86.3,Group 5,FOOD-DATA-GROUP5.csv
Celtuce,celtuce,1,75.2,,,1.0,0.1,0.3,0.1,0.0,94.0,0.1,5.3,Group 5,FOOD-DATA-GROUP5.csv
Arugula,arugula,1,80.8,,,5.0,0.5,0.7,0.1,0.4,18.0,0.3,36.9,Group 5,FOOD-DATA-GROUP5.csv
Vegetable Salad With Shrimp,"vegetable salad with shrimp, fresh raw vegetable, dietary fiber, folate, antioxidants",1,82.5,Shellfish,,71.0,9.7,4.4,1.7,0.0,300.0,0.0,61.8,Group 5,FOOD-DATA-GROUP5.csv
Coleslaw,"coleslaw, dietary fiber",1,77.2,,,292.0,1.8,28.4,18.9,23.3,400.0,3.6,53.1,Group 5,FOOD-DATA-GROUP5.csv
Shiitake Mushrooms Cooked,shiitake mushrooms cooked,1,76.0,,,10.0,0.3,2.6,0.0,0.7,48.0,0.4,3.6,Group 5,FOOD-DATA-GROUP5.csv
Shiitake Mushrooms Raw,shiitake mushrooms raw,1,76.2,,,6.0,0.4,1.3,0.0,0.5,96.0,0.5,2.8,Group 5,FOOD-DATA-GROUP5.csv
Crimini Mushrooms,crimini mushrooms,1,75.2,,,1.0,0.2,0.3,0.0,0.1,86.0,0.1,0.7,Group 5,FOOD-DATA-GROUP5.csv
Mushrooms Raw,mushrooms raw,1,76.8,,,15.0,2.2,2.3,0.2,1.4,53.0,0.7,9.4,Group 5,FOOD-DATA-GROUP5.csv
Portabella Mushrooms Grilled,portabella mushrooms grilled,1,86.8,,,35.0,4.0,5.4,0.7,2.7,47.0,2.7,13.4,Group 5,FOOD-DATA-GROUP5.csv
Maitake Mushrooms,maitake mushrooms,1,75.1,,,0.0,0.0,0.1,0.0,0.0,59.0,0.0,0.4,Group 5,FOOD-DATA-GROUP5.csv
Shiitake Mushrooms Dried,shiitake mushrooms dried,1,76.0,,,11.0,0.3,2.7,0.1,0.0,86.0,0.4,4.0,Group 5,FOOD-DATA-GROUP5.csv
Chanterelle Mushrooms,chanterelle mushrooms,1,75.5,,,2.0,0.0,0.4,0.1,0.1,28.0,0.2,0.8,Group 5,FOOD-DATA-GROUP5.csv
Cloud Ear Fungus Dried,"cloud ear fungus dried, dietary fiber",1,96.9,,,80.0,2.6,20.4,0.2,0.0,36.0,19.6,88.9,Group 5,FOOD-DATA-GROUP5.csv
Mushrooms Cooked,"mushrooms cooked, dietary fiber",1,88.5,,,44.0,3.4,8.3,0.7,3.7,11.0,3.4,16.7,Group 5,FOOD-DATA-GROUP5.csv
Pepeao Dried,pepeao dried,1,80.0,,,72.0,1.2,19.4,0.1,0.0,72.0,0.0,22.1,Group 5,FOOD-DATA-GROUP5.csv
Truffles,truffles,1,80.8,,,61.0,0.7,5.4,4.1,4.6,34.0,0.3,29.6,Group 5,FOOD-DATA-GROUP5.csv
Jews Ear,jews ear,1,80.0,,,25.0,0.5,6.7,0.1,0.0,27.0,0.0,24.2,Group 5,FOOD-DATA-GROUP5.csv
Enoki Mushrooms,enoki mushrooms,1,75.2,,,1.0,0.1,0.2,0.1,0.0,84.0,0.1,0.4,Group 5,FOOD-DATA-GROUP5.csv
Morel Mushrooms,morel mushrooms,1,76.0,,,4.0,0.4,0.7,0.1,0.1,80.0,0.4,1.7,Group 5,FOOD-DATA-GROUP5.csv
Portabella Mushrooms Raw,portabella mushrooms raw,1,77.8,,,19.0,1.8,3.3,0.3,2.2,14.0,1.1,9.4,Group 5,FOOD-DATA-GROUP5.csv
Oyster Mushroom,oyster mushroom,1,75.8,Shellfish,,5.0,0.5,0.9,0.0,0.2,98.0,0.3,1.8,Group 5,FOOD-DATA-GROUP5.csv
Organic Rolled Oats,100% whole grain rolled oats,1,95.0,,,379.0,13.2,67.7,6.5,1.0,6.0,0.0,0.0,0.0,Existing Catalog
Fresh Wild Salmon Fillet,wild caught salmon fillet,1,96.0,Fish,,208.0,22.0,0.0,13.0,0.0,59.0,0.0,0.0,0.0,Existing Catalog
Raw Almonds,whole raw almonds,1,92.0,Tree Nuts,,579.0,21.2,21.6,49.9,4.4,1.0,0.0,0.0,0.0,Existing Catalog
Fresh Organic Spinach,raw organic spinach leaves,1,98.0,,,23.0,2.9,3.6,0.4,0.4,79.0,0.0,0.0,0.0,Existing Catalog
Organic Quinoa,100% organic white quinoa,1,94.0,,,368.0,14.1,64.2,6.1,1.5,5.0,0.0,0.0,0.0,Existing Catalog
Organic Chia Seeds,whole organic black chia seeds,1,96.0,,,486.0,16.5,42.1,30.7,0.0,16.0,0.0,0.0,0.0,Existing Catalog
Plain Greek Yogurt,"pasteurized skimmed milk, live active yogurt cultures",1,93.0,Lactose,,59.0,10.0,3.6,0.4,3.2,36.0,0.0,0.0,0.0,Existing Catalog
Fresh Blueberries,raw blueberries,1,97.0,,,57.0,0.7,14.5,0.3,10.0,1.0,0.0,0.0,0.0,Existing Catalog
Brown Basmati Rice,wholegrain brown basmati rice,1,91.0,,,353.0,7.5,77.2,2.7,0.8,4.0,0.0,0.0,0.0,Existing Catalog
Raw Walnuts,raw walnut halves,1,94.0,Tree Nuts,,654.0,15.2,13.7,65.2,2.6,2.0,0.0,0.0,0.0,Existing Catalog
Organic Eggs,fresh pasture raised organic whole eggs,1,95.0,Eggs,,143.0,12.6,0.7,9.5,0.4,142.0,0.0,0.0,0.0,Existing Catalog
Fresh Broccoli Florets,raw broccoli florets,1,97.0,,,34.0,2.8,6.6,0.4,1.7,33.0,0.0,0.0,0.0,Existing Catalog
Raw Flaxseeds,whole brown organic flaxseeds,1,95.0,,,534.0,18.3,28.9,42.2,1.6,30.0,0.0,0.0,0.0,Existing Catalog
Green Lentils,dried whole green lentils,1,94.0,,,353.0,24.6,63.4,1.1,2.0,6.0,0.0,0.0,0.0,Existing Catalog
Chickpeas,dried raw kabuli chickpeas,1,93.0,,,378.0,20.5,63.0,6.0,10.7,24.0,0.0,0.0,0.0,Existing Catalog
Extra Virgin Olive Oil,cold pressed extra virgin olive oil,2,90.0,,,884.0,0.0,0.0,100.0,0.0,2.0,0.0,0.0,0.0,Existing Catalog
Pure Canadian Maple Syrup,100% pure maple syrup,2,72.0,,,260.0,0.0,67.0,0.1,60.5,12.0,0.0,0.0,0.0,Existing Catalog
Grass-Fed Unsalted Butter,pasteurized sweet cream,2,74.0,Lactose,,717.0,0.9,0.1,81.1,0.1,11.0,0.0,0.0,0.0,Existing Catalog
Organic Coconut Oil,cold-pressed virgin coconut oil,2,78.0,,,862.0,0.0,0.0,100.0,0.0,0.0,0.0,0.0,0.0,Existing Catalog
Natural Sea Salt,evaporated natural sea salt,2,65.0,,,0.0,0.0,0.0,0.0,0.0,38758.0,0.0,0.0,0.0,Existing Catalog
Organic Apple Cider Vinegar,"raw organic apple cider vinegar, naturally fermented",2,88.0,,,22.0,0.0,0.9,0.0,0.4,5.0,0.0,0.0,0.0,Existing Catalog
Raw Unfiltered Honey,100% pure raw honey,2,70.0,,,304.0,0.3,82.4,0.0,82.1,4.0,0.0,0.0,0.0,Existing Catalog
Pure Cane Sugar,crystallized cane sugar juice,2,55.0,,,387.0,0.0,100.0,0.0,100.0,1.0,0.0,0.0,0.0,Existing Catalog
Organic Sunflower Oil,cold pressed sunflower seed oil,2,75.0,,,884.0,0.0,0.0,100.0,0.0,0.0,0.0,0.0,0.0,Existing Catalog
Canned Chickpeas in Brine,"chickpeas, water, sea salt",3,86.0,,,139.0,7.0,20.0,2.1,0.8,320.0,0.0,0.0,0.0,Existing Catalog
Canned Wild Tuna in Olive Oil,"skipjack tuna, extra virgin olive oil, sea salt",3,88.0,Fish,,198.0,26.5,0.0,10.2,0.0,380.0,0.0,0.0,0.0,Existing Catalog
Traditional Sourdough Bread,"wheat flour, water, wild sourdough starter culture, sea salt",3,82.0,Gluten,,245.0,8.5,49.0,1.2,1.5,460.0,0.0,0.0,0.0,Existing Catalog
Aged Cheddar Cheese,"cultured milk, salt, vegetarian enzymes",3,76.0,Lactose,,403.0,24.9,1.3,33.1,0.5,621.0,0.0,0.0,0.0,Existing Catalog
Canned Diced Tomatoes with Basil,"peeled tomatoes, tomato juice, sea salt, dried basil, citric acid",3,85.0,,E330,32.0,1.2,5.1,0.2,3.2,210.0,0.0,0.0,0.0,Existing Catalog
Kalamata Olives in Brine,"kalamata olives, water, sea salt, red wine vinegar",3,80.0,,,235.0,1.5,3.8,24.0,0.0,780.0,0.0,0.0,0.0,Existing Catalog
Smoked Salmon,"atlantic salmon, salt, natural wood smoke",3,83.0,Fish,,117.0,18.3,0.0,4.3,0.0,670.0,0.0,0.0,0.0,Existing Catalog
Fresh Mozzarella Ball,"pasteurized whole milk, salt, lactic cultures, rennet",3,79.0,Lactose,,280.0,22.0,2.2,21.0,1.0,430.0,0.0,0.0,0.0,Existing Catalog
Canned Black Beans,"black beans, water, sea salt",3,87.0,,,132.0,8.9,23.7,0.5,0.3,290.0,0.0,0.0,0.0,Existing Catalog
Naturally Fermented Sauerkraut,"cabbage, sea salt, water",3,92.0,,,19.0,0.9,4.3,0.1,1.8,660.0,0.0,0.0,0.0,Existing Catalog
Diet Cola Soda,"carbonated water, caramel color, phosphoric acid, aspartame, potassium benzoate, natural flavors, acesulfame potassium, caffeine, citric acid",4,18.0,,E150d E951 E212 E950 E330,1.0,0.0,0.1,0.0,0.0,35.0,0.0,0.0,0.0,Existing Catalog
Sugary Fruit Loop Cereal,"corn flour blend, sugar, whole grain wheat flour, modified corn starch, hydrogenated soybean oil, salt, red 40, yellow 5, blue 1, artificial flavor, BHT",4,24.0,Gluten Soy,E129 E102 E133 E321,390.0,5.0,86.0,3.5,38.0,480.0,0.0,0.0,0.0,Existing Catalog
Instant Ramen Noodles Spicy Chicken,"enriched wheat flour, palm oil, salt, monosodium glutamate, disodium inosinate, disodium guanylate, artificial flavor, caramel color, sodium carbonate, TBHQ",4,22.0,Gluten Soy,E621 E631 E627 E150d E319,460.0,9.0,62.0,19.0,2.0,1820.0,0.0,0.0,0.0,Existing Catalog
Cheesy Puffs Snack Chips,"corn meal, vegetable oil, palm oil, whey, cheddar cheese, maltodextrin, artificial cheese flavor, yellow 6, monosodium glutamate, lactic acid",4,20.0,Lactose,E110 E621 E270,540.0,5.5,58.0,32.0,4.0,890.0,0.0,0.0,0.0,Existing Catalog
Packaged Chocolate Cream Sandwich Cookies,"sugar, unbleached enriched flour, palm oil, soybean oil, cocoa, high fructose corn syrup, leavening, salt, soy lecithin, artificial flavor, vanillin",4,25.0,Gluten Soy,E322,480.0,4.0,70.0,20.0,42.0,370.0,0.0,0.0,0.0,Existing Catalog
Processed American Cheese Slices,"milk, whey, water, milkfat, sodium citrate, calcium phosphate, salt, yellow 5, yellow 6, sorbic acid, enzymes",4,30.0,Lactose,E331 E341 E102 E110 E200,340.0,17.0,6.0,27.0,5.0,1350.0,0.0,0.0,0.0,Existing Catalog
Energy Drink Tropical Citrus,"carbonated water, high fructose corn syrup, taurine, citric acid, sodium citrate, artificial flavor, panax ginseng extract, potassium sorbate, sodium benzoate, caffeine, sucralose, yellow 5",4,21.0,,E330 E331 E202 E211 E955 E102,48.0,0.0,12.0,0.0,12.0,80.0,0.0,0.0,0.0,Existing Catalog
Commercial Strawberry Pop Pastry,"enriched flour, high fructose corn syrup, dextrose, soybean oil, palm oil, bleached wheat flour, sugar, dried strawberries, salt, leavening, gelatine, modified wheat starch, red 40, yellow 6, blue 1",4,19.0,Gluten,E129 E110 E133,385.0,4.0,73.0,9.5,31.0,390.0,0.0,0.0,0.0,Existing Catalog
Processed Hot Dog Frankfurters,"mechanically separated chicken, pork, water, corn syrup, modified food starch, salt, sodium lactate, potassium chloride, sodium phosphates, sodium diacetate, sodium erythorbate, sodium nitrite",4,23.0,,E325 E452 E262 E316 E250,290.0,11.0,4.0,25.0,2.0,980.0,0.0,0.0,0.0,Existing Catalog
Marshmallow Gummy Candies,"corn syrup, sugar, modified food starch, dextrose, gelatin, citric acid, artificial flavors, mineral oil, carnauba wax, red 40, yellow 5, blue 1",4,15.0,,E330 E903 E129 E102 E133,340.0,3.0,82.0,0.2,56.0,85.0,0.0,0.0,0.0,Existing Catalog
Frozen Pepperoni Pizza,"enriched wheat flour, water, soybean oil, palm oil, yeast, dextrose, low moisture mozzarella cheese, pepperoni, pork, beef, salt, sodium nitrite, BHA, BHT, tomato paste, high fructose corn syrup, modified corn starch, artificial flavor",4,28.0,Gluten Lactose,E250 E320 E321,280.0,12.0,32.0,12.0,4.0,680.0,0.0,0.0,0.0,Existing Catalog
Artificially Sweetened Fruit Gelatin,"water, gelatin, adipic acid, sodium citrate, aspartame, maltodextrin, disodium phosphate, fumaric acid, artificial flavor, red 40",4,32.0,,E355 E331 E951 E339 E297 E129,10.0,1.0,0.0,0.0,0.0,55.0,0.0,0.0,0.0,Existing Catalog
Organic Spelt Flakes,100% whole grain organic spelt,1,92.0,Gluten,,342.0,12.0,65.0,2.5,2.0,8.0,0.0,0.0,0.0,Existing Catalog
Fresh Avocado,fresh hass avocado,1,96.0,,,160.0,2.0,8.5,14.7,0.7,7.0,0.0,0.0,0.0,Existing Catalog
Fresh Apples,fresh gala apples,1,95.0,,,52.0,0.3,13.8,0.2,10.4,1.0,0.0,0.0,0.0,Existing Catalog
Canned Sardines in Olive Oil,"wild sardines, olive oil, sea salt",3,89.0,Fish,,208.0,24.6,0.0,11.5,0.0,390.0,0.0,0.0,0.0,Existing Catalog
Organic Raw Pumpkin Seeds,raw pumpkin seeds,1,94.0,,,559.0,30.2,10.7,49.1,1.4,7.0,0.0,0.0,0.0,Existing Catalog
Vanilla Flavored Protein Bar,"whey protein isolate, milk protein isolate, isomalto-oligosaccharides, erythritol, palm kernel oil, sucralose, sunflower lecithin, natural flavor",4,58.0,Lactose,E968 E955 E322,210.0,21.0,22.0,7.0,1.0,190.0,0.0,0.0,0.0,Existing Catalog
Pure Coconut Milk,"coconut extract, water, guar gum",3,80.0,,E412,185.0,1.6,2.8,19.0,1.9,15.0,0.0,0.0,0.0,Existing Catalog
Sweetened Condensed Milk,"milk, sugar",4,48.0,Lactose,,321.0,7.9,54.4,8.7,54.4,127.0,0.0,0.0,0.0,Existing Catalog
Corn Tortilla Chips with Sea Salt,"whole corn, sunflower oil, sea salt",3,78.0,,,480.0,6.0,66.0,22.0,0.5,180.0,0.0,0.0,0.0,Existing Catalog
Ultra Processed Chocolate Hazelnut Spread,"sugar, palm oil, hazelnuts, skimmed milk powder, fat-reduced cocoa, soy lecithin, vanillin artificial flavor",4,33.0,Tree Nuts Lactose Soy,E322,539.0,6.3,57.5,30.9,56.3,42.0,0.0,0.0,0.0,Existing Catalog
Artisan Sourdough Rye,"whole grain rye flour, water, sourdough culture, salt",3,86.0,Gluten,,220.0,7.0,45.0,1.1,1.0,420.0,0.0,0.0,0.0,Existing Catalog
Fresh Garlic Cloves,raw garlic cloves,1,98.0,,,149.0,6.4,33.1,0.5,1.0,17.0,0.0,0.0,0.0,Existing Catalog
Natural Peanut Butter,"dry roasted peanuts, sea salt",3,88.0,Peanuts,,588.0,25.0,20.0,50.0,3.0,150.0,0.0,0.0,0.0,Existing Catalog
Commercial Skippy-Style Peanut Butter,"roasted peanuts, sugar, hydrogenated vegetable oil, cottonseed oil, soybean oil, salt",4,45.0,Peanuts Soy,,594.0,22.0,24.0,51.0,9.0,430.0,0.0,0.0,0.0,Existing Catalog
Fresh Raw Blue Crab,wild raw blue crab meat,1,95.0,Shellfish,,87.0,18.1,0.0,1.1,0.0,293.0,0.0,0.0,0.0,Existing Catalog
Steamed Edamame in Pods,"young green soybeans, sea salt",1,92.0,Soy,,121.0,11.9,8.9,5.2,2.2,6.0,0.0,0.0,0.0,Existing Catalog
Plain Kefir Fermented Milk,"cultured pasteurized whole milk, active kefir cultures",1,93.0,Lactose,,61.0,3.5,4.7,3.3,4.7,40.0,0.0,0.0,0.0,Existing Catalog
Organic Rolled Barley,100% whole grain rolled barley flakes,1,91.0,Gluten,,352.0,10.0,73.0,2.3,1.2,5.0,0.0,0.0,0.0,Existing Catalog
Cold Brew Unsweetened Black Coffee,"filtered water, 100% arabica coffee",1,97.0,,,2.0,0.1,0.0,0.0,0.0,5.0,0.0,0.0,0.0,Existing Catalog
Green Tea Matcha Powder,100% organic Japanese green tea leaves,1,98.0,,,324.0,29.6,38.5,5.3,0.0,60.0,0.0,0.0,0.0,Existing Catalog
Canned Wild Salmon Pink,"pink salmon, salt",3,91.0,Fish,,139.0,22.0,0.0,5.5,0.0,410.0,0.0,0.0,0.0,Existing Catalog
Fresh Hass Avocado Dip,"avocados, lime juice, sea salt, fresh cilantro, fresh garlic",3,90.0,,,150.0,1.8,7.0,14.0,0.8,210.0,0.0,0.0,0.0,Existing Catalog
Sweetened Fruit Yogurt,"pasteurized milk, sugar, modified corn starch, strawberries, carmine color, potassium sorbate, pectin, natural flavor",4,50.0,Lactose,E120 E202 E440,105.0,3.8,18.0,1.5,15.0,55.0,0.0,0.0,0.0,Existing Catalog
Organic Raw Cacao Nibs,100% organic crushed raw cacao beans,1,94.0,,,600.0,14.0,30.0,50.0,0.0,0.0,0.0,0.0,0.0,Existing Catalog
Raw Sunflower Seeds,raw hulled sunflower seeds,1,92.0,,,584.0,20.8,20.0,51.5,2.6,9.0,0.0,0.0,0.0,Existing Catalog
Packaged White Sandwich Bread,"enriched unbleached flour, water, high fructose corn syrup, soybean oil, salt, monoglycerides, calcium propionate, azodicarbonamide, datem, enzymes",4,35.0,Gluten Soy,E282 E927a E472e,265.0,8.0,49.0,3.2,5.0,490.0,0.0,0.0,0.0,Existing Catalog
Crispy Potato Chips,"potatoes, vegetable oil, sunflower oil, sea salt",3,68.0,,,536.0,7.0,53.0,34.0,0.3,460.0,0.0,0.0,0.0,Existing Catalog
Barbecue Flavored Potato Chips,"potatoes, vegetable oil, sugar, dextrose, salt, onion powder, torula yeast, monosodium glutamate, paprika, artificial smoke flavor, yellow 6, red 40",4,26.0,,E621 E110 E129,540.0,6.0,56.0,33.0,7.0,780.0,0.0,0.0,0.0,Existing Catalog
Roasted Salted Cashews,"cashews, sea salt, peanut oil",3,84.0,Tree Nuts Peanuts,,574.0,15.3,32.7,46.4,5.0,260.0,0.0,0.0,0.0,Existing Catalog
Plain Tofu Firm,"water, organic non-GMO soybeans, calcium sulfate",1,92.0,Soy,,83.0,10.0,2.3,5.3,0.4,12.0,0.0,0.0,0.0,Existing Catalog
Canned Organic Black Eyed Peas,"organic black eyed peas, water, sea salt",3,88.0,,,116.0,7.7,21.0,0.6,0.5,280.0,0.0,0.0,0.0,Existing Catalog
Commercial Tomato Ketchup,"tomato concentrate, distilled vinegar, high fructose corn syrup, corn syrup, salt, spice, onion powder, natural flavoring",4,36.0,,,112.0,1.3,27.0,0.1,22.0,910.0,0.0,0.0,0.0,Existing Catalog
Organic Mustard Traditional,"distilled vinegar, water, mustard seed, sea salt, turmeric, paprika, spices",3,88.0,Mustard,,66.0,4.4,5.8,3.4,0.9,1120.0,0.0,0.0,0.0,Existing Catalog
Real Mayonnaise,"soybean oil, water, whole eggs, egg yolks, distilled vinegar, salt, sugar, lemon juice concentrate, calcium disodium EDTA",4,52.0,Eggs Soy,E385,680.0,1.0,1.0,75.0,1.0,480.0,0.0,0.0,0.0,Existing Catalog
Pecan Nuts Halves,raw whole pecans,1,93.0,Tree Nuts,,691.0,9.2,13.9,72.0,4.0,0.0,0.0,0.0,0.0,Existing Catalog
Natural Dark Chocolate 85%,"cocoa mass, cocoa butter, raw cane sugar, vanilla bourbon bean",3,82.0,,,580.0,9.0,22.0,52.0,14.0,20.0,0.0,0.0,0.0,Existing Catalog
Commercial Milk Chocolate Bar,"sugar, milk, cocoa butter, chocolate, soy lecithin, PGPR, artificial flavor",4,38.0,Lactose Soy,E322 E476,535.0,7.6,59.0,30.0,54.0,85.0,0.0,0.0,0.0,Existing Catalog
Organic Sprouted Grain Bread,"organic sprouted wheat, filtered water, organic sprouted barley, organic sprouted millet, organic malted barley, organic sprouted spelt, sea salt, yeast",3,88.0,Gluten,,190.0,11.0,34.0,1.5,0.0,320.0,0.0,0.0,0.0,Existing Catalog
Instant Cream of Wheat Sweetened,"wheat farina, sugar, natural and artificial flavors, salt, calcium carbonate, ferric orthophosphate, sucralose",4,45.0,Gluten,E955,360.0,9.0,78.0,1.0,22.0,310.0,0.0,0.0,0.0,Existing Catalog
Raw Hemp Hearts,shelled hemp seeds,1,95.0,,,553.0,31.6,8.7,48.8,1.5,5.0,0.0,0.0,0.0,Existing Catalog
Sparkling Mineral Water,natural sparkling mineral water,1,100.0,,,0.0,0.0,0.0,0.0,0.0,12.0,0.0,0.0,0.0,Existing Catalog
Unsweetened Almond Milk,"filtered water, almonds, calcium carbonate, sea salt, potassium citrate, sunflower lecithin, gellan gum",3,82.0,Tree Nuts,,15.0,0.5,0.3,1.2,0.0,170.0,0.0,0.0,0.0,Existing Catalog
Sweetened Vanilla Almond Milk,"filtered water, almonds, cane sugar, calcium carbonate, natural vanilla flavor, sea salt, dipotassium phosphate, sunflower lecithin, gellan gum",4,62.0,Tree Nuts,,38.0,0.5,6.5,1.1,6.0,150.0,0.0,0.0,0.0,Existing Catalog
Canned Sweet Corn,"sweet corn, water, sea salt",3,84.0,,,86.0,3.2,19.0,1.2,3.2,210.0,0.0,0.0,0.0,Existing Catalog
Fresh Carrot Sticks,fresh sliced raw carrots,1,97.0,,,41.0,0.9,9.6,0.2,4.7,69.0,0.0,0.0,0.0,Existing Catalog
Fresh Celery Sticks,fresh crisp raw celery,1,98.0,Celery,,16.0,0.7,3.0,0.2,1.3,80.0,0.0,0.0,0.0,Existing Catalog
Organic Dried Figs,sun-dried organic mission figs,1,88.0,,,249.0,3.3,63.9,0.9,47.9,10.0,0.0,0.0,0.0,Existing Catalog
Dried Cranberries Sweetened,"cranberries, sugar, sunflower oil",3,68.0,,,308.0,0.2,82.4,1.4,65.0,3.0,0.0,0.0,0.0,Existing Catalog
Chewing Gum Peppermint Sugar Free,"sorbitol, gum base, xylitol, glycerin, natural and artificial flavors, mannitol, aspartame, acesulfame potassium, BHT, blue 1 lake",4,22.0,,E420 E967 E422 E421 E951 E950 E321 E133,160.0,0.0,72.0,0.0,0.0,0.0,0.0,0.0,0.0,Existing Catalog
Organic Tahini Sesame Paste,100% stone ground organic sesame seeds,1,93.0,Sesame,,595.0,17.0,21.2,53.8,0.5,115.0,0.0,0.0,0.0,Existing Catalog
Extra Lean Ground Turkey 99%,"raw white meat turkey breast, rosemary extract",1,96.0,,,112.0,26.0,0.0,1.0,0.0,70.0,0.0,0.0,0.0,Existing Catalog
Smoked Bacon Cured,"pork, water, salt, sugar, sodium phosphate, sodium erythorbate, sodium nitrite",4,30.0,,E452 E316 E250,541.0,37.0,1.4,42.0,1.1,1710.0,0.0,0.0,0.0,Existing Catalog
Dry Roasted Edamame Snack,"green soybeans, sea salt, wasabi powder",3,89.0,Soy,,430.0,40.0,30.0,15.0,3.0,240.0,0.0,0.0,0.0,Existing Catalog
Instant Miso Soup Packet,"miso powder, soybeans, rice, salt, tofu, seaweed, green onion, monosodium glutamate, disodium inosinate",4,55.0,Soy,E621 E631,330.0,22.0,35.0,10.0,8.0,3900.0,0.0,0.0,0.0,Existing Catalog
Artisan Fresh Pesto Sauce,"fresh basil, extra virgin olive oil, parmesan cheese, pine nuts, fresh garlic, sea salt",3,84.0,Lactose Tree Nuts,,450.0,8.0,4.0,46.0,1.0,520.0,0.0,0.0,0.0,Existing Catalog
Canned Chickpea Hummus,"cooked chickpeas, tahini sesame paste, water, cold pressed olive oil, lemon juice, sea salt, garlic",3,88.0,Sesame,,166.0,7.9,14.3,9.6,0.3,380.0,0.0,0.0,0.0,Existing Catalog
Frozen Cauliflower Rice,100% frozen riced cauliflower,1,97.0,,,25.0,1.9,5.0,0.3,1.9,30.0,0.0,0.0,0.0,Existing Catalog
Cheddar Flavored Snack Crackers,"enriched wheat flour, vegetable oils, cheddar cheese, salt, autolyzed yeast extract, baking soda, paprika, spices, annatto, monocalcium phosphate",4,46.0,Gluten Lactose,E160b E341,500.0,10.0,60.0,23.0,0.0,920.0,0.0,0.0,0.0,Existing Catalog
Gluten Free Rolled Oats,certified gluten-free whole rolled oats,1,95.0,,,379.0,13.2,67.7,6.5,1.0,6.0,0.0,0.0,0.0,Existing Catalog
Fresh Organic Kale,raw organic curly kale leaves,1,98.0,,,49.0,4.3,8.8,0.9,2.3,38.0,0.0,0.0,0.0,Existing Catalog
Fresh Medjool Dates,raw pitted medjool dates,1,88.0,,,277.0,1.8,75.0,0.2,66.5,1.0,0.0,0.0,0.0,Existing Catalog
Canned Lentil Vegetable Soup,"water, lentils, carrots, celery, tomato paste, onions, spinach, extra virgin olive oil, sea salt, garlic, bay leaf",3,86.0,Celery,,75.0,4.5,12.0,1.2,1.8,310.0,0.0,0.0,0.0,Existing Catalog
Unsweetened Coconut Flakes,dried shredded unsweetened coconut,1,88.0,,,660.0,6.9,23.7,64.5,7.4,37.0,0.0,0.0,0.0,Existing Catalog
Glazed Doughnut,"enriched wheat flour, sugar, palm oil, water, dextrose, soy flour, whey, sodium acid pyrophosphate, baking soda, mono- and diglycerides, artificial flavor, titanium dioxide, potassium sorbate",4,16.0,Gluten Lactose Soy,E450 E500 E471 E171 E202,420.0,4.0,52.0,22.0,27.0,330.0,0.0,0.0,0.0,Existing Catalog
Multigrain Seed Crackers,"brown rice flour, sesame seeds, flax seeds, quinoa, sea salt, tamari soy sauce",3,86.0,Sesame Soy,,450.0,11.0,68.0,14.0,1.0,410.0,0.0,0.0,0.0,Existing Catalog
Fresh Atlantic Salmon Burger,"fresh ground atlantic salmon, sea salt, black pepper, rosemary extract",1,94.0,Fish,,190.0,20.0,0.0,12.0,0.0,280.0,0.0,0.0,0.0,Existing Catalog
Sweetened Iced Tea Bottle,"brewed black tea, high fructose corn syrup, citric acid, natural flavors, caramel color",4,30.0,,E330 E150d,38.0,0.0,9.5,0.0,9.0,10.0,0.0,0.0,0.0,Existing Catalog
Unsweetened Pure Green Tea,"brewed green tea, ascorbic acid",1,98.0,,E300,1.0,0.0,0.0,0.0,0.0,5.0,0.0,0.0,0.0,Existing Catalog
Organic Raw Cashew Butter,100% organic dry roasted cashew nuts,1,92.0,Tree Nuts,,587.0,18.2,27.6,48.8,5.0,15.0,0.0,0.0,0.0,Existing Catalog
Organic Raw Sauerkraut,"organic raw cabbage, filtered water, sea salt, microbial cultures",1,94.0,,,18.0,1.0,4.0,0.1,1.5,580.0,0.0,0.0,0.0,Existing Catalog
Pitted Kalamata Olives,"olives, water, red wine vinegar, salt, extra virgin olive oil",3,82.0,,,240.0,1.4,4.0,25.0,0.0,810.0,0.0,0.0,0.0,Existing Catalog
Organic Black Chia Pudding,"almond milk, organic chia seeds, raw cacao, pure vanilla extract, cinnamon",1,94.0,Tree Nuts,,180.0,6.0,16.0,11.0,1.5,95.0,0.0,0.0,0.0,Existing Catalog
Crisp Bread Rye Wafers,"whole grain rye flour, salt, yeast",3,88.0,Gluten,,330.0,9.0,65.0,1.5,1.0,380.0,0.0,0.0,0.0,Existing Catalog
Organic Dried Apricots,organic sun-dried unsulfured apricots,1,89.0,,,241.0,3.4,62.6,0.5,53.4,10.0,0.0,0.0,0.0,Existing Catalog
Sulfured Dried Apricots,"dried apricots, sulfur dioxide preservative",3,76.0,,E220,241.0,3.4,62.6,0.5,53.4,10.0,0.0,0.0,0.0,Existing Catalog
Raw Brazil Nuts,whole raw brazil nuts,1,93.0,Tree Nuts,,659.0,14.3,12.3,67.1,2.3,3.0,0.0,0.0,0.0,Existing Catalog
Organic Tempeh,"organic fermented soybeans, water, rhizopus culture",1,93.0,Soy,,192.0,20.3,7.6,10.8,0.0,9.0,0.0,0.0,0.0,Existing Catalog
Creamy Ranch Salad Dressing,"soybean oil, water, egg yolk, buttermilk, vinegar, sugar, salt, garlic powder, onion powder, phosphoric acid, xanthan gum, monosodium glutamate, disodium inosinate, sorbic acid, calcium disodium EDTA",4,32.0,Eggs Lactose Soy,E338 E415 E621 E631 E200 E385,450.0,1.0,6.0,48.0,3.0,1050.0,0.0,0.0,0.0,Existing Catalog
Whole Wheat Tortilla Wraps,"whole wheat flour, water, canola oil, sea salt, baking powder, yeast",3,80.0,Gluten,,280.0,8.0,46.0,7.0,1.0,420.0,0.0,0.0,0.0,Existing Catalog
Refined White Tortilla Wraps,"bleached enriched wheat flour, water, palm oil, hydrogenated cottonseed oil, salt, sodium bicarbonate, sodium aluminum phosphate, mono- and diglycerides, calcium propionate, potassium sorbate, fumaric acid, l-cysteine",4,34.0,Gluten,E500 E541 E471 E282 E202 E297 E920,310.0,7.0,52.0,8.0,1.0,620.0,0.0,0.0,0.0,Existing Catalog
Organic Coconut Aminos,"organic coconut blossom sap, sea salt",2,86.0,,,140.0,0.0,35.0,0.0,30.0,1200.0,0.0,0.0,0.0,Existing Catalog
Commercial Soy Sauce,"water, hydrolyzed soy protein, corn syrup, salt, caramel color, sodium benzoate, potassium sorbate",4,40.0,Soy,E150d E211 E202,53.0,6.0,7.0,0.0,4.0,5490.0,0.0,0.0,0.0,Existing Catalog
Pure Spirulina Powder,100% organic spirulina platensis microalgae powder,1,98.0,,,290.0,57.5,23.9,7.7,3.1,1048.0,0.0,0.0,0.0,Existing Catalog
Organic Dried Mango Unsweetened,100% organic ripe dried mango slices,1,88.0,,,319.0,2.5,78.5,1.2,60.0,15.0,0.0,0.0,0.0,Existing Catalog
Sweetened Dried Mango with Preservatives,"mangoes, cane sugar, citric acid, sodium metabisulfite, artificial yellow 5",4,30.0,,E330 E223 E102,360.0,1.0,88.0,0.5,72.0,180.0,0.0,0.0,0.0,Existing Catalog
Raw Pistachio Kernels,raw shelled unsalted pistachio nuts,1,94.0,Tree Nuts,,562.0,20.3,27.5,45.3,7.7,1.0,0.0,0.0,0.0,Existing Catalog
Canned Artichoke Hearts in Water,"artichoke hearts, water, salt, citric acid, ascorbic acid",3,86.0,,E330 E300,35.0,2.0,7.0,0.2,1.0,290.0,0.0,0.0,0.0,Existing Catalog
Plain Cottage Cheese 2%,"cultured skimmed milk, cream, salt, vitamin A palmitate",3,84.0,Lactose,,81.0,11.0,4.0,2.3,3.0,360.0,0.0,0.0,0.0,Existing Catalog
Movie Theater Butter Microwave Popcorn,"whole grain corn, palm oil, salt, natural and artificial flavor, color added, yellow 5, yellow 6, TBHQ, citric acid",4,33.0,,E102 E110 E319 E330,510.0,7.0,54.0,30.0,0.0,980.0,0.0,0.0,0.0,Existing Catalog
Pure Maple Sugar,100% dehydrated pure maple syrup crystals,2,72.0,,,360.0,0.0,90.0,0.0,85.0,15.0,0.0,0.0,0.0,Existing Catalog
Unsweetened Pure Cocoa Powder,100% Dutch-processed pure unsweetened cocoa powder,1,90.0,,,228.0,19.6,57.9,13.7,1.8,21.0,0.0,0.0,0.0,Existing Catalog
Commercial Hot Cocoa Mix,"sugar, corn syrup, modified whey, cocoa, hydrogenated coconut oil, nonfat milk, salt, dipotassium phosphate, mono- and diglycerides, artificial flavor, carrageenan",4,30.0,Lactose,E340 E471 E407,410.0,4.0,82.0,8.0,68.0,460.0,0.0,0.0,0.0,Existing Catalog
Organic Grass-Fed Ghee,clarified organic butter oil,2,78.0,Lactose,,884.0,0.0,0.0,100.0,0.0,0.0,0.0,0.0,0.0,Existing Catalog
Instant Garlic Mashed Potatoes,"dehydrated potatoes, mono and diglycerides, sodium acid pyrophosphate, citric acid, palm oil, maltodextrin, salt, nonfat milk, artificial flavor, dipotassium phosphate, yellow 5, BHT",4,28.0,Lactose,E471 E450 E330 E340 E102 E321,370.0,7.0,76.0,4.0,3.0,1320.0,0.0,0.0,0.0,Existing Catalog
Fresh Idaho Russet Potatoes,fresh whole unpeeled russet potatoes,1,94.0,,,79.0,2.1,18.0,0.1,0.6,6.0,0.0,0.0,0.0,Existing Catalog
